sample_id,timestamp,latitude,longitude,depth_m,temperature_c,salinity_psu,oxygen_umol_kg,shannon_diversity
TARA_E500000094,2009-11-18 08:41:00+00:00,42.2038,17.715,5.0,17.211742,38.22805,221.782083,6.583423185
TARA_E500000095,2009-11-18 08:41:00+00:00,42.2038,17.715,5.0,17.211742,38.22805,221.782083,6.583423185
TARA_E500000096,2009-11-18 08:41:00+00:00,42.2038,17.715,5.0,17.211742,38.22805,221.782083,6.583423185
TARA_E500000097,2009-11-18 08:41:00+00:00,42.2038,17.715,5.0,17.211742,38.22805,221.782083,6.583423185
TARA_E500000098,2009-11-18 08:41:00+00:00,42.2038,17.715,5.0,17.211742,38.22805,221.782083,6.583423185
TARA_E500000099,2009-11-18 08:41:00+00:00,42.2038,17.715,5.0,17.211742,38.22805,221.782083,6.583423185
TARA_E500000070,2009-11-18 08:41:00+00:00,42.2038,17.715,5.0,17.211742,38.22805,221.782083,6.583423185
TARA_E500000071,2009-11-18 08:41:00+00:00,42.2038,17.715,5.0,17.211742,38.22805,221.782083,6.583423185
TARA_E500000068,2009-11-18 08:41:00+00:00,42.2038,17.715,5.0,17.211742,38.22805,221.782083,6.583423185
TARA_E500000069,2009-11-18 08:41:00+00:00,42.2038,17.715,5.0,17.211742,38.22805,221.782083,6.583423185
TARA_E500000061,2009-11-18 08:41:00+00:00,42.2038,17.715,5.0,17.211742,38.22805,221.782083,6.583423185
TARA_E500000062,2009-11-18 08:41:00+00:00,42.2038,17.715,5.0,17.211742,38.22805,221.782083,6.583423185
TARA_E500000091,2009-11-18 08:41:00+00:00,42.2038,17.715,5.0,17.211742,38.22805,221.782083,6.583423185
TARA_E500000092,2009-11-18 08:41:00+00:00,42.2038,17.715,5.0,17.211742,38.22805,221.782083,6.583423185
TARA_E500000093,2009-11-18 08:41:00+00:00,42.2038,17.715,5.0,17.211742,38.22805,221.782083,6.583423185
TARA_A100000574,2009-11-18 08:41:00+00:00,42.2038,17.715,5.0,17.211742,38.22805,221.782083,6.583423185
TARA_A100000576,2009-11-18 08:41:00+00:00,42.2038,17.715,5.0,17.211742,38.22805,221.782083,6.583423185
TARA_A100000573,2009-11-18 08:41:00+00:00,42.2038,17.715,5.0,17.211742,38.22805,221.782083,6.583423185
TARA_A100000579,2009-11-18 08:41:00+00:00,42.2038,17.715,5.0,17.211742,38.22805,221.782083,6.583423185
TARA_A100000475,2009-11-18 08:41:00+00:00,42.2038,17.715,5.0,17.211742,38.22805,221.782083,6.583423185
TARA_A100000476,2009-11-18 08:41:00+00:00,42.2038,17.715,5.0,17.211742,38.22805,221.782083,6.583423185
TARA_E500000059,2009-11-18 08:41:00+00:00,42.2038,17.715,5.0,17.211742,38.22805,221.782083,6.583423185
TARA_E500000060,2009-11-18 08:41:00+00:00,42.2038,17.715,5.0,17.211742,38.22805,221.782083,6.583423185
TARA_A100000367,2009-11-18 08:41:00+00:00,42.2038,17.715,5.0,17.211742,38.22805,221.782083,6.583423185
TARA_A100000368,2009-11-18 08:41:00+00:00,42.2038,17.715,5.0,17.211742,38.22805,221.782083,6.583423185
TARA_A100000381,2009-11-18 08:41:00+00:00,42.2038,17.715,5.0,17.211742,38.22805,221.782083,6.583423185
TARA_A100000382,2009-11-18 08:41:00+00:00,42.2038,17.715,5.0,17.211742,38.22805,221.782083,6.583423185
TARA_E500000076,2009-11-18 08:41:00+00:00,42.2038,17.715,5.0,17.211742,38.22805,221.782083,6.583423185
TARA_E500000112,2009-11-18 08:41:00+00:00,42.2038,17.715,5.0,17.211742,38.22805,221.782083,6.583423185
TARA_E500000113,2009-11-18 08:41:00+00:00,42.2038,17.715,5.0,17.211742,38.22805,221.782083,6.583423185
TARA_E500000114,2009-11-18 08:41:00+00:00,42.2038,17.715,5.0,17.211742,38.22805,221.782083,6.583423185
TARA_E500000115,2009-11-18 08:41:00+00:00,42.2038,17.715,5.0,17.211742,38.22805,221.782083,6.583423185
TARA_E500000116,2009-11-18 08:41:00+00:00,42.2038,17.715,5.0,17.211742,38.22805,221.782083,6.583423185
TARA_E500000117,2009-11-18 08:41:00+00:00,42.2038,17.715,5.0,17.211742,38.22805,221.782083,6.583423185
TARA_E500000118,2009-11-18 08:41:00+00:00,42.2038,17.715,5.0,17.211742,38.22805,221.782083,6.583423185
TARA_E500000119,2009-11-18 08:41:00+00:00,42.2038,17.715,5.0,17.211742,38.22805,221.782083,6.583423185
TARA_E500000120,2009-11-18 08:41:00+00:00,42.2038,17.715,5.0,17.211742,38.22805,221.782083,6.583423185
TARA_A100000680,2009-11-18 08:41:00+00:00,42.2038,17.715,5.0,17.211742,38.22805,221.782083,6.583423185
TARA_A100000682,2009-11-18 08:41:00+00:00,42.2038,17.715,5.0,17.211742,38.22805,221.782083,6.583423185
TARA_E500000100,2009-11-18 08:41:00+00:00,42.2038,17.715,5.0,17.211742,38.22805,221.782083,6.583423185
TARA_E500000101,2009-11-18 08:41:00+00:00,42.2038,17.715,5.0,17.211742,38.22805,221.782083,6.583423185
TARA_E500000102,2009-11-18 08:41:00+00:00,42.2038,17.715,5.0,17.211742,38.22805,221.782083,6.583423185
TARA_E500000103,2009-11-18 08:41:00+00:00,42.2038,17.715,5.0,17.211742,38.22805,221.782083,6.583423185
TARA_E500000104,2009-11-18 08:41:00+00:00,42.2038,17.715,5.0,17.211742,38.22805,221.782083,6.583423185
TARA_E500000105,2009-11-18 08:41:00+00:00,42.2038,17.715,5.0,17.211742,38.22805,221.782083,6.583423185
TARA_E500000106,2009-11-18 08:41:00+00:00,42.2038,17.715,5.0,17.211742,38.22805,221.782083,6.583423185
TARA_E500000107,2009-11-18 08:41:00+00:00,42.2038,17.715,5.0,17.211742,38.22805,221.782083,6.583423185
TARA_E500000108,2009-11-18 08:41:00+00:00,42.2038,17.715,5.0,17.211742,38.22805,221.782083,6.583423185
TARA_E500000109,2009-11-18 08:41:00+00:00,42.2038,17.715,5.0,17.211742,38.22805,221.782083,6.583423185
TARA_E500000110,2009-11-18 08:41:00+00:00,42.2038,17.715,5.0,17.211742,38.22805,221.782083,6.583423185
TARA_E500000111,2009-11-18 08:41:00+00:00,42.2038,17.715,5.0,17.211742,38.22805,221.782083,6.583423185
TARA_A100000572,2009-11-18 08:41:00+00:00,42.2038,17.715,5.0,17.211742,38.22805,221.782083,6.583423185
TARA_A100000578,2009-11-18 08:41:00+00:00,42.2038,17.715,5.0,17.211742,38.22805,221.782083,6.583423185
TARA_A100000575,2009-11-18 08:41:00+00:00,42.2038,17.715,5.0,17.211742,38.22805,221.782083,6.583423185
TARA_A100000577,2009-11-18 08:41:00+00:00,42.2038,17.715,5.0,17.211742,38.22805,221.782083,6.583423185
TARA_E500000057,2009-11-18 08:41:00+00:00,42.2038,17.715,5.0,17.211742,38.22805,221.782083,6.583423185
TARA_E500000058,2009-11-18 08:41:00+00:00,42.2038,17.715,5.0,17.211742,38.22805,221.782083,6.583423185
TARA_E500000063,2009-11-18 08:41:00+00:00,42.2038,17.715,5.0,17.211742,38.22805,221.782083,6.583423185
TARA_E500000064,2009-11-18 08:41:00+00:00,42.2038,17.715,5.0,17.211742,38.22805,221.782083,6.583423185
TARA_A100000580,2009-11-18 08:41:00+00:00,42.2038,17.715,5.0,17.211742,38.22805,221.782083,6.583423185
TARA_A100000581,2009-11-18 08:41:00+00:00,42.2038,17.715,5.0,17.211742,38.22805,221.782083,6.583423185
TARA_E500000075,2009-11-18 08:41:00+00:00,42.2038,17.715,5.0,17.211742,38.22805,221.782083,6.583423185
TARA_E500000074,2009-11-18 08:41:00+00:00,42.2038,17.715,5.0,17.211742,38.22805,221.782083,6.583423185
TARA_A100000551,2009-11-18 08:41:00+00:00,42.2038,17.715,5.0,17.211742,38.22805,221.782083,6.583423185
TARA_A100000552,2009-11-18 08:41:00+00:00,42.2038,17.715,5.0,17.211742,38.22805,221.782083,6.583423185
TARA_E500000073,2009-11-18 08:41:00+00:00,42.2038,17.715,5.0,17.211742,38.22805,221.782083,6.583423185
TARA_E500000072,2009-11-18 08:41:00+00:00,42.2038,17.715,5.0,17.211742,38.22805,221.782083,6.583423185
TARA_A100000547,2009-11-18 08:41:00+00:00,42.2038,17.715,5.0,17.211742,38.22805,221.782083,6.583423185
TARA_A100000553,2009-11-18 08:41:00+00:00,42.2038,17.715,5.0,17.211742,38.22805,221.782083,6.583423185
TARA_E500000067,2009-11-18 08:41:00+00:00,42.2038,17.715,5.0,17.211742,38.22805,221.782083,6.583423185
TARA_E500000066,2009-11-18 08:41:00+00:00,42.2038,17.715,5.0,17.211742,38.22805,221.782083,6.583423185
TARA_E500000065,2009-11-18 08:41:00+00:00,42.2038,17.715,5.0,17.211742,38.22805,221.782083,6.583423185
TARA_E500000056,2009-11-18 08:41:00+00:00,42.2038,17.715,5.0,17.211742,38.22805,221.782083,6.583423185
TARA_X000001381,2009-11-18 08:41:00+00:00,42.2038,17.715,5.0,17.211742,38.22805,221.782083,6.583423185
TARA_E500000077,2009-11-18 08:41:00+00:00,42.2038,17.715,5.0,17.211742,38.22805,221.782083,6.583423185
TARA_A100000467,2009-11-18 10:17:00+00:00,42.1916,17.7175,5.0,17.211742,38.22805,221.782083,6.583423185
TARA_A100000470,2009-11-18 10:17:00+00:00,42.1916,17.7175,5.0,17.211742,38.22805,221.782083,6.583423185
TARA_A100000582,2009-11-18 10:17:00+00:00,42.1916,17.7175,5.0,17.211742,38.22805,221.782083,6.583423185
TARA_A100000681,2009-11-18 10:17:00+00:00,42.1916,17.7175,5.0,17.211742,38.22805,221.782083,6.583423185
TARA_A100000485,2009-11-18 10:17:00+00:00,42.1916,17.7175,5.0,17.211742,38.22805,221.782083,6.583423185
TARA_A100000490,2009-11-18 10:17:00+00:00,42.1916,17.7175,5.0,17.211742,38.22805,221.782083,6.583423185
TARA_A100000546,2009-11-18 10:17:00+00:00,42.1916,17.7175,5.0,17.211742,38.22805,221.782083,6.583423185
TARA_A100000549,2009-11-18 10:17:00+00:00,42.1916,17.7175,5.0,17.211742,38.22805,221.782083,6.583423185
TARA_A100000483,2009-11-18 10:17:00+00:00,42.1916,17.7175,5.0,17.211742,38.22805,221.782083,6.583423185
TARA_A100000484,2009-11-18 10:17:00+00:00,42.1916,17.7175,5.0,17.211742,38.22805,221.782083,6.583423185
TARA_S200001901,2009-11-18 12:56:00+00:00,42.1735,17.7175,5.0,17.211742,38.22805,221.782083,6.583423185
TARA_A100000472,2009-11-18 12:56:00+00:00,42.1735,17.7175,5.0,17.211742,38.22805,221.782083,6.583423185
TARA_A100000473,2009-11-18 12:56:00+00:00,42.1735,17.7175,5.0,17.211742,38.22805,221.782083,6.583423185
TARA_A100000583,2009-11-18 12:56:00+00:00,42.1735,17.7175,5.0,17.211742,38.22805,221.782083,6.583423185
TARA_A100000675,2009-11-18 12:56:00+00:00,42.1735,17.7175,5.0,17.211742,38.22805,221.782083,6.583423185
TARA_A100000486,2009-11-18 12:56:00+00:00,42.1735,17.7175,5.0,17.211742,38.22805,221.782083,6.583423185
TARA_A100000487,2009-11-18 12:56:00+00:00,42.1735,17.7175,5.0,17.211742,38.22805,221.782083,6.583423185
TARA_A100000548,2009-11-18 12:56:00+00:00,42.1735,17.7175,5.0,17.211742,38.22805,221.782083,6.583423185
TARA_A100000550,2009-11-18 12:56:00+00:00,42.1735,17.7175,5.0,17.211742,38.22805,221.782083,6.583423185
TARA_A100000477,2009-11-18 12:56:00+00:00,42.1735,17.7175,5.0,17.211742,38.22805,221.782083,6.583423185
TARA_A100000478,2009-11-18 12:56:00+00:00,42.1735,17.7175,5.0,17.211742,38.22805,221.782083,6.583423185
TARA_A100001547,2009-12-15 10:41:00+00:00,33.9179,32.898,5.0,20.4425,39.42311,207.61355,6.378839697
TARA_A100001548,2009-12-15 10:41:00+00:00,33.9179,32.898,5.0,20.4425,39.42311,207.61355,6.378839697
TARA_A100001549,2009-12-15 10:41:00+00:00,33.9179,32.898,5.0,20.4425,39.42311,207.61355,6.378839697
TARA_A100001550,2009-12-15 10:41:00+00:00,33.9179,32.898,5.0,20.4425,39.42311,207.61355,6.378839697
TARA_S100001102,2009-12-15 10:41:00+00:00,33.9179,32.898,5.0,20.4425,39.42311,207.61355,6.378839697
TARA_S100001103,2009-12-15 10:41:00+00:00,33.9179,32.898,5.0,20.4425,39.42311,207.61355,6.378839697
TARA_A100001583,2009-12-15 10:41:00+00:00,33.9179,32.898,5.0,20.4425,39.42311,207.61355,6.378839697
TARA_A100001584,2009-12-15 10:41:00+00:00,33.9179,32.898,5.0,20.4425,39.42311,207.61355,6.378839697
TARA_A100001360,2009-12-15 10:41:00+00:00,33.9179,32.898,5.0,20.4425,39.42311,207.61355,6.378839697
TARA_A100001361,2009-12-15 10:41:00+00:00,33.9179,32.898,5.0,20.4425,39.42311,207.61355,6.378839697
TARA_A100001536,2009-12-15 10:41:00+00:00,33.9179,32.898,5.0,20.4425,39.42311,207.61355,6.378839697
TARA_A100001537,2009-12-15 10:41:00+00:00,33.9179,32.898,5.0,20.4425,39.42311,207.61355,6.378839697
TARA_A100001538,2009-12-15 10:41:00+00:00,33.9179,32.898,5.0,20.4425,39.42311,207.61355,6.378839697
TARA_A100001590,2009-12-15 10:41:00+00:00,33.9179,32.898,5.0,20.4425,39.42311,207.61355,6.378839697
TARA_A100001591,2009-12-15 10:41:00+00:00,33.9179,32.898,5.0,20.4425,39.42311,207.61355,6.378839697
TARA_A100001594,2009-12-15 10:41:00+00:00,33.9179,32.898,5.0,20.4425,39.42311,207.61355,6.378839697
TARA_A100001595,2009-12-15 10:41:00+00:00,33.9179,32.898,5.0,20.4425,39.42311,207.61355,6.378839697
TARA_A100001357,2009-12-15 10:41:00+00:00,33.9179,32.898,5.0,20.4425,39.42311,207.61355,6.378839697
TARA_A100001358,2009-12-15 10:41:00+00:00,33.9179,32.898,5.0,20.4425,39.42311,207.61355,6.378839697
TARA_A100001364,2009-12-15 10:41:00+00:00,33.9179,32.898,5.0,20.4425,39.42311,207.61355,6.378839697
TARA_A100001365,2009-12-15 10:41:00+00:00,33.9179,32.898,5.0,20.4425,39.42311,207.61355,6.378839697
TARA_A100001618,2009-12-15 10:41:00+00:00,33.9179,32.898,5.0,20.4425,39.42311,207.61355,6.378839697
TARA_A100001619,2009-12-15 10:41:00+00:00,33.9179,32.898,5.0,20.4425,39.42311,207.61355,6.378839697
TARA_A100001622,2009-12-15 10:41:00+00:00,33.9179,32.898,5.0,20.4425,39.42311,207.61355,6.378839697
TARA_A100001623,2009-12-15 10:41:00+00:00,33.9179,32.898,5.0,20.4425,39.42311,207.61355,6.378839697
TARA_A100001539,2009-12-15 10:41:00+00:00,33.9179,32.898,5.0,20.4425,39.42311,207.61355,6.378839697
TARA_A100001540,2009-12-15 10:41:00+00:00,33.9179,32.898,5.0,20.4425,39.42311,207.61355,6.378839697
TARA_A100001541,2009-12-15 10:41:00+00:00,33.9179,32.898,5.0,20.4425,39.42311,207.61355,6.378839697
TARA_A100001542,2009-12-15 10:41:00+00:00,33.9179,32.898,5.0,20.4425,39.42311,207.61355,6.378839697
TARA_A100001543,2009-12-15 10:41:00+00:00,33.9179,32.898,5.0,20.4425,39.42311,207.61355,6.378839697
TARA_A100001544,2009-12-15 10:41:00+00:00,33.9179,32.898,5.0,20.4425,39.42311,207.61355,6.378839697
TARA_A100001545,2009-12-15 10:41:00+00:00,33.9179,32.898,5.0,20.4425,39.42311,207.61355,6.378839697
TARA_A100001546,2009-12-15 10:41:00+00:00,33.9179,32.898,5.0,20.4425,39.42311,207.61355,6.378839697
TARA_A100001551,2009-12-15 10:41:00+00:00,33.9179,32.898,5.0,20.4425,39.42311,207.61355,6.378839697
TARA_A100001571,2009-12-15 10:41:00+00:00,33.9179,32.898,5.0,20.4425,39.42311,207.61355,6.378839697
TARA_A100001572,2009-12-15 10:41:00+00:00,33.9179,32.898,5.0,20.4425,39.42311,207.61355,6.378839697
TARA_A100001573,2009-12-15 10:41:00+00:00,33.9179,32.898,5.0,20.4425,39.42311,207.61355,6.378839697
TARA_A100001575,2009-12-15 10:41:00+00:00,33.9179,32.898,5.0,20.4425,39.42311,207.61355,6.378839697
TARA_A100001342,2009-12-15 10:41:00+00:00,33.9179,32.898,5.0,20.4425,39.42311,207.61355,6.378839697
TARA_A100001343,2009-12-15 10:41:00+00:00,33.9179,32.898,5.0,20.4425,39.42311,207.61355,6.378839697
TARA_A100001558,2009-12-15 10:41:00+00:00,33.9179,32.898,5.0,20.4425,39.42311,207.61355,6.378839697
TARA_A100001559,2009-12-15 10:41:00+00:00,33.9179,32.898,5.0,20.4425,39.42311,207.61355,6.378839697
TARA_A100001560,2009-12-15 10:41:00+00:00,33.9179,32.898,5.0,20.4425,39.42311,207.61355,6.378839697
TARA_A100001562,2009-12-15 10:41:00+00:00,33.9179,32.898,5.0,20.4425,39.42311,207.61355,6.378839697
TARA_A100001563,2009-12-15 10:41:00+00:00,33.9179,32.898,5.0,20.4425,39.42311,207.61355,6.378839697
TARA_A100001564,2009-12-15 10:41:00+00:00,33.9179,32.898,5.0,20.4425,39.42311,207.61355,6.378839697
TARA_A100001616,2009-12-15 10:41:00+00:00,33.9179,32.898,5.0,20.4425,39.42311,207.61355,6.378839697
TARA_A100001617,2009-12-15 10:41:00+00:00,33.9179,32.898,5.0,20.4425,39.42311,207.61355,6.378839697
TARA_A100001612,2009-12-15 10:41:00+00:00,33.9179,32.898,5.0,20.4425,39.42311,207.61355,6.378839697
TARA_A100001613,2009-12-15 10:41:00+00:00,33.9179,32.898,5.0,20.4425,39.42311,207.61355,6.378839697
TARA_A100001366,2009-12-15 10:41:00+00:00,33.9179,32.898,5.0,20.4425,39.42311,207.61355,6.378839697
TARA_A100001367,2009-12-15 10:41:00+00:00,33.9179,32.898,5.0,20.4425,39.42311,207.61355,6.378839697
TARA_A100001362,2009-12-15 10:41:00+00:00,33.9179,32.898,5.0,20.4425,39.42311,207.61355,6.378839697
TARA_A100001363,2009-12-15 10:41:00+00:00,33.9179,32.898,5.0,20.4425,39.42311,207.61355,6.378839697
TARA_A100001578,2009-12-15 10:41:00+00:00,33.9179,32.898,5.0,20.4425,39.42311,207.61355,6.378839697
TARA_A100001579,2009-12-15 10:41:00+00:00,33.9179,32.898,5.0,20.4425,39.42311,207.61355,6.378839697
TARA_A100001015,2009-12-15 10:41:00+00:00,33.9179,32.898,5.0,20.4425,39.42311,207.61355,6.378839697
TARA_A100001016,2009-12-15 10:41:00+00:00,33.9179,32.898,5.0,20.4425,39.42311,207.61355,6.378839697
TARA_A100001639,2009-12-15 10:41:00+00:00,33.9179,32.898,5.0,20.4425,39.42311,207.61355,6.378839697
TARA_A100001640,2009-12-15 10:41:00+00:00,33.9179,32.898,5.0,20.4425,39.42311,207.61355,6.378839697
TARA_A100001012,2009-12-15 10:41:00+00:00,33.9179,32.898,5.0,20.4425,39.42311,207.61355,6.378839697
TARA_A100001638,2009-12-15 10:41:00+00:00,33.9179,32.898,5.0,20.4425,39.42311,207.61355,6.378839697
TARA_A100001641,2009-12-15 10:41:00+00:00,33.9179,32.898,5.0,20.4425,39.42311,207.61355,6.378839697
TARA_A100001567,2009-12-15 10:41:00+00:00,33.9179,32.898,5.0,20.4425,39.42311,207.61355,6.378839697
TARA_A100001568,2009-12-15 10:41:00+00:00,33.9179,32.898,5.0,20.4425,39.42311,207.61355,6.378839697
TARA_A100001569,2009-12-15 10:41:00+00:00,33.9179,32.898,5.0,20.4425,39.42311,207.61355,6.378839697
TARA_A100001017,2009-12-15 10:41:00+00:00,33.9179,32.898,5.0,20.4425,39.42311,207.61355,6.378839697
TARA_A100001018,2009-12-15 10:41:00+00:00,33.9179,32.898,5.0,20.4425,39.42311,207.61355,6.378839697
TARA_A100001019,2009-12-15 10:41:00+00:00,33.9179,32.898,5.0,20.4425,39.42311,207.61355,6.378839697
TARA_X000001387,2009-12-15 10:41:00+00:00,33.9179,32.898,5.0,20.4425,39.42311,207.61355,6.378839697
TARA_A100001634,2009-12-15 10:41:00+00:00,33.9179,32.898,5.0,20.4425,39.42311,207.61355,6.378839697
TARA_A100001635,2009-12-15 10:41:00+00:00,33.9179,32.898,5.0,20.4425,39.42311,207.61355,6.378839697
TARA_A100000632,2009-12-15 11:13:00+00:00,33.9178,32.8849,5.0,20.4425,39.42311,207.61355,6.378839697
TARA_A100001353,2009-12-15 11:13:00+00:00,33.9178,32.8849,5.0,20.4425,39.42311,207.61355,6.378839697
TARA_A100001354,2009-12-15 11:13:00+00:00,33.9178,32.8849,5.0,20.4425,39.42311,207.61355,6.378839697
TARA_A100001581,2009-12-15 11:13:00+00:00,33.9178,32.8849,5.0,20.4425,39.42311,207.61355,6.378839697
TARA_A100001596,2009-12-15 11:13:00+00:00,33.9178,32.8849,5.0,20.4425,39.42311,207.61355,6.378839697
TARA_A100001340,2009-12-15 11:13:00+00:00,33.9178,32.8849,5.0,20.4425,39.42311,207.61355,6.378839697
TARA_A100001341,2009-12-15 11:13:00+00:00,33.9178,32.8849,5.0,20.4425,39.42311,207.61355,6.378839697
TARA_A100001600,2009-12-15 11:13:00+00:00,33.9178,32.8849,5.0,20.4425,39.42311,207.61355,6.378839697
TARA_A100001601,2009-12-15 11:13:00+00:00,33.9178,32.8849,5.0,20.4425,39.42311,207.61355,6.378839697
TARA_A100001646,2009-12-15 11:13:00+00:00,33.9178,32.8849,5.0,20.4425,39.42311,207.61355,6.378839697
TARA_A100001647,2009-12-15 11:13:00+00:00,33.9178,32.8849,5.0,20.4425,39.42311,207.61355,6.378839697
TARA_A100001624,2009-12-15 11:13:00+00:00,33.9178,32.8849,5.0,20.4425,39.42311,207.61355,6.378839697
TARA_A100001625,2009-12-15 11:13:00+00:00,33.9178,32.8849,5.0,20.4425,39.42311,207.61355,6.378839697
TARA_A100000639,2009-12-15 12:44:00+00:00,33.9184,32.86,5.0,20.4425,39.42311,207.61355,6.378839697
TARA_A100001348,2009-12-15 12:44:00+00:00,33.9184,32.86,5.0,20.4425,39.42311,207.61355,6.378839697
TARA_A100001352,2009-12-15 12:44:00+00:00,33.9184,32.86,5.0,20.4425,39.42311,207.61355,6.378839697
TARA_A100001598,2009-12-15 12:44:00+00:00,33.9184,32.86,5.0,20.4425,39.42311,207.61355,6.378839697
TARA_A100001337,2009-12-15 12:44:00+00:00,33.9184,32.86,5.0,20.4425,39.42311,207.61355,6.378839697
TARA_A100001338,2009-12-15 12:44:00+00:00,33.9184,32.86,5.0,20.4425,39.42311,207.61355,6.378839697
TARA_A100001605,2009-12-15 12:44:00+00:00,33.9184,32.86,5.0,20.4425,39.42311,207.61355,6.378839697
TARA_A100001606,2009-12-15 12:44:00+00:00,33.9184,32.86,5.0,20.4425,39.42311,207.61355,6.378839697
TARA_A100001648,2009-12-15 12:44:00+00:00,33.9184,32.86,5.0,20.4425,39.42311,207.61355,6.378839697
TARA_A100001649,2009-12-15 12:44:00+00:00,33.9184,32.86,5.0,20.4425,39.42311,207.61355,6.378839697
TARA_A100001630,2009-12-15 12:44:00+00:00,33.9184,32.86,5.0,20.4425,39.42311,207.61355,6.378839697
TARA_A100001631,2009-12-15 12:44:00+00:00,33.9184,32.86,5.0,20.4425,39.42311,207.61355,6.378839697
TARA_A100001223,2010-01-13 07:16:00+00:00,21.9467,38.2517,5.0,27.3097,38.9435,183.589125,6.469166693
TARA_A100001224,2010-01-13 07:16:00+00:00,21.9467,38.2517,5.0,27.3097,38.9435,183.589125,6.469166693
TARA_A100001225,2010-01-13 07:16:00+00:00,21.9467,38.2517,5.0,27.3097,38.9435,183.589125,6.469166693
TARA_A100001226,2010-01-13 07:16:00+00:00,21.9467,38.2517,5.0,27.3097,38.9435,183.589125,6.469166693
TARA_A100001219,2010-01-13 07:16:00+00:00,21.9467,38.2517,5.0,27.3097,38.9435,183.589125,6.469166693
TARA_A100001220,2010-01-13 07:16:00+00:00,21.9467,38.2517,5.0,27.3097,38.9435,183.589125,6.469166693
TARA_A100001217,2010-01-13 07:16:00+00:00,21.9467,38.2517,5.0,27.3097,38.9435,183.589125,6.469166693
TARA_A100001218,2010-01-13 07:16:00+00:00,21.9467,38.2517,5.0,27.3097,38.9435,183.589125,6.469166693
TARA_A100001200,2010-01-13 07:16:00+00:00,21.9467,38.2517,5.0,27.3097,38.9435,183.589125,6.469166693
TARA_A100001207,2010-01-13 07:16:00+00:00,21.9467,38.2517,5.0,27.3097,38.9435,183.589125,6.469166693
TARA_A100001208,2010-01-13 07:16:00+00:00,21.9467,38.2517,5.0,27.3097,38.9435,183.589125,6.469166693
TARA_A100001209,2010-01-13 07:16:00+00:00,21.9467,38.2517,5.0,27.3097,38.9435,183.589125,6.469166693
TARA_A100001206,2010-01-13 07:16:00+00:00,21.9467,38.2517,5.0,27.3097,38.9435,183.589125,6.469166693
TARA_A100001227,2010-01-13 07:16:00+00:00,21.9467,38.2517,5.0,27.3097,38.9435,183.589125,6.469166693
TARA_A100001228,2010-01-13 07:16:00+00:00,21.9467,38.2517,5.0,27.3097,38.9435,183.589125,6.469166693
TARA_A100001229,2010-01-13 07:16:00+00:00,21.9467,38.2517,5.0,27.3097,38.9435,183.589125,6.469166693
TARA_A100001230,2010-01-13 07:16:00+00:00,21.9467,38.2517,5.0,27.3097,38.9435,183.589125,6.469166693
TARA_A100001231,2010-01-13 07:16:00+00:00,21.9467,38.2517,5.0,27.3097,38.9435,183.589125,6.469166693
TARA_A100001232,2010-01-13 07:16:00+00:00,21.9467,38.2517,5.0,27.3097,38.9435,183.589125,6.469166693
TARA_A100001235,2010-01-13 07:16:00+00:00,21.9467,38.2517,5.0,27.3097,38.9435,183.589125,6.469166693
TARA_A100001236,2010-01-13 07:16:00+00:00,21.9467,38.2517,5.0,27.3097,38.9435,183.589125,6.469166693
TARA_A100001237,2010-01-13 07:16:00+00:00,21.9467,38.2517,5.0,27.3097,38.9435,183.589125,6.469166693
TARA_A100001255,2010-01-13 07:16:00+00:00,21.9467,38.2517,5.0,27.3097,38.9435,183.589125,6.469166693
TARA_A100001256,2010-01-13 07:16:00+00:00,21.9467,38.2517,5.0,27.3097,38.9435,183.589125,6.469166693
TARA_A100001210,2010-01-13 07:16:00+00:00,21.9467,38.2517,5.0,27.3097,38.9435,183.589125,6.469166693
TARA_A100001211,2010-01-13 07:16:00+00:00,21.9467,38.2517,5.0,27.3097,38.9435,183.589125,6.469166693
TARA_A100001212,2010-01-13 07:16:00+00:00,21.9467,38.2517,5.0,27.3097,38.9435,183.589125,6.469166693
TARA_A100001213,2010-01-13 07:16:00+00:00,21.9467,38.2517,5.0,27.3097,38.9435,183.589125,6.469166693
TARA_A100001214,2010-01-13 07:16:00+00:00,21.9467,38.2517,5.0,27.3097,38.9435,183.589125,6.469166693
TARA_A100001215,2010-01-13 07:16:00+00:00,21.9467,38.2517,5.0,27.3097,38.9435,183.589125,6.469166693
TARA_A100001216,2010-01-13 07:16:00+00:00,21.9467,38.2517,5.0,27.3097,38.9435,183.589125,6.469166693
TARA_A100001257,2010-01-13 07:16:00+00:00,21.9467,38.2517,5.0,27.3097,38.9435,183.589125,6.469166693
TARA_A100001258,2010-01-13 07:16:00+00:00,21.9467,38.2517,5.0,27.3097,38.9435,183.589125,6.469166693
TARA_A100001205,2010-01-13 07:16:00+00:00,21.9467,38.2517,5.0,27.3097,38.9435,183.589125,6.469166693
TARA_A100001204,2010-01-13 07:16:00+00:00,21.9467,38.2517,5.0,27.3097,38.9435,183.589125,6.469166693
TARA_A100001259,2010-01-13 07:16:00+00:00,21.9467,38.2517,5.0,27.3097,38.9435,183.589125,6.469166693
TARA_A100001260,2010-01-13 07:16:00+00:00,21.9467,38.2517,5.0,27.3097,38.9435,183.589125,6.469166693
TARA_A100001221,2010-01-13 07:16:00+00:00,21.9467,38.2517,5.0,27.3097,38.9435,183.589125,6.469166693
TARA_A100001222,2010-01-13 07:16:00+00:00,21.9467,38.2517,5.0,27.3097,38.9435,183.589125,6.469166693
TARA_A100001234,2010-01-13 07:16:00+00:00,21.9467,38.2517,5.0,27.3097,38.9435,183.589125,6.469166693
TARA_A100001242,2010-01-13 07:16:00+00:00,21.9467,38.2517,5.0,27.3097,38.9435,183.589125,6.469166693
TARA_A100001233,2010-01-13 07:16:00+00:00,21.9467,38.2517,5.0,27.3097,38.9435,183.589125,6.469166693
TARA_A100001243,2010-01-13 07:16:00+00:00,21.9467,38.2517,5.0,27.3097,38.9435,183.589125,6.469166693
TARA_A100001244,2010-01-13 07:16:00+00:00,21.9467,38.2517,5.0,27.3097,38.9435,183.589125,6.469166693
TARA_A100001247,2010-01-13 07:16:00+00:00,21.9467,38.2517,5.0,27.3097,38.9435,183.589125,6.469166693
TARA_A100001195,2010-01-13 07:16:00+00:00,21.9467,38.2517,5.0,27.3097,38.9435,183.589125,6.469166693
TARA_A100001197,2010-01-13 07:16:00+00:00,21.9467,38.2517,5.0,27.3097,38.9435,183.589125,6.469166693
TARA_A100001194,2010-01-13 07:16:00+00:00,21.9467,38.2517,5.0,27.3097,38.9435,183.589125,6.469166693
TARA_A100001196,2010-01-13 07:16:00+00:00,21.9467,38.2517,5.0,27.3097,38.9435,183.589125,6.469166693
TARA_A100001199,2010-01-13 07:16:00+00:00,21.9467,38.2517,5.0,27.3097,38.9435,183.589125,6.469166693
TARA_A100001238,2010-01-13 07:16:00+00:00,21.9467,38.2517,5.0,27.3097,38.9435,183.589125,6.469166693
TARA_A100001198,2010-01-13 07:16:00+00:00,21.9467,38.2517,5.0,27.3097,38.9435,183.589125,6.469166693
TARA_A100001201,2010-01-13 07:16:00+00:00,21.9467,38.2517,5.0,27.3097,38.9435,183.589125,6.469166693
TARA_A100001202,2010-01-13 07:16:00+00:00,21.9467,38.2517,5.0,27.3097,38.9435,183.589125,6.469166693
TARA_A100001203,2010-01-13 07:16:00+00:00,21.9467,38.2517,5.0,27.3097,38.9435,183.589125,6.469166693
TARA_A100001250,2010-01-13 07:16:00+00:00,21.9467,38.2517,5.0,27.3097,38.9435,183.589125,6.469166693
TARA_A100001251,2010-01-13 07:16:00+00:00,21.9467,38.2517,5.0,27.3097,38.9435,183.589125,6.469166693
TARA_A100001310,2010-01-13 07:20:00+00:00,21.9467,38.2517,5.0,27.3097,38.9435,183.589125,6.469166693
TARA_A100001252,2010-01-13 07:20:00+00:00,21.9467,38.2517,5.0,27.3097,38.9435,183.589125,6.469166693
TARA_A100001253,2010-01-13 07:20:00+00:00,21.9467,38.2517,5.0,27.3097,38.9435,183.589125,6.469166693
TARA_A100001265,2010-01-13 07:20:00+00:00,21.9467,38.2517,5.0,27.3097,38.9435,183.589125,6.469166693
TARA_A100001266,2010-01-13 07:20:00+00:00,21.9467,38.2517,5.0,27.3097,38.9435,183.589125,6.469166693
TARA_A100001245,2010-01-13 07:20:00+00:00,21.9467,38.2517,5.0,27.3097,38.9435,183.589125,6.469166693
TARA_A100001248,2010-01-13 07:20:00+00:00,21.9467,38.2517,5.0,27.3097,38.9435,183.589125,6.469166693
TARA_A100001261,2010-01-13 07:20:00+00:00,21.9467,38.2517,5.0,27.3097,38.9435,183.589125,6.469166693
TARA_A100001262,2010-01-13 07:20:00+00:00,21.9467,38.2517,5.0,27.3097,38.9435,183.589125,6.469166693
TARA_A100001304,2010-01-13 10:10:00+00:00,22.085,38.2083,5.0,27.3097,38.9435,183.589125,6.469166693
TARA_A100001254,2010-01-13 10:10:00+00:00,22.085,38.2083,5.0,27.3097,38.9435,183.589125,6.469166693
TARA_A100001267,2010-01-13 10:10:00+00:00,22.085,38.2083,5.0,27.3097,38.9435,183.589125,6.469166693
TARA_A100001268,2010-01-13 10:10:00+00:00,22.085,38.2083,5.0,27.3097,38.9435,183.589125,6.469166693
TARA_A100001246,2010-01-13 10:10:00+00:00,22.085,38.2083,5.0,27.3097,38.9435,183.589125,6.469166693
TARA_A100001249,2010-01-13 10:10:00+00:00,22.085,38.2083,5.0,27.3097,38.9435,183.589125,6.469166693
TARA_A100001263,2010-01-13 10:10:00+00:00,22.085,38.2083,5.0,27.3097,38.9435,183.589125,6.469166693
TARA_A100001264,2010-01-13 10:10:00+00:00,22.085,38.2083,5.0,27.3097,38.9435,183.589125,6.469166693
TARA_P100000488,2010-04-13 02:46:00+00:00,0.0023,71.6311,5.0,30.59345,35.0481,186.0215,6.296286671
TARA_G100001160,2010-04-13 02:46:00+00:00,0.0023,71.6311,5.0,30.59345,35.0481,186.0215,6.296286671
TARA_G100001161,2010-04-13 02:46:00+00:00,0.0023,71.6311,5.0,30.59345,35.0481,186.0215,6.296286671
TARA_G100001158,2010-04-13 02:46:00+00:00,0.0023,71.6311,5.0,30.59345,35.0481,186.0215,6.296286671
TARA_G100001177,2010-04-13 02:46:00+00:00,0.0023,71.6311,5.0,30.59345,35.0481,186.0215,6.296286671
TARA_G100001179,2010-04-13 02:46:00+00:00,0.0023,71.6311,5.0,30.59345,35.0481,186.0215,6.296286671
TARA_G100001164,2010-04-13 02:46:00+00:00,0.0023,71.6311,5.0,30.59345,35.0481,186.0215,6.296286671
TARA_G100001165,2010-04-13 02:46:00+00:00,0.0023,71.6311,5.0,30.59345,35.0481,186.0215,6.296286671
TARA_G100001168,2010-04-13 02:46:00+00:00,0.0023,71.6311,5.0,30.59345,35.0481,186.0215,6.296286671
TARA_G100001169,2010-04-13 02:46:00+00:00,0.0023,71.6311,5.0,30.59345,35.0481,186.0215,6.296286671
TARA_N000000251,2010-04-13 02:46:00+00:00,0.0023,71.6311,5.0,30.59345,35.0481,186.0215,6.296286671
TARA_N000000259,2010-04-13 02:46:00+00:00,0.0023,71.6311,5.0,30.59345,35.0481,186.0215,6.296286671
TARA_G100001172,2010-04-13 02:46:00+00:00,0.0023,71.6311,5.0,30.59345,35.0481,186.0215,6.296286671
TARA_G100001173,2010-04-13 02:46:00+00:00,0.0023,71.6311,5.0,30.59345,35.0481,186.0215,6.296286671
TARA_B000000089,2010-04-13 03:21:00+00:00,0.0033,71.6428,5.0,30.59345,35.0481,186.0215,6.296286671
TARA_B000000090,2010-04-13 03:21:00+00:00,0.0033,71.6428,5.0,30.59345,35.0481,186.0215,6.296286671
TARA_B000000091,2010-04-13 03:21:00+00:00,0.0033,71.6428,5.0,30.59345,35.0481,186.0215,6.296286671
TARA_B000000095,2010-04-13 03:21:00+00:00,0.0033,71.6428,5.0,30.59345,35.0481,186.0215,6.296286671
TARA_Y100000095,2010-04-13 03:21:00+00:00,0.0033,71.6428,5.0,30.59345,35.0481,186.0215,6.296286671
TARA_Y100000096,2010-04-13 03:21:00+00:00,0.0033,71.6428,5.0,30.59345,35.0481,186.0215,6.296286671
TARA_Y000000288,2010-04-13 03:21:00+00:00,0.0033,71.6428,5.0,30.59345,35.0481,186.0215,6.296286671
TARA_Y000000289,2010-04-13 03:21:00+00:00,0.0033,71.6428,5.0,30.59345,35.0481,186.0215,6.296286671
TARA_R100000384,2010-04-13 03:21:00+00:00,0.0033,71.6428,5.0,30.59345,35.0481,186.0215,6.296286671
TARA_R100000385,2010-04-13 03:21:00+00:00,0.0033,71.6428,5.0,30.59345,35.0481,186.0215,6.296286671
TARA_R000000079,2010-04-13 03:21:00+00:00,0.0033,71.6428,5.0,30.59345,35.0481,186.0215,6.296286671
TARA_R000000080,2010-04-13 03:21:00+00:00,0.0033,71.6428,5.0,30.59345,35.0481,186.0215,6.296286671
TARA_R000000081,2010-04-13 03:21:00+00:00,0.0033,71.6428,5.0,30.59345,35.0481,186.0215,6.296286671
TARA_G100001208,2010-04-13 03:21:00+00:00,0.0033,71.6428,5.0,30.59345,35.0481,186.0215,6.296286671
TARA_G100001209,2010-04-13 03:21:00+00:00,0.0033,71.6428,5.0,30.59345,35.0481,186.0215,6.296286671
TARA_G100001198,2010-04-13 03:21:00+00:00,0.0033,71.6428,5.0,30.59345,35.0481,186.0215,6.296286671
TARA_G100001199,2010-04-13 03:21:00+00:00,0.0033,71.6428,5.0,30.59345,35.0481,186.0215,6.296286671
TARA_G100001182,2010-04-13 03:21:00+00:00,0.0033,71.6428,5.0,30.59345,35.0481,186.0215,6.296286671
TARA_G100001183,2010-04-13 03:21:00+00:00,0.0033,71.6428,5.0,30.59345,35.0481,186.0215,6.296286671
TARA_R100000398,2010-04-13 03:21:00+00:00,0.0033,71.6428,5.0,30.59345,35.0481,186.0215,6.296286671
TARA_R100000399,2010-04-13 03:21:00+00:00,0.0033,71.6428,5.0,30.59345,35.0481,186.0215,6.296286671
TARA_G100001216,2010-04-13 03:21:00+00:00,0.0033,71.6428,5.0,30.59345,35.0481,186.0215,6.296286671
TARA_G100001217,2010-04-13 03:21:00+00:00,0.0033,71.6428,5.0,30.59345,35.0481,186.0215,6.296286671
TARA_G100001190,2010-04-13 03:21:00+00:00,0.0033,71.6428,5.0,30.59345,35.0481,186.0215,6.296286671
TARA_G100001191,2010-04-13 03:21:00+00:00,0.0033,71.6428,5.0,30.59345,35.0481,186.0215,6.296286671
TARA_B000000077,2010-04-13 03:21:00+00:00,0.0033,71.6428,5.0,30.59345,35.0481,186.0215,6.296286671
TARA_B000000078,2010-04-13 03:21:00+00:00,0.0033,71.6428,5.0,30.59345,35.0481,186.0215,6.296286671
TARA_B000000079,2010-04-13 03:21:00+00:00,0.0033,71.6428,5.0,30.59345,35.0481,186.0215,6.296286671
TARA_B000000083,2010-04-13 03:21:00+00:00,0.0033,71.6428,5.0,30.59345,35.0481,186.0215,6.296286671
TARA_B000000084,2010-04-13 03:21:00+00:00,0.0033,71.6428,5.0,30.59345,35.0481,186.0215,6.296286671
TARA_B000000085,2010-04-13 03:21:00+00:00,0.0033,71.6428,5.0,30.59345,35.0481,186.0215,6.296286671
TARA_R000000076,2010-04-13 03:21:00+00:00,0.0033,71.6428,5.0,30.59345,35.0481,186.0215,6.296286671
TARA_R000000077,2010-04-13 03:21:00+00:00,0.0033,71.6428,5.0,30.59345,35.0481,186.0215,6.296286671
TARA_R000000078,2010-04-13 03:21:00+00:00,0.0033,71.6428,5.0,30.59345,35.0481,186.0215,6.296286671
TARA_G000000093,2010-04-13 03:21:00+00:00,0.0033,71.6428,5.0,30.59345,35.0481,186.0215,6.296286671
TARA_G000000094,2010-04-13 03:21:00+00:00,0.0033,71.6428,5.0,30.59345,35.0481,186.0215,6.296286671
TARA_G000000095,2010-04-13 03:21:00+00:00,0.0033,71.6428,5.0,30.59345,35.0481,186.0215,6.296286671
TARA_G100001180,2010-04-13 03:21:00+00:00,0.0033,71.6428,5.0,30.59345,35.0481,186.0215,6.296286671
TARA_G100001186,2010-04-13 03:21:00+00:00,0.0033,71.6428,5.0,30.59345,35.0481,186.0215,6.296286671
TARA_G100001187,2010-04-13 03:21:00+00:00,0.0033,71.6428,5.0,30.59345,35.0481,186.0215,6.296286671
TARA_B100000155,2010-04-13 03:21:00+00:00,0.0033,71.6428,5.0,30.59345,35.0481,186.0215,6.296286671
TARA_R100000402,2010-04-13 03:21:00+00:00,0.0033,71.6428,5.0,30.59345,35.0481,186.0215,6.296286671
TARA_G100001212,2010-04-13 03:21:00+00:00,0.0033,71.6428,5.0,30.59345,35.0481,186.0215,6.296286671
TARA_G100001213,2010-04-13 03:21:00+00:00,0.0033,71.6428,5.0,30.59345,35.0481,186.0215,6.296286671
TARA_G100001194,2010-04-13 03:21:00+00:00,0.0033,71.6428,5.0,30.59345,35.0481,186.0215,6.296286671
TARA_G100001195,2010-04-13 03:21:00+00:00,0.0033,71.6428,5.0,30.59345,35.0481,186.0215,6.296286671
TARA_R000000074,2010-04-13 03:21:00+00:00,0.0033,71.6428,5.0,30.59345,35.0481,186.0215,6.296286671
TARA_R000000075,2010-04-13 03:21:00+00:00,0.0033,71.6428,5.0,30.59345,35.0481,186.0215,6.296286671
TARA_R100000394,2010-04-13 03:21:00+00:00,0.0033,71.6428,5.0,30.59345,35.0481,186.0215,6.296286671
TARA_R100000395,2010-04-13 03:21:00+00:00,0.0033,71.6428,5.0,30.59345,35.0481,186.0215,6.296286671
TARA_G100001228,2010-04-13 03:21:00+00:00,0.0033,71.6428,5.0,30.59345,35.0481,186.0215,6.296286671
TARA_G100001229,2010-04-13 03:21:00+00:00,0.0033,71.6428,5.0,30.59345,35.0481,186.0215,6.296286671
TARA_B100000160,2010-04-13 03:21:00+00:00,0.0033,71.6428,5.0,30.59345,35.0481,186.0215,6.296286671
TARA_B100000161,2010-04-13 03:21:00+00:00,0.0033,71.6428,5.0,30.59345,35.0481,186.0215,6.296286671
TARA_B100000154,2010-04-13 03:21:00+00:00,0.0033,71.6428,5.0,30.59345,35.0481,186.0215,6.296286671
TARA_B100000157,2010-04-13 03:21:00+00:00,0.0033,71.6428,5.0,30.59345,35.0481,186.0215,6.296286671
TARA_B100000158,2010-04-13 03:21:00+00:00,0.0033,71.6428,5.0,30.59345,35.0481,186.0215,6.296286671
TARA_N000000247,2010-04-13 03:21:00+00:00,0.0033,71.6428,5.0,30.59345,35.0481,186.0215,6.296286671
TARA_N000000255,2010-04-13 03:21:00+00:00,0.0033,71.6428,5.0,30.59345,35.0481,186.0215,6.296286671
TARA_B100000166,2010-04-13 03:21:00+00:00,0.0033,71.6428,5.0,30.59345,35.0481,186.0215,6.296286671
TARA_B100000167,2010-04-13 03:21:00+00:00,0.0033,71.6428,5.0,30.59345,35.0481,186.0215,6.296286671
TARA_B100000163,2010-04-13 03:21:00+00:00,0.0033,71.6428,5.0,30.59345,35.0481,186.0215,6.296286671
TARA_B100000164,2010-04-13 03:21:00+00:00,0.0033,71.6428,5.0,30.59345,35.0481,186.0215,6.296286671
TARA_N000000249,2010-04-13 03:21:00+00:00,0.0033,71.6428,5.0,30.59345,35.0481,186.0215,6.296286671
TARA_N000000257,2010-04-13 03:21:00+00:00,0.0033,71.6428,5.0,30.59345,35.0481,186.0215,6.296286671
TARA_Y100000089,2010-04-13 03:21:00+00:00,0.0033,71.6428,5.0,30.59345,35.0481,186.0215,6.296286671
TARA_Y100000083,2010-04-13 03:21:00+00:00,0.0033,71.6428,5.0,30.59345,35.0481,186.0215,6.296286671
TARA_Y100000081,2010-04-13 03:21:00+00:00,0.0033,71.6428,5.0,30.59345,35.0481,186.0215,6.296286671
TARA_R100000388,2010-04-13 03:21:00+00:00,0.0033,71.6428,5.0,30.59345,35.0481,186.0215,6.296286671
TARA_R100000389,2010-04-13 03:21:00+00:00,0.0033,71.6428,5.0,30.59345,35.0481,186.0215,6.296286671
TARA_R100000390,2010-04-13 03:21:00+00:00,0.0033,71.6428,5.0,30.59345,35.0481,186.0215,6.296286671
TARA_Y100000091,2010-04-13 03:21:00+00:00,0.0033,71.6428,5.0,30.59345,35.0481,186.0215,6.296286671
TARA_Y100000092,2010-04-13 03:21:00+00:00,0.0033,71.6428,5.0,30.59345,35.0481,186.0215,6.296286671
TARA_G000000089,2010-04-13 03:21:00+00:00,0.0033,71.6428,5.0,30.59345,35.0481,186.0215,6.296286671
TARA_G000000090,2010-04-13 03:21:00+00:00,0.0033,71.6428,5.0,30.59345,35.0481,186.0215,6.296286671
TARA_G000000099,2010-04-13 03:21:00+00:00,0.0033,71.6428,5.0,30.59345,35.0481,186.0215,6.296286671
TARA_G000000100,2010-04-13 03:21:00+00:00,0.0033,71.6428,5.0,30.59345,35.0481,186.0215,6.296286671
TARA_P100000476,2010-04-13 11:15:00+00:00,0.2153,71.8436,5.0,30.59345,35.0481,186.0215,6.296286671
TARA_G100001140,2010-04-13 11:15:00+00:00,0.2153,71.8436,5.0,30.59345,35.0481,186.0215,6.296286671
TARA_G100001141,2010-04-13 11:15:00+00:00,0.2153,71.8436,5.0,30.59345,35.0481,186.0215,6.296286671
TARA_G100001156,2010-04-13 11:15:00+00:00,0.2153,71.8436,5.0,30.59345,35.0481,186.0215,6.296286671
TARA_G100001144,2010-04-13 11:15:00+00:00,0.2153,71.8436,5.0,30.59345,35.0481,186.0215,6.296286671
TARA_G100001145,2010-04-13 11:15:00+00:00,0.2153,71.8436,5.0,30.59345,35.0481,186.0215,6.296286671
TARA_G100001152,2010-04-13 11:15:00+00:00,0.2153,71.8436,5.0,30.59345,35.0481,186.0215,6.296286671
TARA_G100001153,2010-04-13 11:15:00+00:00,0.2153,71.8436,5.0,30.59345,35.0481,186.0215,6.296286671
TARA_N000000253,2010-04-13 11:15:00+00:00,0.2153,71.8436,5.0,30.59345,35.0481,186.0215,6.296286671
TARA_N000000261,2010-04-13 11:15:00+00:00,0.2153,71.8436,5.0,30.59345,35.0481,186.0215,6.296286671
TARA_G100001148,2010-04-13 11:15:00+00:00,0.2153,71.8436,5.0,30.59345,35.0481,186.0215,6.296286671
TARA_G100001149,2010-04-13 11:15:00+00:00,0.2153,71.8436,5.0,30.59345,35.0481,186.0215,6.296286671
TARA_G100001510,2010-05-17 04:10:00+00:00,-16.9567,53.9809,5.0,27.956483,34.54545,191.628083,6.256172187
TARA_G100001511,2010-05-17 04:10:00+00:00,-16.9567,53.9809,5.0,27.956483,34.54545,191.628083,6.256172187
TARA_G100001431,2010-05-17 04:10:00+00:00,-16.9567,53.9809,5.0,27.956483,34.54545,191.628083,6.256172187
TARA_G100001788,2010-05-17 04:10:00+00:00,-16.9567,53.9809,5.0,27.956483,34.54545,191.628083,6.256172187
TARA_G100001789,2010-05-17 04:10:00+00:00,-16.9567,53.9809,5.0,27.956483,34.54545,191.628083,6.256172187
TARA_G100001433,2010-05-17 04:10:00+00:00,-16.9567,53.9809,5.0,27.956483,34.54545,191.628083,6.256172187
TARA_G100001434,2010-05-17 04:10:00+00:00,-16.9567,53.9809,5.0,27.956483,34.54545,191.628083,6.256172187
TARA_N000000578,2010-05-17 04:10:00+00:00,-16.9567,53.9809,5.0,27.956483,34.54545,191.628083,6.256172187
TARA_N000000579,2010-05-17 04:10:00+00:00,-16.9567,53.9809,5.0,27.956483,34.54545,191.628083,6.256172187
TARA_N000000580,2010-05-17 04:10:00+00:00,-16.9567,53.9809,5.0,27.956483,34.54545,191.628083,6.256172187
TARA_N000000581,2010-05-17 04:10:00+00:00,-16.9567,53.9809,5.0,27.956483,34.54545,191.628083,6.256172187
TARA_N000000607,2010-05-17 04:10:00+00:00,-16.9567,53.9809,5.0,27.956483,34.54545,191.628083,6.256172187
TARA_N000000608,2010-05-17 04:10:00+00:00,-16.9567,53.9809,5.0,27.956483,34.54545,191.628083,6.256172187
TARA_N000000613,2010-05-17 04:10:00+00:00,-16.9567,53.9809,5.0,27.956483,34.54545,191.628083,6.256172187
TARA_N000000614,2010-05-17 04:10:00+00:00,-16.9567,53.9809,5.0,27.956483,34.54545,191.628083,6.256172187
TARA_G100001792,2010-05-17 04:10:00+00:00,-16.9567,53.9809,5.0,27.956483,34.54545,191.628083,6.256172187
TARA_G100001793,2010-05-17 04:10:00+00:00,-16.9567,53.9809,5.0,27.956483,34.54545,191.628083,6.256172187
TARA_B000000387,2010-05-17 04:10:00+00:00,-16.957,53.9801,5.0,27.956483,34.54545,191.628083,6.256172187
TARA_B000000388,2010-05-17 04:10:00+00:00,-16.957,53.9801,5.0,27.956483,34.54545,191.628083,6.256172187
TARA_B000000389,2010-05-17 04:10:00+00:00,-16.957,53.9801,5.0,27.956483,34.54545,191.628083,6.256172187
TARA_B000000390,2010-05-17 04:10:00+00:00,-16.957,53.9801,5.0,27.956483,34.54545,191.628083,6.256172187
TARA_Y100000171,2010-05-17 04:10:00+00:00,-16.957,53.9801,5.0,27.956483,34.54545,191.628083,6.256172187
TARA_Y100000172,2010-05-17 04:10:00+00:00,-16.957,53.9801,5.0,27.956483,34.54545,191.628083,6.256172187
TARA_Y000000043,2010-05-17 04:10:00+00:00,-16.957,53.9801,5.0,27.956483,34.54545,191.628083,6.256172187
TARA_Y000000044,2010-05-17 04:10:00+00:00,-16.957,53.9801,5.0,27.956483,34.54545,191.628083,6.256172187
TARA_R100000227,2010-05-17 04:10:00+00:00,-16.957,53.9801,5.0,27.956483,34.54545,191.628083,6.256172187
TARA_R100000228,2010-05-17 04:10:00+00:00,-16.957,53.9801,5.0,27.956483,34.54545,191.628083,6.256172187
TARA_R000000168,2010-05-17 04:10:00+00:00,-16.957,53.9801,5.0,27.956483,34.54545,191.628083,6.256172187
TARA_R000000169,2010-05-17 04:10:00+00:00,-16.957,53.9801,5.0,27.956483,34.54545,191.628083,6.256172187
TARA_R000000170,2010-05-17 04:10:00+00:00,-16.957,53.9801,5.0,27.956483,34.54545,191.628083,6.256172187
TARA_G100001464,2010-05-17 04:10:00+00:00,-16.957,53.9801,5.0,27.956483,34.54545,191.628083,6.256172187
TARA_G100001465,2010-05-17 04:10:00+00:00,-16.957,53.9801,5.0,27.956483,34.54545,191.628083,6.256172187
TARA_G100001486,2010-05-17 04:10:00+00:00,-16.957,53.9801,5.0,27.956483,34.54545,191.628083,6.256172187
TARA_G100001487,2010-05-17 04:10:00+00:00,-16.957,53.9801,5.0,27.956483,34.54545,191.628083,6.256172187
TARA_G100001474,2010-05-17 04:10:00+00:00,-16.957,53.9801,5.0,27.956483,34.54545,191.628083,6.256172187
TARA_G100001475,2010-05-17 04:10:00+00:00,-16.957,53.9801,5.0,27.956483,34.54545,191.628083,6.256172187
TARA_R100000241,2010-05-17 04:10:00+00:00,-16.957,53.9801,5.0,27.956483,34.54545,191.628083,6.256172187
TARA_R100000242,2010-05-17 04:10:00+00:00,-16.957,53.9801,5.0,27.956483,34.54545,191.628083,6.256172187
TARA_G100001456,2010-05-17 04:10:00+00:00,-16.957,53.9801,5.0,27.956483,34.54545,191.628083,6.256172187
TARA_G100001457,2010-05-17 04:10:00+00:00,-16.957,53.9801,5.0,27.956483,34.54545,191.628083,6.256172187
TARA_G100001468,2010-05-17 04:10:00+00:00,-16.957,53.9801,5.0,27.956483,34.54545,191.628083,6.256172187
TARA_G100001469,2010-05-17 04:10:00+00:00,-16.957,53.9801,5.0,27.956483,34.54545,191.628083,6.256172187
TARA_B000000375,2010-05-17 04:10:00+00:00,-16.957,53.9801,5.0,27.956483,34.54545,191.628083,6.256172187
TARA_B000000376,2010-05-17 04:10:00+00:00,-16.957,53.9801,5.0,27.956483,34.54545,191.628083,6.256172187
TARA_B000000377,2010-05-17 04:10:00+00:00,-16.957,53.9801,5.0,27.956483,34.54545,191.628083,6.256172187
TARA_B000000378,2010-05-17 04:10:00+00:00,-16.957,53.9801,5.0,27.956483,34.54545,191.628083,6.256172187
TARA_B000000379,2010-05-17 04:10:00+00:00,-16.957,53.9801,5.0,27.956483,34.54545,191.628083,6.256172187
TARA_B000000380,2010-05-17 04:10:00+00:00,-16.957,53.9801,5.0,27.956483,34.54545,191.628083,6.256172187
TARA_R000000162,2010-05-17 04:10:00+00:00,-16.957,53.9801,5.0,27.956483,34.54545,191.628083,6.256172187
TARA_R000000163,2010-05-17 04:10:00+00:00,-16.957,53.9801,5.0,27.956483,34.54545,191.628083,6.256172187
TARA_R000000164,2010-05-17 04:10:00+00:00,-16.957,53.9801,5.0,27.956483,34.54545,191.628083,6.256172187
TARA_G000000995,2010-05-17 04:10:00+00:00,-16.957,53.9801,5.0,27.956483,34.54545,191.628083,6.256172187
TARA_G000000996,2010-05-17 04:10:00+00:00,-16.957,53.9801,5.0,27.956483,34.54545,191.628083,6.256172187
TARA_G000000997,2010-05-17 04:10:00+00:00,-16.957,53.9801,5.0,27.956483,34.54545,191.628083,6.256172187
TARA_G100001472,2010-05-17 04:10:00+00:00,-16.957,53.9801,5.0,27.956483,34.54545,191.628083,6.256172187
TARA_G100001478,2010-05-17 04:10:00+00:00,-16.957,53.9801,5.0,27.956483,34.54545,191.628083,6.256172187
TARA_G100001479,2010-05-17 04:10:00+00:00,-16.957,53.9801,5.0,27.956483,34.54545,191.628083,6.256172187
TARA_B100000217,2010-05-17 04:10:00+00:00,-16.957,53.9801,5.0,27.956483,34.54545,191.628083,6.256172187
TARA_R100000245,2010-05-17 04:10:00+00:00,-16.957,53.9801,5.0,27.956483,34.54545,191.628083,6.256172187
TARA_G100001460,2010-05-17 04:10:00+00:00,-16.957,53.9801,5.0,27.956483,34.54545,191.628083,6.256172187
TARA_G100001461,2010-05-17 04:10:00+00:00,-16.957,53.9801,5.0,27.956483,34.54545,191.628083,6.256172187
TARA_G100001482,2010-05-17 04:10:00+00:00,-16.957,53.9801,5.0,27.956483,34.54545,191.628083,6.256172187
TARA_G100001483,2010-05-17 04:10:00+00:00,-16.957,53.9801,5.0,27.956483,34.54545,191.628083,6.256172187
TARA_R000000174,2010-05-17 04:10:00+00:00,-16.957,53.9801,5.0,27.956483,34.54545,191.628083,6.256172187
TARA_R000000175,2010-05-17 04:10:00+00:00,-16.957,53.9801,5.0,27.956483,34.54545,191.628083,6.256172187
TARA_R100000237,2010-05-17 04:10:00+00:00,-16.957,53.9801,5.0,27.956483,34.54545,191.628083,6.256172187
TARA_R100000238,2010-05-17 04:10:00+00:00,-16.957,53.9801,5.0,27.956483,34.54545,191.628083,6.256172187
TARA_G100001452,2010-05-17 04:10:00+00:00,-16.957,53.9801,5.0,27.956483,34.54545,191.628083,6.256172187
TARA_G100001453,2010-05-17 04:10:00+00:00,-16.957,53.9801,5.0,27.956483,34.54545,191.628083,6.256172187
TARA_B100000204,2010-05-17 04:10:00+00:00,-16.957,53.9801,5.0,27.956483,34.54545,191.628083,6.256172187
TARA_B100000205,2010-05-17 04:10:00+00:00,-16.957,53.9801,5.0,27.956483,34.54545,191.628083,6.256172187
TARA_B100000201,2010-05-17 04:10:00+00:00,-16.957,53.9801,5.0,27.956483,34.54545,191.628083,6.256172187
TARA_B100000202,2010-05-17 04:10:00+00:00,-16.957,53.9801,5.0,27.956483,34.54545,191.628083,6.256172187
TARA_B100000216,2010-05-17 04:10:00+00:00,-16.957,53.9801,5.0,27.956483,34.54545,191.628083,6.256172187
TARA_N000000186,2010-05-17 04:10:00+00:00,-16.957,53.9801,5.0,27.956483,34.54545,191.628083,6.256172187
TARA_N000000361,2010-05-17 04:10:00+00:00,-16.957,53.9801,5.0,27.956483,34.54545,191.628083,6.256172187
TARA_N000000598,2010-05-17 04:10:00+00:00,-16.957,53.9801,5.0,27.956483,34.54545,191.628083,6.256172187
TARA_N000000599,2010-05-17 04:10:00+00:00,-16.957,53.9801,5.0,27.956483,34.54545,191.628083,6.256172187
TARA_B100000212,2010-05-17 04:10:00+00:00,-16.957,53.9801,5.0,27.956483,34.54545,191.628083,6.256172187
TARA_B100000213,2010-05-17 04:10:00+00:00,-16.957,53.9801,5.0,27.956483,34.54545,191.628083,6.256172187
TARA_B100000208,2010-05-17 04:10:00+00:00,-16.957,53.9801,5.0,27.956483,34.54545,191.628083,6.256172187
TARA_B100000209,2010-05-17 04:10:00+00:00,-16.957,53.9801,5.0,27.956483,34.54545,191.628083,6.256172187
TARA_N000000364,2010-05-17 04:10:00+00:00,-16.957,53.9801,5.0,27.956483,34.54545,191.628083,6.256172187
TARA_N000000365,2010-05-17 04:10:00+00:00,-16.957,53.9801,5.0,27.956483,34.54545,191.628083,6.256172187
TARA_N000000594,2010-05-17 04:10:00+00:00,-16.957,53.9801,5.0,27.956483,34.54545,191.628083,6.256172187
TARA_N000000595,2010-05-17 04:10:00+00:00,-16.957,53.9801,5.0,27.956483,34.54545,191.628083,6.256172187
TARA_Y100000168,2010-05-17 04:10:00+00:00,-16.957,53.9801,5.0,27.956483,34.54545,191.628083,6.256172187
TARA_Y100000166,2010-05-17 04:10:00+00:00,-16.957,53.9801,5.0,27.956483,34.54545,191.628083,6.256172187
TARA_Y100000167,2010-05-17 04:10:00+00:00,-16.957,53.9801,5.0,27.956483,34.54545,191.628083,6.256172187
TARA_Y100000164,2010-05-17 04:10:00+00:00,-16.957,53.9801,5.0,27.956483,34.54545,191.628083,6.256172187
TARA_Y100000165,2010-05-17 04:10:00+00:00,-16.957,53.9801,5.0,27.956483,34.54545,191.628083,6.256172187
TARA_R100000231,2010-05-17 04:10:00+00:00,-16.957,53.9801,5.0,27.956483,34.54545,191.628083,6.256172187
TARA_R100000232,2010-05-17 04:10:00+00:00,-16.957,53.9801,5.0,27.956483,34.54545,191.628083,6.256172187
TARA_R100000233,2010-05-17 04:10:00+00:00,-16.957,53.9801,5.0,27.956483,34.54545,191.628083,6.256172187
TARA_Y100000169,2010-05-17 04:10:00+00:00,-16.957,53.9801,5.0,27.956483,34.54545,191.628083,6.256172187
TARA_G000001001,2010-05-17 04:10:00+00:00,-16.957,53.9801,5.0,27.956483,34.54545,191.628083,6.256172187
TARA_G000001002,2010-05-17 04:10:00+00:00,-16.957,53.9801,5.0,27.956483,34.54545,191.628083,6.256172187
TARA_G000000991,2010-05-17 04:10:00+00:00,-16.957,53.9801,5.0,27.956483,34.54545,191.628083,6.256172187
TARA_G000000992,2010-05-17 04:10:00+00:00,-16.957,53.9801,5.0,27.956483,34.54545,191.628083,6.256172187
TARA_N000000570,2010-05-17 05:45:00+00:00,-16.9616,53.9541,5.0,27.956483,34.54545,191.628083,6.256172187
TARA_N000000574,2010-05-17 05:45:00+00:00,-16.9616,53.9541,5.0,27.956483,34.54545,191.628083,6.256172187
TARA_G100001492,2010-05-17 06:48:00+00:00,-16.9672,53.9337,5.0,27.956483,34.54545,191.628083,6.256172187
TARA_G100001493,2010-05-17 06:48:00+00:00,-16.9672,53.9337,5.0,27.956483,34.54545,191.628083,6.256172187
TARA_G100001490,2010-05-17 06:48:00+00:00,-16.9672,53.9337,5.0,27.956483,34.54545,191.628083,6.256172187
TARA_G100001504,2010-05-17 06:48:00+00:00,-16.9672,53.9337,5.0,27.956483,34.54545,191.628083,6.256172187
TARA_G100001505,2010-05-17 06:48:00+00:00,-16.9672,53.9337,5.0,27.956483,34.54545,191.628083,6.256172187
TARA_G100001508,2010-05-17 06:48:00+00:00,-16.9672,53.9337,5.0,27.956483,34.54545,191.628083,6.256172187
TARA_G100001509,2010-05-17 06:48:00+00:00,-16.9672,53.9337,5.0,27.956483,34.54545,191.628083,6.256172187
TARA_G100001514,2010-05-17 06:48:00+00:00,-16.9672,53.9337,5.0,27.956483,34.54545,191.628083,6.256172187
TARA_G100001515,2010-05-17 06:48:00+00:00,-16.9672,53.9337,5.0,27.956483,34.54545,191.628083,6.256172187
TARA_G100001496,2010-05-17 06:48:00+00:00,-16.9672,53.9337,5.0,27.956483,34.54545,191.628083,6.256172187
TARA_G100001497,2010-05-17 06:48:00+00:00,-16.9672,53.9337,5.0,27.956483,34.54545,191.628083,6.256172187
TARA_N000000359,2010-05-17 06:48:00+00:00,-16.9672,53.9337,5.0,27.956483,34.54545,191.628083,6.256172187
TARA_N000000360,2010-05-17 06:48:00+00:00,-16.9672,53.9337,5.0,27.956483,34.54545,191.628083,6.256172187
TARA_N000000586,2010-05-17 06:48:00+00:00,-16.9672,53.9337,5.0,27.956483,34.54545,191.628083,6.256172187
TARA_N000000587,2010-05-17 06:48:00+00:00,-16.9672,53.9337,5.0,27.956483,34.54545,191.628083,6.256172187
TARA_N000000588,2010-05-17 06:48:00+00:00,-16.9672,53.9337,5.0,27.956483,34.54545,191.628083,6.256172187
TARA_N000000589,2010-05-17 06:48:00+00:00,-16.9672,53.9337,5.0,27.956483,34.54545,191.628083,6.256172187
TARA_N000000603,2010-05-17 06:48:00+00:00,-16.9672,53.9337,5.0,27.956483,34.54545,191.628083,6.256172187
TARA_N000000604,2010-05-17 06:48:00+00:00,-16.9672,53.9337,5.0,27.956483,34.54545,191.628083,6.256172187
TARA_G100001500,2010-05-17 06:48:00+00:00,-16.9672,53.9337,5.0,27.956483,34.54545,191.628083,6.256172187
TARA_G100001501,2010-05-17 06:48:00+00:00,-16.9672,53.9337,5.0,27.956483,34.54545,191.628083,6.256172187
TARA_B000000605,2010-06-26 07:05:00+00:00,-15.3424,43.2965,5.0,27.296125,35.0302,193.165,6.515589473
TARA_B000000606,2010-06-26 07:05:00+00:00,-15.3424,43.2965,5.0,27.296125,35.0302,193.165,6.515589473
TARA_B000000607,2010-06-26 07:05:00+00:00,-15.3424,43.2965,5.0,27.296125,35.0302,193.165,6.515589473
TARA_R100000356,2010-06-26 07:05:00+00:00,-15.3424,43.2965,5.0,27.296125,35.0302,193.165,6.515589473
TARA_R100000357,2010-06-26 07:05:00+00:00,-15.3424,43.2965,5.0,27.296125,35.0302,193.165,6.515589473
TARA_R000000211,2010-06-26 07:05:00+00:00,-15.3424,43.2965,5.0,27.296125,35.0302,193.165,6.515589473
TARA_R000000212,2010-06-26 07:05:00+00:00,-15.3424,43.2965,5.0,27.296125,35.0302,193.165,6.515589473
TARA_G100002775,2010-06-26 07:05:00+00:00,-15.3424,43.2965,5.0,27.296125,35.0302,193.165,6.515589473
TARA_G100002770,2010-06-26 07:05:00+00:00,-15.3424,43.2965,5.0,27.296125,35.0302,193.165,6.515589473
TARA_G100002771,2010-06-26 07:05:00+00:00,-15.3424,43.2965,5.0,27.296125,35.0302,193.165,6.515589473
TARA_G100002776,2010-06-26 07:05:00+00:00,-15.3424,43.2965,5.0,27.296125,35.0302,193.165,6.515589473
TARA_B000000591,2010-06-26 07:05:00+00:00,-15.3424,43.2965,5.0,27.296125,35.0302,193.165,6.515589473
TARA_B000000592,2010-06-26 07:05:00+00:00,-15.3424,43.2965,5.0,27.296125,35.0302,193.165,6.515589473
TARA_B000000593,2010-06-26 07:05:00+00:00,-15.3424,43.2965,5.0,27.296125,35.0302,193.165,6.515589473
TARA_B000000594,2010-06-26 07:05:00+00:00,-15.3424,43.2965,5.0,27.296125,35.0302,193.165,6.515589473
TARA_R000000206,2010-06-26 07:05:00+00:00,-15.3424,43.2965,5.0,27.296125,35.0302,193.165,6.515589473
TARA_R000000207,2010-06-26 07:05:00+00:00,-15.3424,43.2965,5.0,27.296125,35.0302,193.165,6.515589473
TARA_R000000208,2010-06-26 07:05:00+00:00,-15.3424,43.2965,5.0,27.296125,35.0302,193.165,6.515589473
TARA_G000000953,2010-06-26 07:05:00+00:00,-15.3424,43.2965,5.0,27.296125,35.0302,193.165,6.515589473
TARA_G000000954,2010-06-26 07:05:00+00:00,-15.3424,43.2965,5.0,27.296125,35.0302,193.165,6.515589473
TARA_G000000955,2010-06-26 07:05:00+00:00,-15.3424,43.2965,5.0,27.296125,35.0302,193.165,6.515589473
TARA_G100002768,2010-06-26 07:05:00+00:00,-15.3424,43.2965,5.0,27.296125,35.0302,193.165,6.515589473
TARA_G100002772,2010-06-26 07:05:00+00:00,-15.3424,43.2965,5.0,27.296125,35.0302,193.165,6.515589473
TARA_G100002773,2010-06-26 07:05:00+00:00,-15.3424,43.2965,5.0,27.296125,35.0302,193.165,6.515589473
TARA_B100000386,2010-06-26 07:05:00+00:00,-15.3424,43.2965,5.0,27.296125,35.0302,193.165,6.515589473
TARA_R100000351,2010-06-26 07:05:00+00:00,-15.3424,43.2965,5.0,27.296125,35.0302,193.165,6.515589473
TARA_G100002774,2010-06-26 07:05:00+00:00,-15.3424,43.2965,5.0,27.296125,35.0302,193.165,6.515589473
TARA_R100000358,2010-06-26 07:05:00+00:00,-15.3424,43.2965,5.0,27.296125,35.0302,193.165,6.515589473
TARA_R100000359,2010-06-26 07:05:00+00:00,-15.3424,43.2965,5.0,27.296125,35.0302,193.165,6.515589473
TARA_X000001390,2010-06-26 07:05:00+00:00,-15.3424,43.2965,5.0,27.296125,35.0302,193.165,6.515589473
TARA_B000000609,2010-06-26 07:05:00+00:00,-15.3424,43.2965,5.0,27.296125,35.0302,193.165,6.515589473
TARA_B000000610,2010-06-26 07:05:00+00:00,-15.3424,43.2965,5.0,27.296125,35.0302,193.165,6.515589473
TARA_B000000611,2010-06-26 07:05:00+00:00,-15.3424,43.2965,5.0,27.296125,35.0302,193.165,6.515589473
TARA_B000000157,2010-06-26 07:05:00+00:00,-15.3424,43.2965,5.0,27.296125,35.0302,193.165,6.515589473
TARA_Y100000221,2010-06-26 07:05:00+00:00,-15.3424,43.2965,5.0,27.296125,35.0302,193.165,6.515589473
TARA_R100000353,2010-06-26 07:05:00+00:00,-15.3424,43.2965,5.0,27.296125,35.0302,193.165,6.515589473
TARA_R100000354,2010-06-26 07:05:00+00:00,-15.3424,43.2965,5.0,27.296125,35.0302,193.165,6.515589473
TARA_R100000355,2010-06-26 07:05:00+00:00,-15.3424,43.2965,5.0,27.296125,35.0302,193.165,6.515589473
TARA_G100002769,2010-06-26 07:05:00+00:00,-15.3424,43.2965,5.0,27.296125,35.0302,193.165,6.515589473
TARA_G000000956,2010-06-26 07:05:00+00:00,-15.3424,43.2965,5.0,27.296125,35.0302,193.165,6.515589473
TARA_G000000957,2010-06-26 07:05:00+00:00,-15.3424,43.2965,5.0,27.296125,35.0302,193.165,6.515589473
TARA_G000000958,2010-06-26 07:05:00+00:00,-15.3424,43.2965,5.0,27.296125,35.0302,193.165,6.515589473
TARA_B000000602,2010-06-26 07:12:00+00:00,-15.3379,43.2948,1000.0,6.126213,34.8189,91.9555,6.934209534
TARA_B000000603,2010-06-26 07:12:00+00:00,-15.3379,43.2948,1000.0,6.126213,34.8189,91.9555,6.934209534
TARA_B000000604,2010-06-26 07:12:00+00:00,-15.3379,43.2948,1000.0,6.126213,34.8189,91.9555,6.934209534
TARA_Y100000224,2010-06-26 07:12:00+00:00,-15.3379,43.2948,1000.0,6.126213,34.8189,91.9555,6.934209534
TARA_Y100000225,2010-06-26 07:12:00+00:00,-15.3379,43.2948,1000.0,6.126213,34.8189,91.9555,6.934209534
TARA_Y000000047,2010-06-26 07:12:00+00:00,-15.3379,43.2948,1000.0,6.126213,34.8189,91.9555,6.934209534
TARA_Y000000048,2010-06-26 07:12:00+00:00,-15.3379,43.2948,1000.0,6.126213,34.8189,91.9555,6.934209534
TARA_R100000368,2010-06-26 07:12:00+00:00,-15.3379,43.2948,1000.0,6.126213,34.8189,91.9555,6.934209534
TARA_R100000369,2010-06-26 07:12:00+00:00,-15.3379,43.2948,1000.0,6.126213,34.8189,91.9555,6.934209534
TARA_R000000209,2010-06-26 07:12:00+00:00,-15.3379,43.2948,1000.0,6.126213,34.8189,91.9555,6.934209534
TARA_R000000210,2010-06-26 07:12:00+00:00,-15.3379,43.2948,1000.0,6.126213,34.8189,91.9555,6.934209534
TARA_G100002767,2010-06-26 07:12:00+00:00,-15.3379,43.2948,1000.0,6.126213,34.8189,91.9555,6.934209534
TARA_G100002760,2010-06-26 07:12:00+00:00,-15.3379,43.2948,1000.0,6.126213,34.8189,91.9555,6.934209534
TARA_G100002761,2010-06-26 07:12:00+00:00,-15.3379,43.2948,1000.0,6.126213,34.8189,91.9555,6.934209534
TARA_B000000595,2010-06-26 07:12:00+00:00,-15.3379,43.2948,1000.0,6.126213,34.8189,91.9555,6.934209534
TARA_B000000596,2010-06-26 07:12:00+00:00,-15.3379,43.2948,1000.0,6.126213,34.8189,91.9555,6.934209534
TARA_B000000597,2010-06-26 07:12:00+00:00,-15.3379,43.2948,1000.0,6.126213,34.8189,91.9555,6.934209534
TARA_B000000598,2010-06-26 07:12:00+00:00,-15.3379,43.2948,1000.0,6.126213,34.8189,91.9555,6.934209534
TARA_R000000213,2010-06-26 07:12:00+00:00,-15.3379,43.2948,1000.0,6.126213,34.8189,91.9555,6.934209534
TARA_R000000214,2010-06-26 07:12:00+00:00,-15.3379,43.2948,1000.0,6.126213,34.8189,91.9555,6.934209534
TARA_R000000215,2010-06-26 07:12:00+00:00,-15.3379,43.2948,1000.0,6.126213,34.8189,91.9555,6.934209534
TARA_G100002777,2010-06-26 07:12:00+00:00,-15.3379,43.2948,1000.0,6.126213,34.8189,91.9555,6.934209534
TARA_G000000962,2010-06-26 07:12:00+00:00,-15.3379,43.2948,1000.0,6.126213,34.8189,91.9555,6.934209534
TARA_G000000963,2010-06-26 07:12:00+00:00,-15.3379,43.2948,1000.0,6.126213,34.8189,91.9555,6.934209534
TARA_G000000964,2010-06-26 07:12:00+00:00,-15.3379,43.2948,1000.0,6.126213,34.8189,91.9555,6.934209534
TARA_G100002758,2010-06-26 07:12:00+00:00,-15.3379,43.2948,1000.0,6.126213,34.8189,91.9555,6.934209534
TARA_G100002759,2010-06-26 07:12:00+00:00,-15.3379,43.2948,1000.0,6.126213,34.8189,91.9555,6.934209534
TARA_G100002762,2010-06-26 07:12:00+00:00,-15.3379,43.2948,1000.0,6.126213,34.8189,91.9555,6.934209534
TARA_G100002763,2010-06-26 07:12:00+00:00,-15.3379,43.2948,1000.0,6.126213,34.8189,91.9555,6.934209534
TARA_B100000381,2010-06-26 07:12:00+00:00,-15.3379,43.2948,1000.0,6.126213,34.8189,91.9555,6.934209534
TARA_R100000361,2010-06-26 07:12:00+00:00,-15.3379,43.2948,1000.0,6.126213,34.8189,91.9555,6.934209534
TARA_R100000363,2010-06-26 07:12:00+00:00,-15.3379,43.2948,1000.0,6.126213,34.8189,91.9555,6.934209534
TARA_R100000364,2010-06-26 07:12:00+00:00,-15.3379,43.2948,1000.0,6.126213,34.8189,91.9555,6.934209534
TARA_B100000378,2010-06-26 07:12:00+00:00,-15.3379,43.2948,1000.0,6.195775,34.8293,88.88975,6.934209534
TARA_B100000377,2010-06-26 07:12:00+00:00,-15.3379,43.2948,1000.0,6.195775,34.8293,88.88975,6.934209534
TARA_Y100000226,2010-06-26 07:12:00+00:00,-15.3379,43.2948,1000.0,6.126213,34.8189,91.9555,6.934209534
TARA_R100000365,2010-06-26 07:12:00+00:00,-15.3379,43.2948,1000.0,6.195775,34.8293,88.88975,6.934209534
TARA_R100000366,2010-06-26 07:12:00+00:00,-15.3379,43.2948,1000.0,6.195775,34.8293,88.88975,6.934209534
TARA_R100000367,2010-06-26 07:12:00+00:00,-15.3379,43.2948,1000.0,6.195775,34.8293,88.88975,6.934209534
TARA_G100002765,2010-06-26 07:12:00+00:00,-15.3379,43.2948,1000.0,6.126213,34.8189,91.9555,6.934209534
TARA_G000000959,2010-06-26 07:12:00+00:00,-15.3379,43.2948,1000.0,6.126213,34.8189,91.9555,6.934209534
TARA_G000000960,2010-06-26 07:12:00+00:00,-15.3379,43.2948,1000.0,6.126213,34.8189,91.9555,6.934209534
TARA_G000000961,2010-06-26 07:12:00+00:00,-15.3379,43.2948,1000.0,6.126213,34.8189,91.9555,6.934209534
TARA_B000000570,2010-06-27 12:05:00+00:00,-17.0248,42.7401,5.0,26.553475,35.124517,194.060917,6.569161611
TARA_B000000571,2010-06-27 12:05:00+00:00,-17.0248,42.7401,5.0,26.553475,35.124517,194.060917,6.569161611
TARA_B000000572,2010-06-27 12:05:00+00:00,-17.0248,42.7401,5.0,26.553475,35.124517,194.060917,6.569161611
TARA_Y100000215,2010-06-27 12:05:00+00:00,-17.0248,42.7401,5.0,26.553475,35.124517,194.060917,6.569161611
TARA_Y100000216,2010-06-27 12:05:00+00:00,-17.0248,42.7401,5.0,26.553475,35.124517,194.060917,6.569161611
TARA_Y000000049,2010-06-27 12:05:00+00:00,-17.0248,42.7401,5.0,26.553475,35.124517,194.060917,6.569161611
TARA_Y000000050,2010-06-27 12:05:00+00:00,-17.0248,42.7401,5.0,26.553475,35.124517,194.060917,6.569161611
TARA_R100000350,2010-06-27 12:05:00+00:00,-17.0248,42.7401,5.0,26.553475,35.124517,194.060917,6.569161611
TARA_R000000222,2010-06-27 12:05:00+00:00,-17.0248,42.7401,5.0,26.553475,35.124517,194.060917,6.569161611
TARA_R000000223,2010-06-27 12:05:00+00:00,-17.0248,42.7401,5.0,26.553475,35.124517,194.060917,6.569161611
TARA_G100002784,2010-06-27 12:05:00+00:00,-17.0248,42.7401,5.0,26.553475,35.124517,194.060917,6.569161611
TARA_G100002785,2010-06-27 12:05:00+00:00,-17.0248,42.7401,5.0,26.553475,35.124517,194.060917,6.569161611
TARA_G100002788,2010-06-27 12:05:00+00:00,-17.0248,42.7401,5.0,26.553475,35.124517,194.060917,6.569161611
TARA_G100002789,2010-06-27 12:05:00+00:00,-17.0248,42.7401,5.0,26.553475,35.124517,194.060917,6.569161611
TARA_G100002791,2010-06-27 12:05:00+00:00,-17.0248,42.7401,5.0,26.553475,35.124517,194.060917,6.569161611
TARA_G100002792,2010-06-27 12:05:00+00:00,-17.0248,42.7401,5.0,26.553475,35.124517,194.060917,6.569161611
TARA_R100000297,2010-06-27 12:05:00+00:00,-17.0248,42.7401,5.0,26.553475,35.124517,194.060917,6.569161611
TARA_G100002780,2010-06-27 12:05:00+00:00,-17.0248,42.7401,5.0,26.553475,35.124517,194.060917,6.569161611
TARA_G100002781,2010-06-27 12:05:00+00:00,-17.0248,42.7401,5.0,26.553475,35.124517,194.060917,6.569161611
TARA_G100002795,2010-06-27 12:05:00+00:00,-17.0248,42.7401,5.0,26.553475,35.124517,194.060917,6.569161611
TARA_G100002796,2010-06-27 12:05:00+00:00,-17.0248,42.7401,5.0,26.553475,35.124517,194.060917,6.569161611
TARA_B000000573,2010-06-27 12:05:00+00:00,-17.0248,42.7401,5.0,26.553475,35.124517,194.060917,6.569161611
TARA_B000000574,2010-06-27 12:05:00+00:00,-17.0248,42.7401,5.0,26.553475,35.124517,194.060917,6.569161611
TARA_B000000575,2010-06-27 12:05:00+00:00,-17.0248,42.7401,5.0,26.553475,35.124517,194.060917,6.569161611
TARA_B000000576,2010-06-27 12:05:00+00:00,-17.0248,42.7401,5.0,26.553475,35.124517,194.060917,6.569161611
TARA_R000000219,2010-06-27 12:05:00+00:00,-17.0248,42.7401,5.0,26.553475,35.124517,194.060917,6.569161611
TARA_R000000220,2010-06-27 12:05:00+00:00,-17.0248,42.7401,5.0,26.553475,35.124517,194.060917,6.569161611
TARA_R000000221,2010-06-27 12:05:00+00:00,-17.0248,42.7401,5.0,26.553475,35.124517,194.060917,6.569161611
TARA_G000000950,2010-06-27 12:05:00+00:00,-17.0248,42.7401,5.0,26.553475,35.124517,194.060917,6.569161611
TARA_G000000951,2010-06-27 12:05:00+00:00,-17.0248,42.7401,5.0,26.553475,35.124517,194.060917,6.569161611
TARA_G000000952,2010-06-27 12:05:00+00:00,-17.0248,42.7401,5.0,26.553475,35.124517,194.060917,6.569161611
TARA_G100002790,2010-06-27 12:05:00+00:00,-17.0248,42.7401,5.0,26.553475,35.124517,194.060917,6.569161611
TARA_G100002793,2010-06-27 12:05:00+00:00,-17.0248,42.7401,5.0,26.553475,35.124517,194.060917,6.569161611
TARA_G100002794,2010-06-27 12:05:00+00:00,-17.0248,42.7401,5.0,26.553475,35.124517,194.060917,6.569161611
TARA_B100000396,2010-06-27 12:05:00+00:00,-17.0248,42.7401,5.0,26.553475,35.124517,194.060917,6.569161611
TARA_R100000298,2010-06-27 12:05:00+00:00,-17.0248,42.7401,5.0,26.553475,35.124517,194.060917,6.569161611
TARA_G100002782,2010-06-27 12:05:00+00:00,-17.0248,42.7401,5.0,26.553475,35.124517,194.060917,6.569161611
TARA_G100002783,2010-06-27 12:05:00+00:00,-17.0248,42.7401,5.0,26.553475,35.124517,194.060917,6.569161611
TARA_G100002786,2010-06-27 12:05:00+00:00,-17.0248,42.7401,5.0,26.553475,35.124517,194.060917,6.569161611
TARA_G100002787,2010-06-27 12:05:00+00:00,-17.0248,42.7401,5.0,26.553475,35.124517,194.060917,6.569161611
TARA_R000000216,2010-06-27 12:05:00+00:00,-17.0248,42.7401,5.0,26.553475,35.124517,194.060917,6.569161611
TARA_R000000217,2010-06-27 12:05:00+00:00,-17.0248,42.7401,5.0,26.553475,35.124517,194.060917,6.569161611
TARA_R000000218,2010-06-27 12:05:00+00:00,-17.0248,42.7401,5.0,26.553475,35.124517,194.060917,6.569161611
TARA_R100000295,2010-06-27 12:05:00+00:00,-17.0248,42.7401,5.0,26.553475,35.124517,194.060917,6.569161611
TARA_R100000296,2010-06-27 12:05:00+00:00,-17.0248,42.7401,5.0,26.553475,35.124517,194.060917,6.569161611
TARA_G100002778,2010-06-27 12:05:00+00:00,-17.0248,42.7401,5.0,26.553475,35.124517,194.060917,6.569161611
TARA_G100002779,2010-06-27 12:05:00+00:00,-17.0248,42.7401,5.0,26.553475,35.124517,194.060917,6.569161611
TARA_B000000563,2010-06-27 12:05:00+00:00,-17.0248,42.7401,5.0,26.553475,35.124517,194.060917,6.569161611
TARA_B000000565,2010-06-27 12:05:00+00:00,-17.0248,42.7401,5.0,26.553475,35.124517,194.060917,6.569161611
TARA_B000000562,2010-06-27 12:05:00+00:00,-17.0248,42.7401,5.0,26.553475,35.124517,194.060917,6.569161611
TARA_B000000564,2010-06-27 12:05:00+00:00,-17.0248,42.7401,5.0,26.553475,35.124517,194.060917,6.569161611
TARA_N000000443,2010-06-27 12:05:00+00:00,-17.0248,42.7401,5.0,26.553475,35.124517,194.060917,6.569161611
TARA_N000000444,2010-06-27 12:05:00+00:00,-17.0248,42.7401,5.0,26.553475,35.124517,194.060917,6.569161611
TARA_N000000455,2010-06-27 12:05:00+00:00,-17.0248,42.7401,5.0,26.553475,35.124517,194.060917,6.569161611
TARA_N000000456,2010-06-27 12:05:00+00:00,-17.0248,42.7401,5.0,26.553475,35.124517,194.060917,6.569161611
TARA_B000000567,2010-06-27 12:05:00+00:00,-17.0248,42.7401,5.0,26.553475,35.124517,194.060917,6.569161611
TARA_B000000569,2010-06-27 12:05:00+00:00,-17.0248,42.7401,5.0,26.553475,35.124517,194.060917,6.569161611
TARA_B000000566,2010-06-27 12:05:00+00:00,-17.0248,42.7401,5.0,26.553475,35.124517,194.060917,6.569161611
TARA_B000000568,2010-06-27 12:05:00+00:00,-17.0248,42.7401,5.0,26.553475,35.124517,194.060917,6.569161611
TARA_N000000445,2010-06-27 12:05:00+00:00,-17.0248,42.7401,5.0,26.553475,35.124517,194.060917,6.569161611
TARA_N000000446,2010-06-27 12:05:00+00:00,-17.0248,42.7401,5.0,26.553475,35.124517,194.060917,6.569161611
TARA_N000000457,2010-06-27 12:05:00+00:00,-17.0248,42.7401,5.0,26.553475,35.124517,194.060917,6.569161611
TARA_N000000458,2010-06-27 12:05:00+00:00,-17.0248,42.7401,5.0,26.553475,35.124517,194.060917,6.569161611
TARA_Y100000212,2010-06-27 12:05:00+00:00,-17.0248,42.7401,5.0,26.553475,35.124517,194.060917,6.569161611
TARA_Y100000218,2010-06-27 12:05:00+00:00,-17.0248,42.7401,5.0,26.553475,35.124517,194.060917,6.569161611
TARA_Y100000217,2010-06-27 12:05:00+00:00,-17.0248,42.7401,5.0,26.553475,35.124517,194.060917,6.569161611
TARA_R100000347,2010-06-27 12:05:00+00:00,-17.0248,42.7401,5.0,26.553475,35.124517,194.060917,6.569161611
TARA_R100000348,2010-06-27 12:05:00+00:00,-17.0248,42.7401,5.0,26.553475,35.124517,194.060917,6.569161611
TARA_R100000349,2010-06-27 12:05:00+00:00,-17.0248,42.7401,5.0,26.553475,35.124517,194.060917,6.569161611
TARA_G000000948,2010-06-27 12:05:00+00:00,-17.0248,42.7401,5.0,26.553475,35.124517,194.060917,6.569161611
TARA_G000000949,2010-06-27 12:05:00+00:00,-17.0248,42.7401,5.0,26.553475,35.124517,194.060917,6.569161611
TARA_G000000945,2010-06-27 12:05:00+00:00,-17.0248,42.7401,5.0,26.553475,35.124517,194.060917,6.569161611
TARA_G000000946,2010-06-27 12:05:00+00:00,-17.0248,42.7401,5.0,26.553475,35.124517,194.060917,6.569161611
TARA_N000000467,2010-06-27 12:22:00+00:00,-17.0248,42.7416,5.0,26.553475,35.124517,194.060917,6.569161611
TARA_N000000468,2010-06-27 12:22:00+00:00,-17.0248,42.7416,5.0,26.553475,35.124517,194.060917,6.569161611
TARA_P100000693,2010-06-27 14:16:00+00:00,-17.0244,42.7415,5.0,26.524231,35.122213,194.651437,6.569161611
TARA_G100002798,2010-06-27 14:16:00+00:00,-17.0244,42.7415,5.0,26.524231,35.122213,194.651437,6.569161611
TARA_G100002799,2010-06-27 14:16:00+00:00,-17.0244,42.7415,5.0,26.524231,35.122213,194.651437,6.569161611
TARA_G100002797,2010-06-27 14:16:00+00:00,-17.0244,42.7415,5.0,26.524231,35.122213,194.651437,6.569161611
TARA_G100002806,2010-06-27 14:16:00+00:00,-17.0244,42.7415,5.0,26.524231,35.122213,194.651437,6.569161611
TARA_G100002807,2010-06-27 14:16:00+00:00,-17.0244,42.7415,5.0,26.524231,35.122213,194.651437,6.569161611
TARA_G100002800,2010-06-27 14:16:00+00:00,-17.0244,42.7415,5.0,26.524231,35.122213,194.651437,6.569161611
TARA_G100002801,2010-06-27 14:16:00+00:00,-17.0244,42.7415,5.0,26.524231,35.122213,194.651437,6.569161611
TARA_G100002802,2010-06-27 14:16:00+00:00,-17.0244,42.7415,5.0,26.524231,35.122213,194.651437,6.569161611
TARA_G100002803,2010-06-27 14:16:00+00:00,-17.0244,42.7415,5.0,26.524231,35.122213,194.651437,6.569161611
TARA_N000000447,2010-06-27 14:16:00+00:00,-17.0244,42.7415,5.0,26.524231,35.122213,194.651437,6.569161611
TARA_N000000448,2010-06-27 14:16:00+00:00,-17.0244,42.7415,5.0,26.524231,35.122213,194.651437,6.569161611
TARA_N000000449,2010-06-27 14:16:00+00:00,-17.0244,42.7415,5.0,26.524231,35.122213,194.651437,6.569161611
TARA_N000000450,2010-06-27 14:16:00+00:00,-17.0244,42.7415,5.0,26.524231,35.122213,194.651437,6.569161611
TARA_N000000459,2010-06-27 14:16:00+00:00,-17.0244,42.7415,5.0,26.524231,35.122213,194.651437,6.569161611
TARA_N000000460,2010-06-27 14:16:00+00:00,-17.0244,42.7415,5.0,26.524231,35.122213,194.651437,6.569161611
TARA_N000000461,2010-06-27 14:16:00+00:00,-17.0244,42.7415,5.0,26.524231,35.122213,194.651437,6.569161611
TARA_N000000462,2010-06-27 14:16:00+00:00,-17.0244,42.7415,5.0,26.524231,35.122213,194.651437,6.569161611
TARA_K100000083,2010-06-27 14:16:00+00:00,-17.0244,42.7415,5.0,26.524231,35.122213,194.651437,6.569161611
TARA_G100002804,2010-06-27 14:16:00+00:00,-17.0244,42.7415,5.0,26.524231,35.122213,194.651437,6.569161611
TARA_G100002805,2010-06-27 14:16:00+00:00,-17.0244,42.7415,5.0,26.524231,35.122213,194.651437,6.569161611
TARA_P100000679,2010-06-29 12:35:00+00:00,-17.3401,42.2821,70.0,24.365844,35.1687,172.74725,6.639076129
TARA_G100002742,2010-06-29 12:35:00+00:00,-17.3401,42.2821,70.0,24.365844,35.1687,172.74725,6.639076129
TARA_G100002743,2010-06-29 12:35:00+00:00,-17.3401,42.2821,70.0,24.365844,35.1687,172.74725,6.639076129
TARA_G100002749,2010-06-29 12:35:00+00:00,-17.3401,42.2821,70.0,24.365844,35.1687,172.74725,6.639076129
TARA_G100002756,2010-06-29 12:35:00+00:00,-17.3401,42.2821,70.0,24.365844,35.1687,172.74725,6.639076129
TARA_G100002757,2010-06-29 12:35:00+00:00,-17.3401,42.2821,70.0,24.365844,35.1687,172.74725,6.639076129
TARA_G100002752,2010-06-29 12:35:00+00:00,-17.3401,42.2821,70.0,24.365844,35.1687,172.74725,6.639076129
TARA_G100002753,2010-06-29 12:35:00+00:00,-17.3401,42.2821,70.0,24.365844,35.1687,172.74725,6.639076129
TARA_N000000413,2010-06-29 12:35:00+00:00,-17.3401,42.2821,70.0,24.365844,35.1687,172.74725,6.639076129
TARA_N000000414,2010-06-29 12:35:00+00:00,-17.3401,42.2821,70.0,24.365844,35.1687,172.74725,6.639076129
TARA_N000000415,2010-06-29 12:35:00+00:00,-17.3401,42.2821,70.0,24.365844,35.1687,172.74725,6.639076129
TARA_N000000416,2010-06-29 12:35:00+00:00,-17.3401,42.2821,70.0,24.365844,35.1687,172.74725,6.639076129
TARA_N000000433,2010-06-29 12:35:00+00:00,-17.3401,42.2821,70.0,24.365844,35.1687,172.74725,6.639076129
TARA_N000000434,2010-06-29 12:35:00+00:00,-17.3401,42.2821,70.0,24.365844,35.1687,172.74725,6.639076129
TARA_N000000435,2010-06-29 12:35:00+00:00,-17.3401,42.2821,70.0,24.365844,35.1687,172.74725,6.639076129
TARA_N000000436,2010-06-29 12:35:00+00:00,-17.3401,42.2821,70.0,24.365844,35.1687,172.74725,6.639076129
TARA_G100002746,2010-06-29 12:35:00+00:00,-17.3401,42.2821,70.0,24.365844,35.1687,172.74725,6.639076129
TARA_G100002747,2010-06-29 12:35:00+00:00,-17.3401,42.2821,70.0,24.365844,35.1687,172.74725,6.639076129
TARA_P100000143,2010-06-29 13:44:00+00:00,-17.3066,42.2853,70.0,24.365844,35.1687,172.74725,6.639076129
TARA_P100000682,2010-06-29 13:44:00+00:00,-17.3066,42.2853,70.0,24.365844,35.1687,172.74725,6.639076129
TARA_G100002722,2010-06-29 13:44:00+00:00,-17.3066,42.2853,70.0,24.365844,35.1687,172.74725,6.639076129
TARA_G100002723,2010-06-29 13:44:00+00:00,-17.3066,42.2853,70.0,24.365844,35.1687,172.74725,6.639076129
TARA_G100002892,2010-06-29 13:44:00+00:00,-17.3066,42.2853,70.0,24.365844,35.1687,172.74725,6.639076129
TARA_G100002737,2010-06-29 13:44:00+00:00,-17.3066,42.2853,70.0,24.365844,35.1687,172.74725,6.639076129
TARA_G100002739,2010-06-29 13:44:00+00:00,-17.3066,42.2853,70.0,24.365844,35.1687,172.74725,6.639076129
TARA_G100002726,2010-06-29 13:44:00+00:00,-17.3066,42.2853,70.0,24.365844,35.1687,172.74725,6.639076129
TARA_G100002727,2010-06-29 13:44:00+00:00,-17.3066,42.2853,70.0,24.365844,35.1687,172.74725,6.639076129
TARA_G100002730,2010-06-29 13:44:00+00:00,-17.3066,42.2853,70.0,24.365844,35.1687,172.74725,6.639076129
TARA_G100002731,2010-06-29 13:44:00+00:00,-17.3066,42.2853,70.0,24.365844,35.1687,172.74725,6.639076129
TARA_N000000401,2010-06-29 13:44:00+00:00,-17.3066,42.2853,70.0,24.365844,35.1687,172.74725,6.639076129
TARA_N000000402,2010-06-29 13:44:00+00:00,-17.3066,42.2853,70.0,24.365844,35.1687,172.74725,6.639076129
TARA_N000000403,2010-06-29 13:44:00+00:00,-17.3066,42.2853,70.0,24.365844,35.1687,172.74725,6.639076129
TARA_N000000404,2010-06-29 13:44:00+00:00,-17.3066,42.2853,70.0,24.365844,35.1687,172.74725,6.639076129
TARA_N000000429,2010-06-29 13:44:00+00:00,-17.3066,42.2853,70.0,24.365844,35.1687,172.74725,6.639076129
TARA_N000000430,2010-06-29 13:44:00+00:00,-17.3066,42.2853,70.0,24.365844,35.1687,172.74725,6.639076129
TARA_N000000431,2010-06-29 13:44:00+00:00,-17.3066,42.2853,70.0,24.365844,35.1687,172.74725,6.639076129
TARA_N000000432,2010-06-29 13:44:00+00:00,-17.3066,42.2853,70.0,24.365844,35.1687,172.74725,6.639076129
TARA_K100000085,2010-06-29 13:44:00+00:00,-17.3066,42.2853,70.0,24.365844,35.1687,172.74725,6.639076129
TARA_K100000084,2010-06-29 13:44:00+00:00,-17.3066,42.2853,70.0,24.365844,35.1687,172.74725,6.639076129
TARA_G100002734,2010-06-29 13:44:00+00:00,-17.3066,42.2853,70.0,24.365844,35.1687,172.74725,6.639076129
TARA_G100002735,2010-06-29 13:44:00+00:00,-17.3066,42.2853,70.0,24.365844,35.1687,172.74725,6.639076129
TARA_B000000588,2010-06-29 15:00:00+00:00,-17.2855,42.2866,66.0,25.113925,35.162694,181.101938,6.639076129
TARA_B000000589,2010-06-29 15:00:00+00:00,-17.2855,42.2866,66.0,25.113925,35.162694,181.101938,6.639076129
TARA_B000000590,2010-06-29 15:00:00+00:00,-17.2855,42.2866,66.0,25.113925,35.162694,181.101938,6.639076129
TARA_Y100000207,2010-06-29 15:00:00+00:00,-17.2855,42.2866,66.0,25.113925,35.162694,181.101938,6.639076129
TARA_Y100000208,2010-06-29 15:00:00+00:00,-17.2855,42.2866,66.0,25.113925,35.162694,181.101938,6.639076129
TARA_Y000000053,2010-06-29 15:00:00+00:00,-17.2855,42.2866,66.0,25.113925,35.162694,181.101938,6.639076129
TARA_Y000000054,2010-06-29 15:00:00+00:00,-17.2855,42.2866,66.0,25.113925,35.162694,181.101938,6.639076129
TARA_R100000272,2010-06-29 15:00:00+00:00,-17.2855,42.2866,66.0,25.113925,35.162694,181.101938,6.639076129
TARA_R000000238,2010-06-29 15:00:00+00:00,-17.2855,42.2866,66.0,25.113925,35.162694,181.101938,6.639076129
TARA_R000000239,2010-06-29 15:00:00+00:00,-17.2855,42.2866,66.0,25.113925,35.162694,181.101938,6.639076129
TARA_G100001357,2010-06-29 15:00:00+00:00,-17.2855,42.2866,66.0,25.113925,35.162694,181.101938,6.639076129
TARA_G100002695,2010-06-29 15:00:00+00:00,-17.2855,42.2866,66.0,25.113925,35.162694,181.101938,6.639076129
TARA_G100002716,2010-06-29 15:00:00+00:00,-17.2855,42.2866,66.0,25.113925,35.162694,181.101938,6.639076129
TARA_G100002717,2010-06-29 15:00:00+00:00,-17.2855,42.2866,66.0,25.113925,35.162694,181.101938,6.639076129
TARA_G100002700,2010-06-29 15:00:00+00:00,-17.2855,42.2866,66.0,25.113925,35.162694,181.101938,6.639076129
TARA_G100002701,2010-06-29 15:00:00+00:00,-17.2855,42.2866,66.0,25.113925,35.162694,181.101938,6.639076129
TARA_R100000285,2010-06-29 15:00:00+00:00,-17.2855,42.2866,66.0,25.113925,35.162694,181.101938,6.639076129
TARA_R100000286,2010-06-29 15:00:00+00:00,-17.2855,42.2866,66.0,25.113925,35.162694,181.101938,6.639076129
TARA_G100001349,2010-06-29 15:00:00+00:00,-17.2855,42.2866,66.0,25.113925,35.162694,181.101938,6.639076129
TARA_G100001350,2010-06-29 15:00:00+00:00,-17.2855,42.2866,66.0,25.113925,35.162694,181.101938,6.639076129
TARA_G100002704,2010-06-29 15:00:00+00:00,-17.2855,42.2866,66.0,25.113925,35.162694,181.101938,6.639076129
TARA_G100002705,2010-06-29 15:00:00+00:00,-17.2855,42.2866,66.0,25.113925,35.162694,181.101938,6.639076129
TARA_B000000581,2010-06-29 15:00:00+00:00,-17.2855,42.2866,66.0,25.113925,35.162694,181.101938,6.639076129
TARA_B000000582,2010-06-29 15:00:00+00:00,-17.2855,42.2866,66.0,25.113925,35.162694,181.101938,6.639076129
TARA_B000000583,2010-06-29 15:00:00+00:00,-17.2855,42.2866,66.0,25.113925,35.162694,181.101938,6.639076129
TARA_R000000230,2010-06-29 15:00:00+00:00,-17.2855,42.2866,66.0,25.113925,35.162694,181.101938,6.639076129
TARA_R000000231,2010-06-29 15:00:00+00:00,-17.2855,42.2866,66.0,25.113925,35.162694,181.101938,6.639076129
TARA_R000000232,2010-06-29 15:00:00+00:00,-17.2855,42.2866,66.0,25.113925,35.162694,181.101938,6.639076129
TARA_R000000402,2010-06-29 15:00:00+00:00,-17.2855,42.2866,66.0,25.113925,35.162694,181.101938,6.639076129
TARA_G000000972,2010-06-29 15:00:00+00:00,-17.2855,42.2866,66.0,25.113925,35.162694,181.101938,6.639076129
TARA_G000000973,2010-06-29 15:00:00+00:00,-17.2855,42.2866,66.0,25.113925,35.162694,181.101938,6.639076129
TARA_G000000974,2010-06-29 15:00:00+00:00,-17.2855,42.2866,66.0,25.113925,35.162694,181.101938,6.639076129
TARA_G100002697,2010-06-29 15:00:00+00:00,-17.2855,42.2866,66.0,25.113925,35.162694,181.101938,6.639076129
TARA_G100002708,2010-06-29 15:00:00+00:00,-17.2855,42.2866,66.0,25.113925,35.162694,181.101938,6.639076129
TARA_G100002709,2010-06-29 15:00:00+00:00,-17.2855,42.2866,66.0,25.113925,35.162694,181.101938,6.639076129
TARA_B100000398,2010-06-29 15:00:00+00:00,-17.2855,42.2866,66.0,25.113925,35.162694,181.101938,6.639076129
TARA_R100000288,2010-06-29 15:00:00+00:00,-17.2855,42.2866,66.0,25.113925,35.162694,181.101938,6.639076129
TARA_G100001353,2010-06-29 15:00:00+00:00,-17.2855,42.2866,66.0,25.113925,35.162694,181.101938,6.639076129
TARA_G100001354,2010-06-29 15:00:00+00:00,-17.2855,42.2866,66.0,25.113925,35.162694,181.101938,6.639076129
TARA_G100002712,2010-06-29 15:00:00+00:00,-17.2855,42.2866,66.0,25.113925,35.162694,181.101938,6.639076129
TARA_G100002713,2010-06-29 15:00:00+00:00,-17.2855,42.2866,66.0,25.113925,35.162694,181.101938,6.639076129
TARA_R000000227,2010-06-29 15:00:00+00:00,-17.2855,42.2866,66.0,25.113925,35.162694,181.101938,6.639076129
TARA_R000000228,2010-06-29 15:00:00+00:00,-17.2855,42.2866,66.0,25.113925,35.162694,181.101938,6.639076129
TARA_R000000229,2010-06-29 15:00:00+00:00,-17.2855,42.2866,66.0,25.113925,35.162694,181.101938,6.639076129
TARA_R100000281,2010-06-29 15:00:00+00:00,-17.2855,42.2866,66.0,25.113925,35.162694,181.101938,6.639076129
TARA_R100000282,2010-06-29 15:00:00+00:00,-17.2855,42.2866,66.0,25.113925,35.162694,181.101938,6.639076129
TARA_G100001345,2010-06-29 15:00:00+00:00,-17.2855,42.2866,66.0,25.113925,35.162694,181.101938,6.639076129
TARA_G100001346,2010-06-29 15:00:00+00:00,-17.2855,42.2866,66.0,25.113925,35.162694,181.101938,6.639076129
TARA_B000000557,2010-06-29 15:00:00+00:00,-17.2855,42.2866,66.0,25.113925,35.162694,181.101938,6.639076129
TARA_B000000556,2010-06-29 15:00:00+00:00,-17.2855,42.2866,66.0,25.113925,35.162694,181.101938,6.639076129
TARA_N000000395,2010-06-29 15:00:00+00:00,-17.2855,42.2866,66.0,25.113925,35.162694,181.101938,6.639076129
TARA_N000000396,2010-06-29 15:00:00+00:00,-17.2855,42.2866,66.0,25.113925,35.162694,181.101938,6.639076129
TARA_N000000419,2010-06-29 15:00:00+00:00,-17.2855,42.2866,66.0,25.113925,35.162694,181.101938,6.639076129
TARA_N000000420,2010-06-29 15:00:00+00:00,-17.2855,42.2866,66.0,25.113925,35.162694,181.101938,6.639076129
TARA_B000000550,2010-06-29 15:00:00+00:00,-17.2855,42.2866,66.0,25.113925,35.162694,181.101938,6.639076129
TARA_B000000551,2010-06-29 15:00:00+00:00,-17.2855,42.2866,66.0,25.113925,35.162694,181.101938,6.639076129
TARA_N000000399,2010-06-29 15:00:00+00:00,-17.2855,42.2866,66.0,25.113925,35.162694,181.101938,6.639076129
TARA_N000000400,2010-06-29 15:00:00+00:00,-17.2855,42.2866,66.0,25.113925,35.162694,181.101938,6.639076129
TARA_N000000423,2010-06-29 15:00:00+00:00,-17.2855,42.2866,66.0,25.113925,35.162694,181.101938,6.639076129
TARA_N000000424,2010-06-29 15:00:00+00:00,-17.2855,42.2866,66.0,25.113925,35.162694,181.101938,6.639076129
TARA_Y100000204,2010-06-29 15:00:00+00:00,-17.2855,42.2866,66.0,25.113925,35.162694,181.101938,6.639076129
TARA_Y100000206,2010-06-29 15:00:00+00:00,-17.2855,42.2866,66.0,25.113925,35.162694,181.101938,6.639076129
TARA_Y100000205,2010-06-29 15:00:00+00:00,-17.2855,42.2866,66.0,25.113925,35.162694,181.101938,6.639076129
TARA_R100000276,2010-06-29 15:00:00+00:00,-17.2855,42.2866,66.0,25.113925,35.162694,181.101938,6.639076129
TARA_R100000277,2010-06-29 15:00:00+00:00,-17.2855,42.2866,66.0,25.113925,35.162694,181.101938,6.639076129
TARA_R100000278,2010-06-29 15:00:00+00:00,-17.2855,42.2866,66.0,25.113925,35.162694,181.101938,6.639076129
TARA_G000000977,2010-06-29 15:00:00+00:00,-17.2855,42.2866,66.0,25.113925,35.162694,181.101938,6.639076129
TARA_G000000978,2010-06-29 15:00:00+00:00,-17.2855,42.2866,66.0,25.113925,35.162694,181.101938,6.639076129
TARA_G000000967,2010-06-29 15:00:00+00:00,-17.2855,42.2866,66.0,25.113925,35.162694,181.101938,6.639076129
TARA_G000000968,2010-06-29 15:00:00+00:00,-17.2855,42.2866,66.0,25.113925,35.162694,181.101938,6.639076129
TARA_B000000431,2010-07-07 12:13:00+00:00,-29.5046,37.9599,1000.0,7.552017,34.572658,190.888667,6.789891982
TARA_B000000432,2010-07-07 12:13:00+00:00,-29.5046,37.9599,1000.0,7.552017,34.572658,190.888667,6.789891982
TARA_B000000433,2010-07-07 12:13:00+00:00,-29.5046,37.9599,1000.0,7.552017,34.572658,190.888667,6.789891982
TARA_Y100000407,2010-07-07 12:13:00+00:00,-29.5046,37.9599,1000.0,7.552017,34.572658,190.888667,6.789891982
TARA_Y100000408,2010-07-07 12:13:00+00:00,-29.5046,37.9599,1000.0,7.552017,34.572658,190.888667,6.789891982
TARA_Y000000063,2010-07-07 12:13:00+00:00,-29.5046,37.9599,1000.0,7.552017,34.572658,190.888667,6.789891982
TARA_Y000000064,2010-07-07 12:13:00+00:00,-29.5046,37.9599,1000.0,7.552017,34.572658,190.888667,6.789891982
TARA_R100000320,2010-07-07 12:13:00+00:00,-29.5046,37.9599,1000.0,7.552017,34.572658,190.888667,6.789891982
TARA_R100000321,2010-07-07 12:13:00+00:00,-29.5046,37.9599,1000.0,7.552017,34.572658,190.888667,6.789891982
TARA_R000000372,2010-07-07 12:13:00+00:00,-29.5046,37.9599,1000.0,7.552017,34.572658,190.888667,6.789891982
TARA_R000000373,2010-07-07 12:13:00+00:00,-29.5046,37.9599,1000.0,7.552017,34.572658,190.888667,6.789891982
TARA_G100002637,2010-07-07 12:13:00+00:00,-29.5046,37.9599,1000.0,7.552017,34.572658,190.888667,6.789891982
TARA_G100002683,2010-07-07 12:13:00+00:00,-29.5046,37.9599,1000.0,7.552017,34.572658,190.888667,6.789891982
TARA_G100002631,2010-07-07 12:13:00+00:00,-29.5046,37.9599,1000.0,7.552017,34.572658,190.888667,6.789891982
TARA_G100002632,2010-07-07 12:13:00+00:00,-29.5046,37.9599,1000.0,7.552017,34.572658,190.888667,6.789891982
TARA_R100000304,2010-07-07 12:13:00+00:00,-29.5046,37.9599,1000.0,7.552017,34.572658,190.888667,6.789891982
TARA_R100000305,2010-07-07 12:13:00+00:00,-29.5046,37.9599,1000.0,7.552017,34.572658,190.888667,6.789891982
TARA_G100002638,2010-07-07 12:13:00+00:00,-29.5046,37.9599,1000.0,7.552017,34.572658,190.888667,6.789891982
TARA_B000000509,2010-07-07 12:13:00+00:00,-29.5046,37.9599,1000.0,7.552017,34.572658,190.888667,6.789891982
TARA_B000000510,2010-07-07 12:13:00+00:00,-29.5046,37.9599,1000.0,7.552017,34.572658,190.888667,6.789891982
TARA_B000000511,2010-07-07 12:13:00+00:00,-29.5046,37.9599,1000.0,7.552017,34.572658,190.888667,6.789891982
TARA_B000000512,2010-07-07 12:13:00+00:00,-29.5046,37.9599,1000.0,7.552017,34.572658,190.888667,6.789891982
TARA_R000000363,2010-07-07 12:13:00+00:00,-29.5046,37.9599,1000.0,7.552017,34.572658,190.888667,6.789891982
TARA_R000000364,2010-07-07 12:13:00+00:00,-29.5046,37.9599,1000.0,7.552017,34.572658,190.888667,6.789891982
TARA_R000000365,2010-07-07 12:13:00+00:00,-29.5046,37.9599,1000.0,7.552017,34.572658,190.888667,6.789891982
TARA_G000000906,2010-07-07 12:13:00+00:00,-29.5046,37.9599,1000.0,7.552017,34.572658,190.888667,6.789891982
TARA_G000000907,2010-07-07 12:13:00+00:00,-29.5046,37.9599,1000.0,7.552017,34.572658,190.888667,6.789891982
TARA_G000000908,2010-07-07 12:13:00+00:00,-29.5046,37.9599,1000.0,7.552017,34.572658,190.888667,6.789891982
TARA_G100002629,2010-07-07 12:13:00+00:00,-29.5046,37.9599,1000.0,7.552017,34.572658,190.888667,6.789891982
TARA_G100002630,2010-07-07 12:13:00+00:00,-29.5046,37.9599,1000.0,7.552017,34.572658,190.888667,6.789891982
TARA_G100002633,2010-07-07 12:13:00+00:00,-29.5046,37.9599,1000.0,7.552017,34.572658,190.888667,6.789891982
TARA_G100002634,2010-07-07 12:13:00+00:00,-29.5046,37.9599,1000.0,7.552017,34.572658,190.888667,6.789891982
TARA_B100000411,2010-07-07 12:13:00+00:00,-29.5046,37.9599,1000.0,7.552017,34.572658,190.888667,6.789891982
TARA_R100000303,2010-07-07 12:13:00+00:00,-29.5046,37.9599,1000.0,7.552017,34.572658,190.888667,6.789891982
TARA_R000000378,2010-07-07 12:13:00+00:00,-29.5046,37.9599,1000.0,7.552017,34.572658,190.888667,6.789891982
TARA_R000000379,2010-07-07 12:13:00+00:00,-29.5046,37.9599,1000.0,7.552017,34.572658,190.888667,6.789891982
TARA_R000000380,2010-07-07 12:13:00+00:00,-29.5046,37.9599,1000.0,7.552017,34.572658,190.888667,6.789891982
TARA_X000001391,2010-07-07 12:13:00+00:00,-29.5046,37.9599,1000.0,7.552017,34.572658,190.888667,6.789891982
TARA_B100000408,2010-07-07 12:13:00+00:00,-29.5046,37.9599,1000.0,7.552017,34.572658,190.888667,6.789891982
TARA_B000000423,2010-07-07 12:13:00+00:00,-29.5046,37.9599,1000.0,7.552017,34.572658,190.888667,6.789891982
TARA_N000000929,2010-07-07 12:13:00+00:00,-29.5046,37.9599,1000.0,7.552017,34.572658,190.888667,6.789891982
TARA_N000000930,2010-07-07 12:13:00+00:00,-29.5046,37.9599,1000.0,7.552017,34.572658,190.888667,6.789891982
TARA_N000000931,2010-07-07 12:13:00+00:00,-29.5046,37.9599,1000.0,7.552017,34.572658,190.888667,6.789891982
TARA_N000000932,2010-07-07 12:13:00+00:00,-29.5046,37.9599,1000.0,7.552017,34.572658,190.888667,6.789891982
TARA_B000000424,2010-07-07 12:13:00+00:00,-29.5046,37.9599,1000.0,7.552017,34.572658,190.888667,6.789891982
TARA_B100000409,2010-07-07 12:13:00+00:00,-29.5046,37.9599,1000.0,7.552017,34.572658,190.888667,6.789891982
TARA_Y100000406,2010-07-07 12:13:00+00:00,-29.5046,37.9599,1000.0,7.552017,34.572658,190.888667,6.789891982
TARA_R100000306,2010-07-07 12:13:00+00:00,-29.5046,37.9599,1000.0,7.552017,34.572658,190.888667,6.789891982
TARA_R100000307,2010-07-07 12:13:00+00:00,-29.5046,37.9599,1000.0,7.552017,34.572658,190.888667,6.789891982
TARA_R100000308,2010-07-07 12:13:00+00:00,-29.5046,37.9599,1000.0,7.552017,34.572658,190.888667,6.789891982
TARA_G100002635,2010-07-07 12:13:00+00:00,-29.5046,37.9599,1000.0,7.552017,34.572658,190.888667,6.789891982
TARA_G000000909,2010-07-07 12:13:00+00:00,-29.5046,37.9599,1000.0,7.552017,34.572658,190.888667,6.789891982
TARA_G000000910,2010-07-07 12:13:00+00:00,-29.5046,37.9599,1000.0,7.552017,34.572658,190.888667,6.789891982
TARA_G000000911,2010-07-07 12:13:00+00:00,-29.5046,37.9599,1000.0,7.552017,34.572658,190.888667,6.789891982
TARA_B000000465,2010-07-12 06:46:00+00:00,-35.1889,26.2905,850.0,8.33035,34.630583,199.726,6.791873452
TARA_B000000466,2010-07-12 06:46:00+00:00,-35.1889,26.2905,850.0,8.33035,34.630583,199.726,6.791873452
TARA_B000000467,2010-07-12 06:46:00+00:00,-35.1889,26.2905,850.0,8.33035,34.630583,199.726,6.791873452
TARA_Y100000351,2010-07-12 06:46:00+00:00,-35.1889,26.2905,850.0,8.33035,34.630583,199.726,6.791873452
TARA_Y100000352,2010-07-12 06:46:00+00:00,-35.1889,26.2905,850.0,8.33035,34.630583,199.726,6.791873452
TARA_Y000000069,2010-07-12 06:46:00+00:00,-35.1889,26.2905,850.0,8.33035,34.630583,199.726,6.791873452
TARA_Y000000070,2010-07-12 06:46:00+00:00,-35.1889,26.2905,850.0,8.33035,34.630583,199.726,6.791873452
TARA_R100001205,2010-07-12 06:46:00+00:00,-35.1889,26.2905,850.0,8.33035,34.630583,199.726,6.791873452
TARA_R100001206,2010-07-12 06:46:00+00:00,-35.1889,26.2905,850.0,8.33035,34.630583,199.726,6.791873452
TARA_R000001001,2010-07-12 06:46:00+00:00,-35.1889,26.2905,850.0,8.33035,34.630583,199.726,6.791873452
TARA_R000001002,2010-07-12 06:46:00+00:00,-35.1889,26.2905,850.0,8.33035,34.630583,199.726,6.791873452
TARA_G100001954,2010-07-12 06:46:00+00:00,-35.1889,26.2905,850.0,8.33035,34.630583,199.726,6.791873452
TARA_G100001955,2010-07-12 06:46:00+00:00,-35.1889,26.2905,850.0,8.33035,34.630583,199.726,6.791873452
TARA_G100001952,2010-07-12 06:46:00+00:00,-35.1889,26.2905,850.0,8.33035,34.630583,199.726,6.791873452
TARA_G100001953,2010-07-12 06:46:00+00:00,-35.1889,26.2905,850.0,8.33035,34.630583,199.726,6.791873452
TARA_R100001212,2010-07-12 06:46:00+00:00,-35.1889,26.2905,850.0,8.33035,34.630583,199.726,6.791873452
TARA_R100001213,2010-07-12 06:46:00+00:00,-35.1889,26.2905,850.0,8.33035,34.630583,199.726,6.791873452
TARA_G100001951,2010-07-12 06:46:00+00:00,-35.1889,26.2905,850.0,8.33035,34.630583,199.726,6.791873452
TARA_B000000468,2010-07-12 06:46:00+00:00,-35.1889,26.2905,850.0,8.33035,34.630583,199.726,6.791873452
TARA_B000000469,2010-07-12 06:46:00+00:00,-35.1889,26.2905,850.0,8.33035,34.630583,199.726,6.791873452
TARA_B000000470,2010-07-12 06:46:00+00:00,-35.1889,26.2905,850.0,8.33035,34.630583,199.726,6.791873452
TARA_B000000471,2010-07-12 06:46:00+00:00,-35.1889,26.2905,850.0,8.33035,34.630583,199.726,6.791873452
TARA_R000000994,2010-07-12 06:46:00+00:00,-35.1889,26.2905,850.0,8.33035,34.630583,199.726,6.791873452
TARA_R000000995,2010-07-12 06:46:00+00:00,-35.1889,26.2905,850.0,8.33035,34.630583,199.726,6.791873452
TARA_G000001906,2010-07-12 06:46:00+00:00,-35.1889,26.2905,850.0,8.33035,34.630583,199.726,6.791873452
TARA_G000001907,2010-07-12 06:46:00+00:00,-35.1889,26.2905,850.0,8.33035,34.630583,199.726,6.791873452
TARA_G000001908,2010-07-12 06:46:00+00:00,-35.1889,26.2905,850.0,8.33035,34.630583,199.726,6.791873452
TARA_G100001949,2010-07-12 06:46:00+00:00,-35.1889,26.2905,850.0,8.33035,34.630583,199.726,6.791873452
TARA_G100001950,2010-07-12 06:46:00+00:00,-35.1889,26.2905,850.0,8.33035,34.630583,199.726,6.791873452
TARA_G100001946,2010-07-12 06:46:00+00:00,-35.1889,26.2905,850.0,8.33035,34.630583,199.726,6.791873452
TARA_G100001969,2010-07-12 06:46:00+00:00,-35.1889,26.2905,850.0,8.33035,34.630583,199.726,6.791873452
TARA_B100000416,2010-07-12 06:46:00+00:00,-35.1889,26.2905,850.0,8.33035,34.630583,199.726,6.791873452
TARA_R100001214,2010-07-12 06:46:00+00:00,-35.1889,26.2905,850.0,8.33035,34.630583,199.726,6.791873452
TARA_R000000359,2010-07-12 06:46:00+00:00,-35.1889,26.2905,850.0,8.33035,34.630583,199.726,6.791873452
TARA_R000000360,2010-07-12 06:46:00+00:00,-35.1889,26.2905,850.0,8.33035,34.630583,199.726,6.791873452
TARA_R100001210,2010-07-12 06:46:00+00:00,-35.1889,26.2905,850.0,8.33035,34.630583,199.726,6.791873452
TARA_R100001211,2010-07-12 06:46:00+00:00,-35.1889,26.2905,850.0,8.33035,34.630583,199.726,6.791873452
TARA_B000000460,2010-07-12 06:46:00+00:00,-35.1889,26.2905,850.0,8.33035,34.630583,199.726,6.791873452
TARA_B000000459,2010-07-12 06:46:00+00:00,-35.1889,26.2905,850.0,8.33035,34.630583,199.726,6.791873452
TARA_N000000984,2010-07-12 06:46:00+00:00,-35.1889,26.2905,850.0,8.33035,34.630583,199.726,6.791873452
TARA_N000000985,2010-07-12 06:46:00+00:00,-35.1889,26.2905,850.0,8.33035,34.630583,199.726,6.791873452
TARA_N000000986,2010-07-12 06:46:00+00:00,-35.1889,26.2905,850.0,8.33035,34.630583,199.726,6.791873452
TARA_N000000987,2010-07-12 06:46:00+00:00,-35.1889,26.2905,850.0,8.33035,34.630583,199.726,6.791873452
TARA_Y100000350,2010-07-12 06:46:00+00:00,-35.1889,26.2905,850.0,8.33035,34.630583,199.726,6.791873452
TARA_R100001207,2010-07-12 06:46:00+00:00,-35.1889,26.2905,850.0,8.33035,34.630583,199.726,6.791873452
TARA_G100001948,2010-07-12 06:46:00+00:00,-35.1889,26.2905,850.0,8.33035,34.630583,199.726,6.791873452
TARA_G000001903,2010-07-12 06:46:00+00:00,-35.1889,26.2905,850.0,8.33035,34.630583,199.726,6.791873452
TARA_G000001904,2010-07-12 06:46:00+00:00,-35.1889,26.2905,850.0,8.33035,34.630583,199.726,6.791873452
TARA_G000001905,2010-07-12 06:46:00+00:00,-35.1889,26.2905,850.0,8.33035,34.630583,199.726,6.791873452
TARA_B000000676,2010-09-13 13:02:00+00:00,-31.0198,4.6685,700.0,7.32145,34.50494,194.4342,6.922447734
TARA_B000000677,2010-09-13 13:02:00+00:00,-31.0198,4.6685,700.0,7.32145,34.50494,194.4342,6.922447734
TARA_B000000678,2010-09-13 13:02:00+00:00,-31.0198,4.6685,700.0,7.32145,34.50494,194.4342,6.922447734
TARA_B000000679,2010-09-13 13:02:00+00:00,-31.0198,4.6685,700.0,7.32145,34.50494,194.4342,6.922447734
TARA_Y100000764,2010-09-13 13:02:00+00:00,-31.0198,4.6685,700.0,7.32145,34.50494,194.4342,6.922447734
TARA_Y100000765,2010-09-13 13:02:00+00:00,-31.0198,4.6685,700.0,7.32145,34.50494,194.4342,6.922447734
TARA_Y000000087,2010-09-13 13:02:00+00:00,-31.0198,4.6685,700.0,7.32145,34.50494,194.4342,6.922447734
TARA_Y000000088,2010-09-13 13:02:00+00:00,-31.0198,4.6685,700.0,7.32145,34.50494,194.4342,6.922447734
TARA_R100000961,2010-09-13 13:02:00+00:00,-31.0198,4.6685,700.0,7.32145,34.50494,194.4342,6.922447734
TARA_R100000962,2010-09-13 13:02:00+00:00,-31.0198,4.6685,700.0,7.32145,34.50494,194.4342,6.922447734
TARA_R000000433,2010-09-13 13:02:00+00:00,-31.0198,4.6685,700.0,7.32145,34.50494,194.4342,6.922447734
TARA_R000000434,2010-09-13 13:02:00+00:00,-31.0198,4.6685,700.0,7.32145,34.50494,194.4342,6.922447734
TARA_R000000435,2010-09-13 13:02:00+00:00,-31.0198,4.6685,700.0,7.32145,34.50494,194.4342,6.922447734
TARA_G100002380,2010-09-13 13:02:00+00:00,-31.0198,4.6685,700.0,7.32145,34.50494,194.4342,6.922447734
TARA_G100002381,2010-09-13 13:02:00+00:00,-31.0198,4.6685,700.0,7.32145,34.50494,194.4342,6.922447734
TARA_G100002378,2010-09-13 13:02:00+00:00,-31.0198,4.6685,700.0,7.32145,34.50494,194.4342,6.922447734
TARA_G100002379,2010-09-13 13:02:00+00:00,-31.0198,4.6685,700.0,7.32145,34.50494,194.4342,6.922447734
TARA_R100000971,2010-09-13 13:02:00+00:00,-31.0198,4.6685,700.0,7.32145,34.50494,194.4342,6.922447734
TARA_R100001006,2010-09-13 13:02:00+00:00,-31.0198,4.6685,700.0,7.32145,34.50494,194.4342,6.922447734
TARA_B000000658,2010-09-13 13:02:00+00:00,-31.0198,4.6685,700.0,7.32145,34.50494,194.4342,6.922447734
TARA_B000000659,2010-09-13 13:02:00+00:00,-31.0198,4.6685,700.0,7.32145,34.50494,194.4342,6.922447734
TARA_B000000660,2010-09-13 13:02:00+00:00,-31.0198,4.6685,700.0,7.32145,34.50494,194.4342,6.922447734
TARA_B000000675,2010-09-13 13:02:00+00:00,-31.0198,4.6685,700.0,7.32145,34.50494,194.4342,6.922447734
TARA_R000000430,2010-09-13 13:02:00+00:00,-31.0198,4.6685,700.0,7.32145,34.50494,194.4342,6.922447734
TARA_R000000431,2010-09-13 13:02:00+00:00,-31.0198,4.6685,700.0,7.32145,34.50494,194.4342,6.922447734
TARA_R000000432,2010-09-13 13:02:00+00:00,-31.0198,4.6685,700.0,7.32145,34.50494,194.4342,6.922447734
TARA_G000001947,2010-09-13 13:02:00+00:00,-31.0198,4.6685,700.0,7.32145,34.50494,194.4342,6.922447734
TARA_G000001948,2010-09-13 13:02:00+00:00,-31.0198,4.6685,700.0,7.32145,34.50494,194.4342,6.922447734
TARA_G000001949,2010-09-13 13:02:00+00:00,-31.0198,4.6685,700.0,7.32145,34.50494,194.4342,6.922447734
TARA_G100002376,2010-09-13 13:02:00+00:00,-31.0198,4.6685,700.0,7.32145,34.50494,194.4342,6.922447734
TARA_G100002377,2010-09-13 13:02:00+00:00,-31.0198,4.6685,700.0,7.32145,34.50494,194.4342,6.922447734
TARA_G100002373,2010-09-13 13:02:00+00:00,-31.0198,4.6685,700.0,7.32145,34.50494,194.4342,6.922447734
TARA_G100002382,2010-09-13 13:02:00+00:00,-31.0198,4.6685,700.0,7.32145,34.50494,194.4342,6.922447734
TARA_G100002383,2010-09-13 13:02:00+00:00,-31.0198,4.6685,700.0,7.32145,34.50494,194.4342,6.922447734
TARA_B100000471,2010-09-13 13:02:00+00:00,-31.0198,4.6685,700.0,7.32145,34.50494,194.4342,6.922447734
TARA_B100000472,2010-09-13 13:02:00+00:00,-31.0198,4.6685,700.0,7.32145,34.50494,194.4342,6.922447734
TARA_R100000972,2010-09-13 13:02:00+00:00,-31.0198,4.6685,700.0,7.32145,34.50494,194.4342,6.922447734
TARA_R100000973,2010-09-13 13:02:00+00:00,-31.0198,4.6685,700.0,7.32145,34.50494,194.4342,6.922447734
TARA_G100002374,2010-09-13 13:02:00+00:00,-31.0198,4.6685,700.0,7.32145,34.50494,194.4342,6.922447734
TARA_G100002375,2010-09-13 13:02:00+00:00,-31.0198,4.6685,700.0,7.32145,34.50494,194.4342,6.922447734
TARA_R000000427,2010-09-13 13:02:00+00:00,-31.0198,4.6685,700.0,7.32145,34.50494,194.4342,6.922447734
TARA_R000000428,2010-09-13 13:02:00+00:00,-31.0198,4.6685,700.0,7.32145,34.50494,194.4342,6.922447734
TARA_R000000429,2010-09-13 13:02:00+00:00,-31.0198,4.6685,700.0,7.32145,34.50494,194.4342,6.922447734
TARA_R100000966,2010-09-13 13:02:00+00:00,-31.0198,4.6685,700.0,7.32145,34.50494,194.4342,6.922447734
TARA_R100000967,2010-09-13 13:02:00+00:00,-31.0198,4.6685,700.0,7.32145,34.50494,194.4342,6.922447734
TARA_B100000469,2010-09-13 13:02:00+00:00,-31.0198,4.6685,700.0,7.32145,34.50494,194.4342,6.922447734
TARA_B100000470,2010-09-13 13:02:00+00:00,-31.0198,4.6685,700.0,7.32145,34.50494,194.4342,6.922447734
TARA_B000000682,2010-09-13 13:02:00+00:00,-31.0198,4.6685,700.0,7.32145,34.50494,194.4342,6.922447734
TARA_B000000683,2010-09-13 13:02:00+00:00,-31.0198,4.6685,700.0,7.32145,34.50494,194.4342,6.922447734
TARA_N000000714,2010-09-13 13:02:00+00:00,-31.0198,4.6685,700.0,7.32145,34.50494,194.4342,6.922447734
TARA_N000000697,2010-09-13 13:02:00+00:00,-31.0198,4.6685,700.0,7.32145,34.50494,194.4342,6.922447734
TARA_N000000698,2010-09-13 13:02:00+00:00,-31.0198,4.6685,700.0,7.32145,34.50494,194.4342,6.922447734
TARA_N000000713,2010-09-13 13:02:00+00:00,-31.0198,4.6685,700.0,7.32145,34.50494,194.4342,6.922447734
TARA_B000000680,2010-09-13 13:02:00+00:00,-31.0198,4.6685,700.0,7.32145,34.50494,194.4342,6.922447734
TARA_B000000681,2010-09-13 13:02:00+00:00,-31.0198,4.6685,700.0,7.32145,34.50494,194.4342,6.922447734
TARA_B100000467,2010-09-13 13:02:00+00:00,-31.0198,4.6685,700.0,7.32145,34.50494,194.4342,6.922447734
TARA_Y100000761,2010-09-13 13:02:00+00:00,-31.0198,4.6685,700.0,7.32145,34.50494,194.4342,6.922447734
TARA_Y100000759,2010-09-13 13:02:00+00:00,-31.0198,4.6685,700.0,7.32145,34.50494,194.4342,6.922447734
TARA_Y100000758,2010-09-13 13:02:00+00:00,-31.0198,4.6685,700.0,7.32145,34.50494,194.4342,6.922447734
TARA_R100000963,2010-09-13 13:02:00+00:00,-31.0198,4.6685,700.0,7.32145,34.50494,194.4342,6.922447734
TARA_R100000964,2010-09-13 13:02:00+00:00,-31.0198,4.6685,700.0,7.32145,34.50494,194.4342,6.922447734
TARA_R100000965,2010-09-13 13:02:00+00:00,-31.0198,4.6685,700.0,7.32145,34.50494,194.4342,6.922447734
TARA_G000001950,2010-09-13 13:02:00+00:00,-31.0198,4.6685,700.0,7.32145,34.50494,194.4342,6.922447734
TARA_G000001951,2010-09-13 13:02:00+00:00,-31.0198,4.6685,700.0,7.32145,34.50494,194.4342,6.922447734
TARA_B000000813,2010-10-17 09:05:00+00:00,-20.9315,-35.1794,800.0,4.664275,34.369569,191.413187,6.890998596
TARA_B000000814,2010-10-17 09:05:00+00:00,-20.9315,-35.1794,800.0,4.664275,34.369569,191.413187,6.890998596
TARA_B000000815,2010-10-17 09:05:00+00:00,-20.9315,-35.1794,800.0,4.664275,34.369569,191.413187,6.890998596
TARA_B000000816,2010-10-17 09:05:00+00:00,-20.9315,-35.1794,800.0,4.664275,34.369569,191.413187,6.890998596
TARA_Y100000826,2010-10-17 09:05:00+00:00,-20.9315,-35.1794,800.0,4.664275,34.369569,191.413187,6.890998596
TARA_Y100000827,2010-10-17 09:05:00+00:00,-20.9315,-35.1794,800.0,4.664275,34.369569,191.413187,6.890998596
TARA_Y000000108,2010-10-17 09:05:00+00:00,-20.9315,-35.1794,800.0,4.664275,34.369569,191.413187,6.890998596
TARA_Y000000109,2010-10-17 09:05:00+00:00,-20.9315,-35.1794,800.0,4.664275,34.369569,191.413187,6.890998596
TARA_R100001124,2010-10-17 09:05:00+00:00,-20.9315,-35.1794,800.0,4.664275,34.369569,191.413187,6.890998596
TARA_R100001125,2010-10-17 09:05:00+00:00,-20.9315,-35.1794,800.0,4.664275,34.369569,191.413187,6.890998596
TARA_R000000557,2010-10-17 09:05:00+00:00,-20.9315,-35.1794,800.0,4.664275,34.369569,191.413187,6.890998596
TARA_R000000558,2010-10-17 09:05:00+00:00,-20.9315,-35.1794,800.0,4.664275,34.369569,191.413187,6.890998596
TARA_R000000559,2010-10-17 09:05:00+00:00,-20.9315,-35.1794,800.0,4.664275,34.369569,191.413187,6.890998596
TARA_G100003216,2010-10-17 09:05:00+00:00,-20.9315,-35.1794,800.0,4.664275,34.369569,191.413187,6.890998596
TARA_G100003217,2010-10-17 09:05:00+00:00,-20.9315,-35.1794,800.0,4.664275,34.369569,191.413187,6.890998596
TARA_G100003263,2010-10-17 09:05:00+00:00,-20.9315,-35.1794,800.0,4.664275,34.369569,191.413187,6.890998596
TARA_G100003264,2010-10-17 09:05:00+00:00,-20.9315,-35.1794,800.0,4.664275,34.369569,191.413187,6.890998596
TARA_B000000809,2010-10-17 09:05:00+00:00,-20.9315,-35.1794,800.0,4.664275,34.369569,191.413187,6.890998596
TARA_B000000810,2010-10-17 09:05:00+00:00,-20.9315,-35.1794,800.0,4.664275,34.369569,191.413187,6.890998596
TARA_B000000811,2010-10-17 09:05:00+00:00,-20.9315,-35.1794,800.0,4.664275,34.369569,191.413187,6.890998596
TARA_B000000812,2010-10-17 09:05:00+00:00,-20.9315,-35.1794,800.0,4.664275,34.369569,191.413187,6.890998596
TARA_R000000548,2010-10-17 09:05:00+00:00,-20.9315,-35.1794,800.0,4.664275,34.369569,191.413187,6.890998596
TARA_R000000549,2010-10-17 09:05:00+00:00,-20.9315,-35.1794,800.0,4.664275,34.369569,191.413187,6.890998596
TARA_R000000550,2010-10-17 09:05:00+00:00,-20.9315,-35.1794,800.0,4.664275,34.369569,191.413187,6.890998596
TARA_R000000531,2010-10-17 09:05:00+00:00,-20.9315,-35.1794,800.0,4.664275,34.369569,191.413187,6.890998596
TARA_R000000532,2010-10-17 09:05:00+00:00,-20.9315,-35.1794,800.0,4.664275,34.369569,191.413187,6.890998596
TARA_G000002515,2010-10-17 09:05:00+00:00,-20.9315,-35.1794,800.0,4.664275,34.369569,191.413187,6.890998596
TARA_G000002516,2010-10-17 09:05:00+00:00,-20.9315,-35.1794,800.0,4.664275,34.369569,191.413187,6.890998596
TARA_G000002517,2010-10-17 09:05:00+00:00,-20.9315,-35.1794,800.0,4.664275,34.369569,191.413187,6.890998596
TARA_G100003222,2010-10-17 09:05:00+00:00,-20.9315,-35.1794,800.0,4.664275,34.369569,191.413187,6.890998596
TARA_G100003223,2010-10-17 09:05:00+00:00,-20.9315,-35.1794,800.0,4.664275,34.369569,191.413187,6.890998596
TARA_G100003226,2010-10-17 09:05:00+00:00,-20.9315,-35.1794,800.0,4.664275,34.369569,191.413187,6.890998596
TARA_G100003218,2010-10-17 09:05:00+00:00,-20.9315,-35.1794,800.0,4.664275,34.369569,191.413187,6.890998596
TARA_G100003219,2010-10-17 09:05:00+00:00,-20.9315,-35.1794,800.0,4.664275,34.369569,191.413187,6.890998596
TARA_B100000751,2010-10-17 09:05:00+00:00,-20.9315,-35.1794,800.0,4.664275,34.369569,191.413187,6.890998596
TARA_B100000752,2010-10-17 09:05:00+00:00,-20.9315,-35.1794,800.0,4.664275,34.369569,191.413187,6.890998596
TARA_R100001118,2010-10-17 09:05:00+00:00,-20.9315,-35.1794,800.0,4.664275,34.369569,191.413187,6.890998596
TARA_R100001119,2010-10-17 09:05:00+00:00,-20.9315,-35.1794,800.0,4.664275,34.369569,191.413187,6.890998596
TARA_G100003220,2010-10-17 09:05:00+00:00,-20.9315,-35.1794,800.0,4.664275,34.369569,191.413187,6.890998596
TARA_G100003221,2010-10-17 09:05:00+00:00,-20.9315,-35.1794,800.0,4.664275,34.369569,191.413187,6.890998596
TARA_R000000539,2010-10-17 09:05:00+00:00,-20.9315,-35.1794,800.0,4.664275,34.369569,191.413187,6.890998596
TARA_R000000540,2010-10-17 09:05:00+00:00,-20.9315,-35.1794,800.0,4.664275,34.369569,191.413187,6.890998596
TARA_R000000541,2010-10-17 09:05:00+00:00,-20.9315,-35.1794,800.0,4.664275,34.369569,191.413187,6.890998596
TARA_R100001139,2010-10-17 09:05:00+00:00,-20.9315,-35.1794,800.0,4.664275,34.369569,191.413187,6.890998596
TARA_R100001140,2010-10-17 09:05:00+00:00,-20.9315,-35.1794,800.0,4.664275,34.369569,191.413187,6.890998596
TARA_B100000749,2010-10-17 09:05:00+00:00,-20.9315,-35.1794,800.0,4.664275,34.369569,191.413187,6.890998596
TARA_B100000750,2010-10-17 09:05:00+00:00,-20.9315,-35.1794,800.0,4.664275,34.369569,191.413187,6.890998596
TARA_B000000807,2010-10-17 09:05:00+00:00,-20.9315,-35.1794,800.0,4.664275,34.369569,191.413187,6.890998596
TARA_B000000808,2010-10-17 09:05:00+00:00,-20.9315,-35.1794,800.0,4.664275,34.369569,191.413187,6.890998596
TARA_N000000916,2010-10-17 09:05:00+00:00,-20.9315,-35.1794,800.0,4.664275,34.369569,191.413187,6.890998596
TARA_N000000918,2010-10-17 09:05:00+00:00,-20.9315,-35.1794,800.0,4.664275,34.369569,191.413187,6.890998596
TARA_N000000915,2010-10-17 09:05:00+00:00,-20.9315,-35.1794,800.0,4.664275,34.369569,191.413187,6.890998596
TARA_N000000917,2010-10-17 09:05:00+00:00,-20.9315,-35.1794,800.0,4.664275,34.369569,191.413187,6.890998596
TARA_B000000805,2010-10-17 09:05:00+00:00,-20.9315,-35.1794,800.0,4.664275,34.369569,191.413187,6.890998596
TARA_B000000806,2010-10-17 09:05:00+00:00,-20.9315,-35.1794,800.0,4.664275,34.369569,191.413187,6.890998596
TARA_B100000747,2010-10-17 09:05:00+00:00,-20.9315,-35.1794,800.0,4.664275,34.369569,191.413187,6.890998596
TARA_B100000748,2010-10-17 09:05:00+00:00,-20.9315,-35.1794,800.0,4.664275,34.369569,191.413187,6.890998596
TARA_Y100000821,2010-10-17 09:05:00+00:00,-20.9315,-35.1794,800.0,4.664275,34.369569,191.413187,6.890998596
TARA_Y100000818,2010-10-17 09:05:00+00:00,-20.9315,-35.1794,800.0,4.664275,34.369569,191.413187,6.890998596
TARA_Y100000815,2010-10-17 09:05:00+00:00,-20.9315,-35.1794,800.0,4.664275,34.369569,191.413187,6.890998596
TARA_R100001132,2010-10-17 09:05:00+00:00,-20.9315,-35.1794,800.0,4.664275,34.369569,191.413187,6.890998596
TARA_R100001133,2010-10-17 09:05:00+00:00,-20.9315,-35.1794,800.0,4.664275,34.369569,191.413187,6.890998596
TARA_R100001134,2010-10-17 09:05:00+00:00,-20.9315,-35.1794,800.0,4.664275,34.369569,191.413187,6.890998596
TARA_B000000964,2010-11-05 12:33:00+00:00,-30.1471,-43.2915,800.0,5.823213,34.355,215.95475,6.906904103
TARA_B000000965,2010-11-05 12:33:00+00:00,-30.1471,-43.2915,800.0,5.823213,34.355,215.95475,6.906904103
TARA_B000000966,2010-11-05 12:33:00+00:00,-30.1471,-43.2915,800.0,5.823213,34.355,215.95475,6.906904103
TARA_B000000967,2010-11-05 12:33:00+00:00,-30.1471,-43.2915,800.0,5.823213,34.355,215.95475,6.906904103
TARA_Y100001008,2010-11-05 12:33:00+00:00,-30.1471,-43.2915,800.0,5.823213,34.355,215.95475,6.906904103
TARA_Y100001009,2010-11-05 12:33:00+00:00,-30.1471,-43.2915,800.0,5.823213,34.355,215.95475,6.906904103
TARA_Y000000114,2010-11-05 12:33:00+00:00,-30.1471,-43.2915,800.0,5.823213,34.355,215.95475,6.906904103
TARA_Y000000115,2010-11-05 12:33:00+00:00,-30.1471,-43.2915,800.0,5.823213,34.355,215.95475,6.906904103
TARA_R100001141,2010-11-05 12:33:00+00:00,-30.1471,-43.2915,800.0,5.823213,34.355,215.95475,6.906904103
TARA_R100001142,2010-11-05 12:33:00+00:00,-30.1471,-43.2915,800.0,5.823213,34.355,215.95475,6.906904103
TARA_R000000571,2010-11-05 12:33:00+00:00,-30.1471,-43.2915,800.0,5.823213,34.355,215.95475,6.906904103
TARA_R000000572,2010-11-05 12:33:00+00:00,-30.1471,-43.2915,800.0,5.823213,34.355,215.95475,6.906904103
TARA_R000000573,2010-11-05 12:33:00+00:00,-30.1471,-43.2915,800.0,5.823213,34.355,215.95475,6.906904103
TARA_G100003460,2010-11-05 12:33:00+00:00,-30.1471,-43.2915,800.0,5.823213,34.355,215.95475,6.906904103
TARA_G100003461,2010-11-05 12:33:00+00:00,-30.1471,-43.2915,800.0,5.823213,34.355,215.95475,6.906904103
TARA_G100003468,2010-11-05 12:33:00+00:00,-30.1471,-43.2915,800.0,5.823213,34.355,215.95475,6.906904103
TARA_G100003469,2010-11-05 12:33:00+00:00,-30.1471,-43.2915,800.0,5.823213,34.355,215.95475,6.906904103
TARA_B000000960,2010-11-05 12:33:00+00:00,-30.1471,-43.2915,800.0,5.823213,34.355,215.95475,6.906904103
TARA_B000000961,2010-11-05 12:33:00+00:00,-30.1471,-43.2915,800.0,5.823213,34.355,215.95475,6.906904103
TARA_B000000962,2010-11-05 12:33:00+00:00,-30.1471,-43.2915,800.0,5.823213,34.355,215.95475,6.906904103
TARA_B000000963,2010-11-05 12:33:00+00:00,-30.1471,-43.2915,800.0,5.823213,34.355,215.95475,6.906904103
TARA_R000000593,2010-11-05 12:33:00+00:00,-30.1471,-43.2915,800.0,5.823213,34.355,215.95475,6.906904103
TARA_R000000594,2010-11-05 12:33:00+00:00,-30.1471,-43.2915,800.0,5.823213,34.355,215.95475,6.906904103
TARA_R000000595,2010-11-05 12:33:00+00:00,-30.1471,-43.2915,800.0,5.823213,34.355,215.95475,6.906904103
TARA_R000000596,2010-11-05 12:33:00+00:00,-30.1471,-43.2915,800.0,5.823213,34.355,215.95475,6.906904103
TARA_R000000597,2010-11-05 12:33:00+00:00,-30.1471,-43.2915,800.0,5.823213,34.355,215.95475,6.906904103
TARA_G000002489,2010-11-05 12:33:00+00:00,-30.1471,-43.2915,800.0,5.823213,34.355,215.95475,6.906904103
TARA_G000002490,2010-11-05 12:33:00+00:00,-30.1471,-43.2915,800.0,5.823213,34.355,215.95475,6.906904103
TARA_G000002491,2010-11-05 12:33:00+00:00,-30.1471,-43.2915,800.0,5.823213,34.355,215.95475,6.906904103
TARA_G100003466,2010-11-05 12:33:00+00:00,-30.1471,-43.2915,800.0,5.823213,34.355,215.95475,6.906904103
TARA_G100003467,2010-11-05 12:33:00+00:00,-30.1471,-43.2915,800.0,5.823213,34.355,215.95475,6.906904103
TARA_G100003573,2010-11-05 12:33:00+00:00,-30.1471,-43.2915,800.0,5.823213,34.355,215.95475,6.906904103
TARA_G100003462,2010-11-05 12:33:00+00:00,-30.1471,-43.2915,800.0,5.823213,34.355,215.95475,6.906904103
TARA_G100003463,2010-11-05 12:33:00+00:00,-30.1471,-43.2915,800.0,5.823213,34.355,215.95475,6.906904103
TARA_B100000741,2010-11-05 12:33:00+00:00,-30.1471,-43.2915,800.0,5.823213,34.355,215.95475,6.906904103
TARA_B100000742,2010-11-05 12:33:00+00:00,-30.1471,-43.2915,800.0,5.823213,34.355,215.95475,6.906904103
TARA_R100001148,2010-11-05 12:33:00+00:00,-30.1471,-43.2915,800.0,5.823213,34.355,215.95475,6.906904103
TARA_R100001149,2010-11-05 12:33:00+00:00,-30.1471,-43.2915,800.0,5.823213,34.355,215.95475,6.906904103
TARA_G100003464,2010-11-05 12:33:00+00:00,-30.1471,-43.2915,800.0,5.823213,34.355,215.95475,6.906904103
TARA_G100003465,2010-11-05 12:33:00+00:00,-30.1471,-43.2915,800.0,5.823213,34.355,215.95475,6.906904103
TARA_R000000590,2010-11-05 12:33:00+00:00,-30.1471,-43.2915,800.0,5.823213,34.355,215.95475,6.906904103
TARA_R000000591,2010-11-05 12:33:00+00:00,-30.1471,-43.2915,800.0,5.823213,34.355,215.95475,6.906904103
TARA_R000000592,2010-11-05 12:33:00+00:00,-30.1471,-43.2915,800.0,5.823213,34.355,215.95475,6.906904103
TARA_R100001146,2010-11-05 12:33:00+00:00,-30.1471,-43.2915,800.0,5.823213,34.355,215.95475,6.906904103
TARA_R100001147,2010-11-05 12:33:00+00:00,-30.1471,-43.2915,800.0,5.823213,34.355,215.95475,6.906904103
TARA_B100000745,2010-11-05 12:33:00+00:00,-30.1471,-43.2915,800.0,5.823213,34.355,215.95475,6.906904103
TARA_N000001505,2010-11-05 12:33:00+00:00,-30.1471,-43.2915,800.0,5.823213,34.355,215.95475,6.906904103
TARA_N000001507,2010-11-05 12:33:00+00:00,-30.1471,-43.2915,800.0,5.823213,34.355,215.95475,6.906904103
TARA_N000001504,2010-11-05 12:33:00+00:00,-30.1471,-43.2915,800.0,5.823213,34.355,215.95475,6.906904103
TARA_N000001506,2010-11-05 12:33:00+00:00,-30.1471,-43.2915,800.0,5.823213,34.355,215.95475,6.906904103
TARA_B000000973,2010-11-05 12:33:00+00:00,-30.1471,-43.2915,800.0,5.823213,34.355,215.95475,6.906904103
TARA_B000000974,2010-11-05 12:33:00+00:00,-30.1471,-43.2915,800.0,5.823213,34.355,215.95475,6.906904103
TARA_B000000975,2010-11-05 12:33:00+00:00,-30.1471,-43.2915,800.0,5.823213,34.355,215.95475,6.906904103
TARA_B100000743,2010-11-05 12:33:00+00:00,-30.1471,-43.2915,800.0,5.823213,34.355,215.95475,6.906904103
TARA_B100000744,2010-11-05 12:33:00+00:00,-30.1471,-43.2915,800.0,5.823213,34.355,215.95475,6.906904103
TARA_Y100001000,2010-11-05 12:33:00+00:00,-30.1471,-43.2915,800.0,5.823213,34.355,215.95475,6.906904103
TARA_Y100000999,2010-11-05 12:33:00+00:00,-30.1471,-43.2915,800.0,5.823213,34.355,215.95475,6.906904103
TARA_Y100001001,2010-11-05 12:33:00+00:00,-30.1471,-43.2915,800.0,5.823213,34.355,215.95475,6.906904103
TARA_R100001143,2010-11-05 12:33:00+00:00,-30.1471,-43.2915,800.0,5.823213,34.355,215.95475,6.906904103
TARA_R100001144,2010-11-05 12:33:00+00:00,-30.1471,-43.2915,800.0,5.823213,34.355,215.95475,6.906904103
TARA_R100001145,2010-11-05 12:33:00+00:00,-30.1471,-43.2915,800.0,5.823213,34.355,215.95475,6.906904103
TARA_G000002487,2010-11-05 12:33:00+00:00,-30.1471,-43.2915,800.0,5.823213,34.355,215.95475,6.906904103
TARA_G000002488,2010-11-05 12:33:00+00:00,-30.1471,-43.2915,800.0,5.823213,34.355,215.95475,6.906904103
TARA_B000001016,2010-12-06 10:33:00+00:00,-47.1863,-58.2902,5.0,7.579417,34.05025,303.147667,6.358772575
TARA_B000001017,2010-12-06 10:33:00+00:00,-47.1863,-58.2902,5.0,7.579417,34.05025,303.147667,6.358772575
TARA_B000001018,2010-12-06 10:33:00+00:00,-47.1863,-58.2902,5.0,7.579417,34.05025,303.147667,6.358772575
TARA_Y100000715,2010-12-06 10:33:00+00:00,-47.1863,-58.2902,5.0,7.579417,34.05025,303.147667,6.358772575
TARA_Y100000716,2010-12-06 10:33:00+00:00,-47.1863,-58.2902,5.0,7.579417,34.05025,303.147667,6.358772575
TARA_Y000000279,2010-12-06 10:33:00+00:00,-47.1863,-58.2902,5.0,7.579417,34.05025,303.147667,6.358772575
TARA_Y000000280,2010-12-06 10:33:00+00:00,-47.1863,-58.2902,5.0,7.579417,34.05025,303.147667,6.358772575
TARA_R100000537,2010-12-06 10:33:00+00:00,-47.1863,-58.2902,5.0,7.579417,34.05025,303.147667,6.358772575
TARA_R100000538,2010-12-06 10:33:00+00:00,-47.1863,-58.2902,5.0,7.579417,34.05025,303.147667,6.358772575
TARA_R000000741,2010-12-06 10:33:00+00:00,-47.1863,-58.2902,5.0,7.579417,34.05025,303.147667,6.358772575
TARA_R000000742,2010-12-06 10:33:00+00:00,-47.1863,-58.2902,5.0,7.579417,34.05025,303.147667,6.358772575
TARA_R000000743,2010-12-06 10:33:00+00:00,-47.1863,-58.2902,5.0,7.579417,34.05025,303.147667,6.358772575
TARA_G100003645,2010-12-06 10:33:00+00:00,-47.1863,-58.2902,5.0,7.579417,34.05025,303.147667,6.358772575
TARA_G100003646,2010-12-06 10:33:00+00:00,-47.1863,-58.2902,5.0,7.579417,34.05025,303.147667,6.358772575
TARA_G100003637,2010-12-06 10:33:00+00:00,-47.1863,-58.2902,5.0,7.579417,34.05025,303.147667,6.358772575
TARA_G100003638,2010-12-06 10:33:00+00:00,-47.1863,-58.2902,5.0,7.579417,34.05025,303.147667,6.358772575
TARA_B000000911,2010-12-06 10:33:00+00:00,-47.1863,-58.2902,5.0,7.579417,34.05025,303.147667,6.358772575
TARA_B000000912,2010-12-06 10:33:00+00:00,-47.1863,-58.2902,5.0,7.579417,34.05025,303.147667,6.358772575
TARA_B000000913,2010-12-06 10:33:00+00:00,-47.1863,-58.2902,5.0,7.579417,34.05025,303.147667,6.358772575
TARA_B000000914,2010-12-06 10:33:00+00:00,-47.1863,-58.2902,5.0,7.579417,34.05025,303.147667,6.358772575
TARA_R000000735,2010-12-06 10:33:00+00:00,-47.1863,-58.2902,5.0,7.579417,34.05025,303.147667,6.358772575
TARA_R000000736,2010-12-06 10:33:00+00:00,-47.1863,-58.2902,5.0,7.579417,34.05025,303.147667,6.358772575
TARA_R000000737,2010-12-06 10:33:00+00:00,-47.1863,-58.2902,5.0,7.579417,34.05025,303.147667,6.358772575
TARA_R000000725,2010-12-06 10:33:00+00:00,-47.1863,-58.2902,5.0,7.579417,34.05025,303.147667,6.358772575
TARA_R000000726,2010-12-06 10:33:00+00:00,-47.1863,-58.2902,5.0,7.579417,34.05025,303.147667,6.358772575
TARA_G000002238,2010-12-06 10:33:00+00:00,-47.1863,-58.2902,5.0,7.579417,34.05025,303.147667,6.358772575
TARA_G000002239,2010-12-06 10:33:00+00:00,-47.1863,-58.2902,5.0,7.579417,34.05025,303.147667,6.358772575
TARA_G000002240,2010-12-06 10:33:00+00:00,-47.1863,-58.2902,5.0,7.579417,34.05025,303.147667,6.358772575
TARA_B100000537,2010-12-06 10:33:00+00:00,-47.1863,-58.2902,5.0,7.579417,34.05025,303.147667,6.358772575
TARA_B100000538,2010-12-06 10:33:00+00:00,-47.1863,-58.2902,5.0,7.579417,34.05025,303.147667,6.358772575
TARA_B100000539,2010-12-06 10:33:00+00:00,-47.1863,-58.2902,5.0,7.579417,34.05025,303.147667,6.358772575
TARA_R100001380,2010-12-06 10:33:00+00:00,-47.1863,-58.2902,5.0,7.579417,34.05025,303.147667,6.358772575
TARA_R100001381,2010-12-06 10:33:00+00:00,-47.1863,-58.2902,5.0,7.579417,34.05025,303.147667,6.358772575
TARA_R100001382,2010-12-06 10:33:00+00:00,-47.1863,-58.2902,5.0,7.579417,34.05025,303.147667,6.358772575
TARA_G100003641,2010-12-06 10:33:00+00:00,-47.1863,-58.2902,5.0,7.579417,34.05025,303.147667,6.358772575
TARA_G100003642,2010-12-06 10:33:00+00:00,-47.1863,-58.2902,5.0,7.579417,34.05025,303.147667,6.358772575
TARA_R000000728,2010-12-06 10:33:00+00:00,-47.1863,-58.2902,5.0,7.579417,34.05025,303.147667,6.358772575
TARA_R000000729,2010-12-06 10:33:00+00:00,-47.1863,-58.2902,5.0,7.579417,34.05025,303.147667,6.358772575
TARA_R000000731,2010-12-06 10:33:00+00:00,-47.1863,-58.2902,5.0,7.579417,34.05025,303.147667,6.358772575
TARA_R100000547,2010-12-06 10:33:00+00:00,-47.1863,-58.2902,5.0,7.579417,34.05025,303.147667,6.358772575
TARA_R100000548,2010-12-06 10:33:00+00:00,-47.1863,-58.2902,5.0,7.579417,34.05025,303.147667,6.358772575
TARA_G100003633,2010-12-06 10:33:00+00:00,-47.1863,-58.2902,5.0,7.579417,34.05025,303.147667,6.358772575
TARA_G100003634,2010-12-06 10:33:00+00:00,-47.1863,-58.2902,5.0,7.579417,34.05025,303.147667,6.358772575
TARA_B100000827,2010-12-06 10:33:00+00:00,-47.1863,-58.2902,5.0,7.579417,34.05025,303.147667,6.358772575
TARA_B100000828,2010-12-06 10:33:00+00:00,-47.1863,-58.2902,5.0,7.579417,34.05025,303.147667,6.358772575
TARA_B000001009,2010-12-06 10:33:00+00:00,-47.1863,-58.2902,5.0,7.579417,34.05025,303.147667,6.358772575
TARA_B000001010,2010-12-06 10:33:00+00:00,-47.1863,-58.2902,5.0,7.579417,34.05025,303.147667,6.358772575
TARA_N000001382,2010-12-06 10:33:00+00:00,-47.1863,-58.2902,5.0,7.579417,34.05025,303.147667,6.358772575
TARA_N000001383,2010-12-06 10:33:00+00:00,-47.1863,-58.2902,5.0,7.579417,34.05025,303.147667,6.358772575
TARA_N000001386,2010-12-06 10:33:00+00:00,-47.1863,-58.2902,5.0,7.579417,34.05025,303.147667,6.358772575
TARA_N000001387,2010-12-06 10:33:00+00:00,-47.1863,-58.2902,5.0,7.579417,34.05025,303.147667,6.358772575
TARA_N000001402,2010-12-06 10:33:00+00:00,-47.1863,-58.2902,5.0,7.579417,34.05025,303.147667,6.358772575
TARA_N000001403,2010-12-06 10:33:00+00:00,-47.1863,-58.2902,5.0,7.579417,34.05025,303.147667,6.358772575
TARA_B000001007,2010-12-06 10:33:00+00:00,-47.1863,-58.2902,5.0,7.579417,34.05025,303.147667,6.358772575
TARA_B000001008,2010-12-06 10:33:00+00:00,-47.1863,-58.2902,5.0,7.579417,34.05025,303.147667,6.358772575
TARA_B100000768,2010-12-06 10:33:00+00:00,-47.1863,-58.2902,5.0,7.579417,34.05025,303.147667,6.358772575
TARA_B100000769,2010-12-06 10:33:00+00:00,-47.1863,-58.2902,5.0,7.579417,34.05025,303.147667,6.358772575
TARA_Y100000719,2010-12-06 10:33:00+00:00,-47.1863,-58.2902,5.0,7.579417,34.05025,303.147667,6.358772575
TARA_Y100000418,2010-12-06 10:33:00+00:00,-47.1863,-58.2902,5.0,7.579417,34.05025,303.147667,6.358772575
TARA_Y100000416,2010-12-06 10:33:00+00:00,-47.1863,-58.2902,5.0,7.579417,34.05025,303.147667,6.358772575
TARA_R100000541,2010-12-06 10:33:00+00:00,-47.1863,-58.2902,5.0,7.579417,34.05025,303.147667,6.358772575
TARA_R100000542,2010-12-06 10:33:00+00:00,-47.1863,-58.2902,5.0,7.579417,34.05025,303.147667,6.358772575
TARA_R100000543,2010-12-06 10:33:00+00:00,-47.1863,-58.2902,5.0,7.579417,34.05025,303.147667,6.358772575
TARA_G000002113,2010-12-06 10:33:00+00:00,-47.1863,-58.2902,5.0,7.579417,34.05025,303.147667,6.358772575
TARA_G000002114,2010-12-06 10:33:00+00:00,-47.1863,-58.2902,5.0,7.579417,34.05025,303.147667,6.358772575
TARA_P100000371,2010-12-06 11:34:00+00:00,-47.1899,-58.2724,5.0,7.579417,34.05025,303.147667,6.358772575
TARA_G100003923,2010-12-06 11:34:00+00:00,-47.1899,-58.2724,5.0,7.579417,34.05025,303.147667,6.358772575
TARA_G100003924,2010-12-06 11:34:00+00:00,-47.1899,-58.2724,5.0,7.579417,34.05025,303.147667,6.358772575
TARA_G100003939,2010-12-06 11:34:00+00:00,-47.1899,-58.2724,5.0,7.579417,34.05025,303.147667,6.358772575
TARA_G100003927,2010-12-06 11:34:00+00:00,-47.1899,-58.2724,5.0,7.579417,34.05025,303.147667,6.358772575
TARA_G100003928,2010-12-06 11:34:00+00:00,-47.1899,-58.2724,5.0,7.579417,34.05025,303.147667,6.358772575
TARA_G100003935,2010-12-06 11:34:00+00:00,-47.1899,-58.2724,5.0,7.579417,34.05025,303.147667,6.358772575
TARA_G100003936,2010-12-06 11:34:00+00:00,-47.1899,-58.2724,5.0,7.579417,34.05025,303.147667,6.358772575
TARA_N000001398,2010-12-06 11:34:00+00:00,-47.1899,-58.2724,5.0,7.579417,34.05025,303.147667,6.358772575
TARA_N000001399,2010-12-06 11:34:00+00:00,-47.1899,-58.2724,5.0,7.579417,34.05025,303.147667,6.358772575
TARA_N000001414,2010-12-06 11:34:00+00:00,-47.1899,-58.2724,5.0,7.579417,34.05025,303.147667,6.358772575
TARA_N000001415,2010-12-06 11:34:00+00:00,-47.1899,-58.2724,5.0,7.579417,34.05025,303.147667,6.358772575
TARA_G100003931,2010-12-06 11:34:00+00:00,-47.1899,-58.2724,5.0,7.579417,34.05025,303.147667,6.358772575
TARA_G100003932,2010-12-06 11:34:00+00:00,-47.1899,-58.2724,5.0,7.579417,34.05025,303.147667,6.358772575
TARA_P100000368,2010-12-06 12:03:00+00:00,-47.194,-58.2508,5.0,7.579417,34.05025,303.147667,6.358772575
TARA_K100000381,2010-12-06 12:03:00+00:00,-47.194,-58.2508,5.0,7.579417,34.05025,303.147667,6.358772575
TARA_K100000382,2010-12-06 12:03:00+00:00,-47.194,-58.2508,5.0,7.579417,34.05025,303.147667,6.358772575
TARA_P100000377,2010-12-06 12:32:00+00:00,-47.1966,-58.2349,5.0,7.579417,34.05025,303.147667,6.358772575
TARA_G100003592,2010-12-06 12:32:00+00:00,-47.1966,-58.2349,5.0,7.579417,34.05025,303.147667,6.358772575
TARA_G100003593,2010-12-06 12:32:00+00:00,-47.1966,-58.2349,5.0,7.579417,34.05025,303.147667,6.358772575
TARA_G100003600,2010-12-06 12:32:00+00:00,-47.1966,-58.2349,5.0,7.579417,34.05025,303.147667,6.358772575
TARA_G100003601,2010-12-06 12:32:00+00:00,-47.1966,-58.2349,5.0,7.579417,34.05025,303.147667,6.358772575
TARA_G100003911,2010-12-06 12:32:00+00:00,-47.1966,-58.2349,5.0,7.579417,34.05025,303.147667,6.358772575
TARA_G100003912,2010-12-06 12:32:00+00:00,-47.1966,-58.2349,5.0,7.579417,34.05025,303.147667,6.358772575
TARA_G100003919,2010-12-06 12:32:00+00:00,-47.1966,-58.2349,5.0,7.579417,34.05025,303.147667,6.358772575
TARA_G100003921,2010-12-06 12:32:00+00:00,-47.1966,-58.2349,5.0,7.579417,34.05025,303.147667,6.358772575
TARA_G100003596,2010-12-06 12:32:00+00:00,-47.1966,-58.2349,5.0,7.579417,34.05025,303.147667,6.358772575
TARA_G100003597,2010-12-06 12:32:00+00:00,-47.1966,-58.2349,5.0,7.579417,34.05025,303.147667,6.358772575
TARA_G100003604,2010-12-06 12:32:00+00:00,-47.1966,-58.2349,5.0,7.579417,34.05025,303.147667,6.358772575
TARA_G100003605,2010-12-06 12:32:00+00:00,-47.1966,-58.2349,5.0,7.579417,34.05025,303.147667,6.358772575
TARA_N000001394,2010-12-06 12:32:00+00:00,-47.1966,-58.2349,5.0,7.579417,34.05025,303.147667,6.358772575
TARA_N000001395,2010-12-06 12:32:00+00:00,-47.1966,-58.2349,5.0,7.579417,34.05025,303.147667,6.358772575
TARA_N000001410,2010-12-06 12:32:00+00:00,-47.1966,-58.2349,5.0,7.579417,34.05025,303.147667,6.358772575
TARA_N000001411,2010-12-06 12:32:00+00:00,-47.1966,-58.2349,5.0,7.579417,34.05025,303.147667,6.358772575
TARA_G100003630,2010-12-06 12:32:00+00:00,-47.1966,-58.2349,5.0,7.579417,34.05025,303.147667,6.358772575
TARA_G100003916,2010-12-06 12:32:00+00:00,-47.1966,-58.2349,5.0,7.579417,34.05025,303.147667,6.358772575
TARA_G100003625,2010-12-06 13:23:00+00:00,-47.2002,-58.2034,5.0,7.579417,34.05025,303.147667,6.358772575
TARA_G100003626,2010-12-06 13:23:00+00:00,-47.2002,-58.2034,5.0,7.579417,34.05025,303.147667,6.358772575
TARA_P100000381,2010-12-06 13:23:00+00:00,-47.2002,-58.2034,5.0,7.579417,34.05025,303.147667,6.358772575
TARA_G100003613,2010-12-06 13:23:00+00:00,-47.2002,-58.2034,5.0,7.579417,34.05025,303.147667,6.358772575
TARA_G100003614,2010-12-06 13:23:00+00:00,-47.2002,-58.2034,5.0,7.579417,34.05025,303.147667,6.358772575
TARA_G100003588,2010-12-06 13:23:00+00:00,-47.2002,-58.2034,5.0,7.579417,34.05025,303.147667,6.358772575
TARA_G100003589,2010-12-06 13:23:00+00:00,-47.2002,-58.2034,5.0,7.579417,34.05025,303.147667,6.358772575
TARA_G100003584,2010-12-06 13:23:00+00:00,-47.2002,-58.2034,5.0,7.579417,34.05025,303.147667,6.358772575
TARA_G100003585,2010-12-06 13:23:00+00:00,-47.2002,-58.2034,5.0,7.579417,34.05025,303.147667,6.358772575
TARA_G100003609,2010-12-06 13:23:00+00:00,-47.2002,-58.2034,5.0,7.579417,34.05025,303.147667,6.358772575
TARA_G100003610,2010-12-06 13:23:00+00:00,-47.2002,-58.2034,5.0,7.579417,34.05025,303.147667,6.358772575
TARA_G100003621,2010-12-06 13:23:00+00:00,-47.2002,-58.2034,5.0,7.579417,34.05025,303.147667,6.358772575
TARA_G100003622,2010-12-06 13:23:00+00:00,-47.2002,-58.2034,5.0,7.579417,34.05025,303.147667,6.358772575
TARA_G100003617,2010-12-06 13:23:00+00:00,-47.2002,-58.2034,5.0,7.579417,34.05025,303.147667,6.358772575
TARA_G100003618,2010-12-06 13:23:00+00:00,-47.2002,-58.2034,5.0,7.579417,34.05025,303.147667,6.358772575
TARA_N000001390,2010-12-06 13:23:00+00:00,-47.2002,-58.2034,5.0,7.579417,34.05025,303.147667,6.358772575
TARA_N000001391,2010-12-06 13:23:00+00:00,-47.2002,-58.2034,5.0,7.579417,34.05025,303.147667,6.358772575
TARA_N000001406,2010-12-06 13:23:00+00:00,-47.2002,-58.2034,5.0,7.579417,34.05025,303.147667,6.358772575
TARA_N000001407,2010-12-06 13:23:00+00:00,-47.2002,-58.2034,5.0,7.579417,34.05025,303.147667,6.358772575
TARA_G000002123,2010-12-06 13:23:00+00:00,-47.2002,-58.2034,5.0,7.579417,34.05025,303.147667,6.358772575
TARA_G000002124,2010-12-06 13:23:00+00:00,-47.2002,-58.2034,5.0,7.579417,34.05025,303.147667,6.358772575
TARA_B000000866,2011-01-03 11:05:00+00:00,-60.2287,-60.6476,5.0,1.9034,33.7198,338.526,6.156097984
TARA_B000000867,2011-01-03 11:05:00+00:00,-60.2287,-60.6476,5.0,1.9034,33.7198,338.526,6.156097984
TARA_B000000868,2011-01-03 11:05:00+00:00,-60.2287,-60.6476,5.0,1.9034,33.7198,338.526,6.156097984
TARA_Y100000837,2011-01-03 11:05:00+00:00,-60.2287,-60.6476,5.0,1.9034,33.7198,338.526,6.156097984
TARA_Y100000838,2011-01-03 11:05:00+00:00,-60.2287,-60.6476,5.0,1.9034,33.7198,338.526,6.156097984
TARA_Y000000276,2011-01-03 11:05:00+00:00,-60.2287,-60.6476,5.0,1.9034,33.7198,338.526,6.156097984
TARA_Y000000277,2011-01-03 11:05:00+00:00,-60.2287,-60.6476,5.0,1.9034,33.7198,338.526,6.156097984
TARA_R100000933,2011-01-03 11:05:00+00:00,-60.2287,-60.6476,5.0,1.9034,33.7198,338.526,6.156097984
TARA_R100000934,2011-01-03 11:05:00+00:00,-60.2287,-60.6476,5.0,1.9034,33.7198,338.526,6.156097984
TARA_R000000758,2011-01-03 11:05:00+00:00,-60.2287,-60.6476,5.0,1.9034,33.7198,338.526,6.156097984
TARA_R000000759,2011-01-03 11:05:00+00:00,-60.2287,-60.6476,5.0,1.9034,33.7198,338.526,6.156097984
TARA_R000000774,2011-01-03 11:05:00+00:00,-60.2287,-60.6476,5.0,1.9034,33.7198,338.526,6.156097984
TARA_G100004924,2011-01-03 11:05:00+00:00,-60.2287,-60.6476,5.0,1.9034,33.7198,338.526,6.156097984
TARA_G100004925,2011-01-03 11:05:00+00:00,-60.2287,-60.6476,5.0,1.9034,33.7198,338.526,6.156097984
TARA_G100004920,2011-01-03 11:05:00+00:00,-60.2287,-60.6476,5.0,1.9034,33.7198,338.526,6.156097984
TARA_G100004921,2011-01-03 11:05:00+00:00,-60.2287,-60.6476,5.0,1.9034,33.7198,338.526,6.156097984
TARA_B000000869,2011-01-03 11:05:00+00:00,-60.2287,-60.6476,5.0,1.9034,33.7198,338.526,6.156097984
TARA_B000000870,2011-01-03 11:05:00+00:00,-60.2287,-60.6476,5.0,1.9034,33.7198,338.526,6.156097984
TARA_B000000871,2011-01-03 11:05:00+00:00,-60.2287,-60.6476,5.0,1.9034,33.7198,338.526,6.156097984
TARA_B000000872,2011-01-03 11:05:00+00:00,-60.2287,-60.6476,5.0,1.9034,33.7198,338.526,6.156097984
TARA_R000000765,2011-01-03 11:05:00+00:00,-60.2287,-60.6476,5.0,1.9034,33.7198,338.526,6.156097984
TARA_R000000766,2011-01-03 11:05:00+00:00,-60.2287,-60.6476,5.0,1.9034,33.7198,338.526,6.156097984
TARA_R000000767,2011-01-03 11:05:00+00:00,-60.2287,-60.6476,5.0,1.9034,33.7198,338.526,6.156097984
TARA_R000000760,2011-01-03 11:05:00+00:00,-60.2287,-60.6476,5.0,1.9034,33.7198,338.526,6.156097984
TARA_R000000761,2011-01-03 11:05:00+00:00,-60.2287,-60.6476,5.0,1.9034,33.7198,338.526,6.156097984
TARA_G000002258,2011-01-03 11:05:00+00:00,-60.2287,-60.6476,5.0,1.9034,33.7198,338.526,6.156097984
TARA_G000002259,2011-01-03 11:05:00+00:00,-60.2287,-60.6476,5.0,1.9034,33.7198,338.526,6.156097984
TARA_G000002260,2011-01-03 11:05:00+00:00,-60.2287,-60.6476,5.0,1.9034,33.7198,338.526,6.156097984
TARA_B100000784,2011-01-03 11:05:00+00:00,-60.2287,-60.6476,5.0,1.9034,33.7198,338.526,6.156097984
TARA_B100000785,2011-01-03 11:05:00+00:00,-60.2287,-60.6476,5.0,1.9034,33.7198,338.526,6.156097984
TARA_B100000786,2011-01-03 11:05:00+00:00,-60.2287,-60.6476,5.0,1.9034,33.7198,338.526,6.156097984
TARA_R100000940,2011-01-03 11:05:00+00:00,-60.2287,-60.6476,5.0,1.9034,33.7198,338.526,6.156097984
TARA_R100000941,2011-01-03 11:05:00+00:00,-60.2287,-60.6476,5.0,1.9034,33.7198,338.526,6.156097984
TARA_R100000942,2011-01-03 11:05:00+00:00,-60.2287,-60.6476,5.0,1.9034,33.7198,338.526,6.156097984
TARA_G100004922,2011-01-03 11:05:00+00:00,-60.2287,-60.6476,5.0,1.9034,33.7198,338.526,6.156097984
TARA_G100004923,2011-01-03 11:05:00+00:00,-60.2287,-60.6476,5.0,1.9034,33.7198,338.526,6.156097984
TARA_R000000762,2011-01-03 11:05:00+00:00,-60.2287,-60.6476,5.0,1.9034,33.7198,338.526,6.156097984
TARA_R000000763,2011-01-03 11:05:00+00:00,-60.2287,-60.6476,5.0,1.9034,33.7198,338.526,6.156097984
TARA_R000000764,2011-01-03 11:05:00+00:00,-60.2287,-60.6476,5.0,1.9034,33.7198,338.526,6.156097984
TARA_R100000938,2011-01-03 11:05:00+00:00,-60.2287,-60.6476,5.0,1.9034,33.7198,338.526,6.156097984
TARA_R100000939,2011-01-03 11:05:00+00:00,-60.2287,-60.6476,5.0,1.9034,33.7198,338.526,6.156097984
TARA_G100004301,2011-01-03 11:05:00+00:00,-60.2287,-60.6476,5.0,1.9034,33.7198,338.526,6.156097984
TARA_G100004302,2011-01-03 11:05:00+00:00,-60.2287,-60.6476,5.0,1.9034,33.7198,338.526,6.156097984
TARA_B100000782,2011-01-03 11:05:00+00:00,-60.2287,-60.6476,5.0,1.9034,33.7198,338.526,6.156097984
TARA_B100000783,2011-01-03 11:05:00+00:00,-60.2287,-60.6476,5.0,1.9034,33.7198,338.526,6.156097984
TARA_B000000857,2011-01-03 11:05:00+00:00,-60.2287,-60.6476,5.0,1.9034,33.7198,338.526,6.156097984
TARA_B000000858,2011-01-03 11:05:00+00:00,-60.2287,-60.6476,5.0,1.9034,33.7198,338.526,6.156097984
TARA_N000001006,2011-01-03 11:05:00+00:00,-60.2287,-60.6476,5.0,1.9034,33.7198,338.526,6.156097984
TARA_N000001007,2011-01-03 11:05:00+00:00,-60.2287,-60.6476,5.0,1.9034,33.7198,338.526,6.156097984
TARA_N000001354,2011-01-03 11:05:00+00:00,-60.2287,-60.6476,5.0,1.9034,33.7198,338.526,6.156097984
TARA_N000001355,2011-01-03 11:05:00+00:00,-60.2287,-60.6476,5.0,1.9034,33.7198,338.526,6.156097984
TARA_N000001438,2011-01-03 11:05:00+00:00,-60.2287,-60.6476,5.0,1.9034,33.7198,338.526,6.156097984
TARA_N000001439,2011-01-03 11:05:00+00:00,-60.2287,-60.6476,5.0,1.9034,33.7198,338.526,6.156097984
TARA_B000000855,2011-01-03 11:05:00+00:00,-60.2287,-60.6476,5.0,1.9034,33.7198,338.526,6.156097984
TARA_B000000856,2011-01-03 11:05:00+00:00,-60.2287,-60.6476,5.0,1.9034,33.7198,338.526,6.156097984
TARA_B100000780,2011-01-03 11:05:00+00:00,-60.2287,-60.6476,5.0,1.9034,33.7198,338.526,6.156097984
TARA_B100000781,2011-01-03 11:05:00+00:00,-60.2287,-60.6476,5.0,1.9034,33.7198,338.526,6.156097984
TARA_Y100000836,2011-01-03 11:05:00+00:00,-60.2287,-60.6476,5.0,1.9034,33.7198,338.526,6.156097984
TARA_Y100000835,2011-01-03 11:05:00+00:00,-60.2287,-60.6476,5.0,1.9034,33.7198,338.526,6.156097984
TARA_Y100000833,2011-01-03 11:05:00+00:00,-60.2287,-60.6476,5.0,1.9034,33.7198,338.526,6.156097984
TARA_R100000935,2011-01-03 11:05:00+00:00,-60.2287,-60.6476,5.0,1.9034,33.7198,338.526,6.156097984
TARA_R100000936,2011-01-03 11:05:00+00:00,-60.2287,-60.6476,5.0,1.9034,33.7198,338.526,6.156097984
TARA_R100000937,2011-01-03 11:05:00+00:00,-60.2287,-60.6476,5.0,1.9034,33.7198,338.526,6.156097984
TARA_G000002249,2011-01-03 11:05:00+00:00,-60.2287,-60.6476,5.0,1.9034,33.7198,338.526,6.156097984
TARA_G000002250,2011-01-03 11:05:00+00:00,-60.2287,-60.6476,5.0,1.9034,33.7198,338.526,6.156097984
TARA_P100000406,2011-01-03 12:17:00+00:00,-60.2584,-60.6226,5.0,1.9034,33.7198,338.526,6.156097984
TARA_G100004883,2011-01-03 12:17:00+00:00,-60.2584,-60.6226,5.0,1.9034,33.7198,338.526,6.156097984
TARA_G100004884,2011-01-03 12:17:00+00:00,-60.2584,-60.6226,5.0,1.9034,33.7198,338.526,6.156097984
TARA_G100004891,2011-01-03 12:17:00+00:00,-60.2584,-60.6226,5.0,1.9034,33.7198,338.526,6.156097984
TARA_G100004885,2011-01-03 12:17:00+00:00,-60.2584,-60.6226,5.0,1.9034,33.7198,338.526,6.156097984
TARA_G100004886,2011-01-03 12:17:00+00:00,-60.2584,-60.6226,5.0,1.9034,33.7198,338.526,6.156097984
TARA_G100004889,2011-01-03 12:17:00+00:00,-60.2584,-60.6226,5.0,1.9034,33.7198,338.526,6.156097984
TARA_G100004890,2011-01-03 12:17:00+00:00,-60.2584,-60.6226,5.0,1.9034,33.7198,338.526,6.156097984
TARA_N000001360,2011-01-03 12:17:00+00:00,-60.2584,-60.6226,5.0,1.9034,33.7198,338.526,6.156097984
TARA_N000001361,2011-01-03 12:17:00+00:00,-60.2584,-60.6226,5.0,1.9034,33.7198,338.526,6.156097984
TARA_N000001362,2011-01-03 12:17:00+00:00,-60.2584,-60.6226,5.0,1.9034,33.7198,338.526,6.156097984
TARA_N000001363,2011-01-03 12:17:00+00:00,-60.2584,-60.6226,5.0,1.9034,33.7198,338.526,6.156097984
TARA_G100004887,2011-01-03 12:17:00+00:00,-60.2584,-60.6226,5.0,1.9034,33.7198,338.526,6.156097984
TARA_G100004888,2011-01-03 12:17:00+00:00,-60.2584,-60.6226,5.0,1.9034,33.7198,338.526,6.156097984
TARA_P100000405,2011-01-03 13:37:00+00:00,-60.2925,-60.5855,5.0,1.9034,33.7198,338.526,6.156097984
TARA_K100000386,2011-01-03 13:37:00+00:00,-60.2925,-60.5855,5.0,1.9034,33.7198,338.526,6.156097984
TARA_P100000407,2011-01-03 13:58:00+00:00,-60.3046,-60.5715,5.0,1.9034,33.7198,338.526,6.156097984
TARA_G100004898,2011-01-03 13:58:00+00:00,-60.3046,-60.5715,5.0,1.9034,33.7198,338.526,6.156097984
TARA_G100004899,2011-01-03 13:58:00+00:00,-60.3046,-60.5715,5.0,1.9034,33.7198,338.526,6.156097984
TARA_G100004902,2011-01-03 13:58:00+00:00,-60.3046,-60.5715,5.0,1.9034,33.7198,338.526,6.156097984
TARA_G100004903,2011-01-03 13:58:00+00:00,-60.3046,-60.5715,5.0,1.9034,33.7198,338.526,6.156097984
TARA_G100004892,2011-01-03 13:58:00+00:00,-60.3046,-60.5715,5.0,1.9034,33.7198,338.526,6.156097984
TARA_G100004893,2011-01-03 13:58:00+00:00,-60.3046,-60.5715,5.0,1.9034,33.7198,338.526,6.156097984
TARA_G100004896,2011-01-03 13:58:00+00:00,-60.3046,-60.5715,5.0,1.9034,33.7198,338.526,6.156097984
TARA_G100004897,2011-01-03 13:58:00+00:00,-60.3046,-60.5715,5.0,1.9034,33.7198,338.526,6.156097984
TARA_G100004900,2011-01-03 13:58:00+00:00,-60.3046,-60.5715,5.0,1.9034,33.7198,338.526,6.156097984
TARA_G100004901,2011-01-03 13:58:00+00:00,-60.3046,-60.5715,5.0,1.9034,33.7198,338.526,6.156097984
TARA_G100004904,2011-01-03 13:58:00+00:00,-60.3046,-60.5715,5.0,1.9034,33.7198,338.526,6.156097984
TARA_G100004905,2011-01-03 13:58:00+00:00,-60.3046,-60.5715,5.0,1.9034,33.7198,338.526,6.156097984
TARA_N000001358,2011-01-03 13:58:00+00:00,-60.3046,-60.5715,5.0,1.9034,33.7198,338.526,6.156097984
TARA_N000001359,2011-01-03 13:58:00+00:00,-60.3046,-60.5715,5.0,1.9034,33.7198,338.526,6.156097984
TARA_N000001442,2011-01-03 13:58:00+00:00,-60.3046,-60.5715,5.0,1.9034,33.7198,338.526,6.156097984
TARA_N000001443,2011-01-03 13:58:00+00:00,-60.3046,-60.5715,5.0,1.9034,33.7198,338.526,6.156097984
TARA_G100004894,2011-01-03 13:58:00+00:00,-60.3046,-60.5715,5.0,1.9034,33.7198,338.526,6.156097984
TARA_G100004895,2011-01-03 13:58:00+00:00,-60.3046,-60.5715,5.0,1.9034,33.7198,338.526,6.156097984
TARA_G100004918,2011-01-03 18:17:00+00:00,-60.4016,-60.4488,5.0,1.9034,33.7198,338.526,6.156097984
TARA_G100004919,2011-01-03 18:17:00+00:00,-60.4016,-60.4488,5.0,1.9034,33.7198,338.526,6.156097984
TARA_G100004912,2011-01-03 18:17:00+00:00,-60.4016,-60.4488,5.0,1.9034,33.7198,338.526,6.156097984
TARA_G100004913,2011-01-03 18:17:00+00:00,-60.4016,-60.4488,5.0,1.9034,33.7198,338.526,6.156097984
TARA_G100004908,2011-01-03 18:17:00+00:00,-60.4016,-60.4488,5.0,1.9034,33.7198,338.526,6.156097984
TARA_G100004909,2011-01-03 18:17:00+00:00,-60.4016,-60.4488,5.0,1.9034,33.7198,338.526,6.156097984
TARA_G100004906,2011-01-03 18:17:00+00:00,-60.4016,-60.4488,5.0,1.9034,33.7198,338.526,6.156097984
TARA_G100004907,2011-01-03 18:17:00+00:00,-60.4016,-60.4488,5.0,1.9034,33.7198,338.526,6.156097984
TARA_G100004910,2011-01-03 18:17:00+00:00,-60.4016,-60.4488,5.0,1.9034,33.7198,338.526,6.156097984
TARA_G100004911,2011-01-03 18:17:00+00:00,-60.4016,-60.4488,5.0,1.9034,33.7198,338.526,6.156097984
TARA_G100004916,2011-01-03 18:17:00+00:00,-60.4016,-60.4488,5.0,1.9034,33.7198,338.526,6.156097984
TARA_G100004917,2011-01-03 18:17:00+00:00,-60.4016,-60.4488,5.0,1.9034,33.7198,338.526,6.156097984
TARA_G100004914,2011-01-03 18:17:00+00:00,-60.4016,-60.4488,5.0,1.9034,33.7198,338.526,6.156097984
TARA_G100004915,2011-01-03 18:17:00+00:00,-60.4016,-60.4488,5.0,1.9034,33.7198,338.526,6.156097984
TARA_N000001356,2011-01-03 18:17:00+00:00,-60.4016,-60.4488,5.0,1.9034,33.7198,338.526,6.156097984
TARA_N000001357,2011-01-03 18:17:00+00:00,-60.4016,-60.4488,5.0,1.9034,33.7198,338.526,6.156097984
TARA_N000001440,2011-01-03 18:17:00+00:00,-60.4016,-60.4488,5.0,1.9034,33.7198,338.526,6.156097984
TARA_N000001441,2011-01-03 18:17:00+00:00,-60.4016,-60.4488,5.0,1.9034,33.7198,338.526,6.156097984
TARA_G000002253,2011-01-03 18:17:00+00:00,-60.4016,-60.4488,5.0,1.9034,33.7198,338.526,6.156097984
TARA_G000002254,2011-01-03 18:17:00+00:00,-60.4016,-60.4488,5.0,1.9034,33.7198,338.526,6.156097984
TARA_B000000877,2011-01-06 10:38:00+00:00,-62.0385,-49.529,5.0,0.73159,34.327465,344.81235,5.806473488
TARA_B000000878,2011-01-06 10:38:00+00:00,-62.0385,-49.529,5.0,0.73159,34.327465,344.81235,5.806473488
TARA_B000000879,2011-01-06 10:38:00+00:00,-62.0385,-49.529,5.0,0.73159,34.327465,344.81235,5.806473488
TARA_Y100000850,2011-01-06 10:38:00+00:00,-62.0385,-49.529,5.0,0.73159,34.327465,344.81235,5.806473488
TARA_Y100000851,2011-01-06 10:38:00+00:00,-62.0385,-49.529,5.0,0.73159,34.327465,344.81235,5.806473488
TARA_Y000000130,2011-01-06 10:38:00+00:00,-62.0385,-49.529,5.0,0.73159,34.327465,344.81235,5.806473488
TARA_Y000000278,2011-01-06 10:38:00+00:00,-62.0385,-49.529,5.0,0.73159,34.327465,344.81235,5.806473488
TARA_R100001367,2011-01-06 10:38:00+00:00,-62.0385,-49.529,5.0,0.73159,34.327465,344.81235,5.806473488
TARA_R100001368,2011-01-06 10:38:00+00:00,-62.0385,-49.529,5.0,0.73159,34.327465,344.81235,5.806473488
TARA_R000000776,2011-01-06 10:38:00+00:00,-62.0385,-49.529,5.0,0.73159,34.327465,344.81235,5.806473488
TARA_R000000777,2011-01-06 10:38:00+00:00,-62.0385,-49.529,5.0,0.73159,34.327465,344.81235,5.806473488
TARA_R000000778,2011-01-06 10:38:00+00:00,-62.0385,-49.529,5.0,0.73159,34.327465,344.81235,5.806473488
TARA_G100004278,2011-01-06 10:38:00+00:00,-62.0385,-49.529,5.0,0.73159,34.327465,344.81235,5.806473488
TARA_G100004279,2011-01-06 10:38:00+00:00,-62.0385,-49.529,5.0,0.73159,34.327465,344.81235,5.806473488
TARA_G100004266,2011-01-06 10:38:00+00:00,-62.0385,-49.529,5.0,0.73159,34.327465,344.81235,5.806473488
TARA_G100004267,2011-01-06 10:38:00+00:00,-62.0385,-49.529,5.0,0.73159,34.327465,344.81235,5.806473488
TARA_G100004254,2011-01-06 10:38:00+00:00,-62.0385,-49.529,5.0,0.73159,34.327465,344.81235,5.806473488
TARA_G100004255,2011-01-06 10:38:00+00:00,-62.0385,-49.529,5.0,0.73159,34.327465,344.81235,5.806473488
TARA_G100004270,2011-01-06 10:38:00+00:00,-62.0385,-49.529,5.0,0.73159,34.327465,344.81235,5.806473488
TARA_G100004271,2011-01-06 10:38:00+00:00,-62.0385,-49.529,5.0,0.73159,34.327465,344.81235,5.806473488
TARA_G100004246,2011-01-06 10:38:00+00:00,-62.0385,-49.529,5.0,0.73159,34.327465,344.81235,5.806473488
TARA_G100004247,2011-01-06 10:38:00+00:00,-62.0385,-49.529,5.0,0.73159,34.327465,344.81235,5.806473488
TARA_B000000898,2011-01-06 10:38:00+00:00,-62.0385,-49.529,5.0,0.73159,34.327465,344.81235,5.806473488
TARA_B000000899,2011-01-06 10:38:00+00:00,-62.0385,-49.529,5.0,0.73159,34.327465,344.81235,5.806473488
TARA_B000000900,2011-01-06 10:38:00+00:00,-62.0385,-49.529,5.0,0.73159,34.327465,344.81235,5.806473488
TARA_B000000901,2011-01-06 10:38:00+00:00,-62.0385,-49.529,5.0,0.73159,34.327465,344.81235,5.806473488
TARA_R000000800,2011-01-06 10:38:00+00:00,-62.0385,-49.529,5.0,0.73159,34.327465,344.81235,5.806473488
TARA_R000000801,2011-01-06 10:38:00+00:00,-62.0385,-49.529,5.0,0.73159,34.327465,344.81235,5.806473488
TARA_R000000802,2011-01-06 10:38:00+00:00,-62.0385,-49.529,5.0,0.73159,34.327465,344.81235,5.806473488
TARA_R000000785,2011-01-06 10:38:00+00:00,-62.0385,-49.529,5.0,0.73159,34.327465,344.81235,5.806473488
TARA_R000000786,2011-01-06 10:38:00+00:00,-62.0385,-49.529,5.0,0.73159,34.327465,344.81235,5.806473488
TARA_G000002265,2011-01-06 10:38:00+00:00,-62.0385,-49.529,5.0,0.73159,34.327465,344.81235,5.806473488
TARA_G000002266,2011-01-06 10:38:00+00:00,-62.0385,-49.529,5.0,0.73159,34.327465,344.81235,5.806473488
TARA_G000002267,2011-01-06 10:38:00+00:00,-62.0385,-49.529,5.0,0.73159,34.327465,344.81235,5.806473488
TARA_G100004339,2011-01-06 10:38:00+00:00,-62.0385,-49.529,5.0,0.73159,34.327465,344.81235,5.806473488
TARA_G100004340,2011-01-06 10:38:00+00:00,-62.0385,-49.529,5.0,0.73159,34.327465,344.81235,5.806473488
TARA_G100004250,2011-01-06 10:38:00+00:00,-62.0385,-49.529,5.0,0.73159,34.327465,344.81235,5.806473488
TARA_G100004251,2011-01-06 10:38:00+00:00,-62.0385,-49.529,5.0,0.73159,34.327465,344.81235,5.806473488
TARA_B100000791,2011-01-06 10:38:00+00:00,-62.0385,-49.529,5.0,0.73159,34.327465,344.81235,5.806473488
TARA_B100000792,2011-01-06 10:38:00+00:00,-62.0385,-49.529,5.0,0.73159,34.327465,344.81235,5.806473488
TARA_B100000793,2011-01-06 10:38:00+00:00,-62.0385,-49.529,5.0,0.73159,34.327465,344.81235,5.806473488
TARA_R100001374,2011-01-06 10:38:00+00:00,-62.0385,-49.529,5.0,0.73159,34.327465,344.81235,5.806473488
TARA_R100001375,2011-01-06 10:38:00+00:00,-62.0385,-49.529,5.0,0.73159,34.327465,344.81235,5.806473488
TARA_R100001376,2011-01-06 10:38:00+00:00,-62.0385,-49.529,5.0,0.73159,34.327465,344.81235,5.806473488
TARA_G100004274,2011-01-06 10:38:00+00:00,-62.0385,-49.529,5.0,0.73159,34.327465,344.81235,5.806473488
TARA_G100004275,2011-01-06 10:38:00+00:00,-62.0385,-49.529,5.0,0.73159,34.327465,344.81235,5.806473488
TARA_G100004262,2011-01-06 10:38:00+00:00,-62.0385,-49.529,5.0,0.73159,34.327465,344.81235,5.806473488
TARA_G100004263,2011-01-06 10:38:00+00:00,-62.0385,-49.529,5.0,0.73159,34.327465,344.81235,5.806473488
TARA_G100004258,2011-01-06 10:38:00+00:00,-62.0385,-49.529,5.0,0.73159,34.327465,344.81235,5.806473488
TARA_G100004259,2011-01-06 10:38:00+00:00,-62.0385,-49.529,5.0,0.73159,34.327465,344.81235,5.806473488
TARA_R000000791,2011-01-06 10:38:00+00:00,-62.0385,-49.529,5.0,0.73159,34.327465,344.81235,5.806473488
TARA_R000000792,2011-01-06 10:38:00+00:00,-62.0385,-49.529,5.0,0.73159,34.327465,344.81235,5.806473488
TARA_R000000799,2011-01-06 10:38:00+00:00,-62.0385,-49.529,5.0,0.73159,34.327465,344.81235,5.806473488
TARA_R100001372,2011-01-06 10:38:00+00:00,-62.0385,-49.529,5.0,0.73159,34.327465,344.81235,5.806473488
TARA_R100001373,2011-01-06 10:38:00+00:00,-62.0385,-49.529,5.0,0.73159,34.327465,344.81235,5.806473488
TARA_G100004879,2011-01-06 10:38:00+00:00,-62.0385,-49.529,5.0,0.73159,34.327465,344.81235,5.806473488
TARA_G100004880,2011-01-06 10:38:00+00:00,-62.0385,-49.529,5.0,0.73159,34.327465,344.81235,5.806473488
TARA_B100000789,2011-01-06 10:38:00+00:00,-62.0385,-49.529,5.0,0.73159,34.327465,344.81235,5.806473488
TARA_B100000790,2011-01-06 10:38:00+00:00,-62.0385,-49.529,5.0,0.73159,34.327465,344.81235,5.806473488
TARA_B000000882,2011-01-06 10:38:00+00:00,-62.0385,-49.529,5.0,0.73159,34.327465,344.81235,5.806473488
TARA_B000000883,2011-01-06 10:38:00+00:00,-62.0385,-49.529,5.0,0.73159,34.327465,344.81235,5.806473488
TARA_N000001024,2011-01-06 10:38:00+00:00,-62.0385,-49.529,5.0,0.73159,34.327465,344.81235,5.806473488
TARA_N000001025,2011-01-06 10:38:00+00:00,-62.0385,-49.529,5.0,0.73159,34.327465,344.81235,5.806473488
TARA_N000001008,2011-01-06 10:38:00+00:00,-62.0385,-49.529,5.0,0.73159,34.327465,344.81235,5.806473488
TARA_N000001009,2011-01-06 10:38:00+00:00,-62.0385,-49.529,5.0,0.73159,34.327465,344.81235,5.806473488
TARA_N000001028,2011-01-06 10:38:00+00:00,-62.0385,-49.529,5.0,0.73159,34.327465,344.81235,5.806473488
TARA_N000001029,2011-01-06 10:38:00+00:00,-62.0385,-49.529,5.0,0.73159,34.327465,344.81235,5.806473488
TARA_B000000880,2011-01-06 10:38:00+00:00,-62.0385,-49.529,5.0,0.73159,34.327465,344.81235,5.806473488
TARA_B000000881,2011-01-06 10:38:00+00:00,-62.0385,-49.529,5.0,0.73159,34.327465,344.81235,5.806473488
TARA_B100000787,2011-01-06 10:38:00+00:00,-62.0385,-49.529,5.0,0.73159,34.327465,344.81235,5.806473488
TARA_B100000788,2011-01-06 10:38:00+00:00,-62.0385,-49.529,5.0,0.73159,34.327465,344.81235,5.806473488
TARA_N000001012,2011-01-06 10:38:00+00:00,-62.0385,-49.529,5.0,0.73159,34.327465,344.81235,5.806473488
TARA_N000001013,2011-01-06 10:38:00+00:00,-62.0385,-49.529,5.0,0.73159,34.327465,344.81235,5.806473488
TARA_N000001032,2011-01-06 10:38:00+00:00,-62.0385,-49.529,5.0,0.73159,34.327465,344.81235,5.806473488
TARA_N000001033,2011-01-06 10:38:00+00:00,-62.0385,-49.529,5.0,0.73159,34.327465,344.81235,5.806473488
TARA_Y100000847,2011-01-06 10:38:00+00:00,-62.0385,-49.529,5.0,0.73159,34.327465,344.81235,5.806473488
TARA_Y100000844,2011-01-06 10:38:00+00:00,-62.0385,-49.529,5.0,0.73159,34.327465,344.81235,5.806473488
TARA_Y100000841,2011-01-06 10:38:00+00:00,-62.0385,-49.529,5.0,0.73159,34.327465,344.81235,5.806473488
TARA_R100001369,2011-01-06 10:38:00+00:00,-62.0385,-49.529,5.0,0.73159,34.327465,344.81235,5.806473488
TARA_R100001370,2011-01-06 10:38:00+00:00,-62.0385,-49.529,5.0,0.73159,34.327465,344.81235,5.806473488
TARA_R100001371,2011-01-06 10:38:00+00:00,-62.0385,-49.529,5.0,0.73159,34.327465,344.81235,5.806473488
TARA_G000002261,2011-01-06 10:38:00+00:00,-62.0385,-49.529,5.0,0.73159,34.327465,344.81235,5.806473488
TARA_G000002262,2011-01-06 10:38:00+00:00,-62.0385,-49.529,5.0,0.73159,34.327465,344.81235,5.806473488
TARA_G000002268,2011-01-06 10:38:00+00:00,-62.0385,-49.529,5.0,0.73159,34.327465,344.81235,5.806473488
TARA_G000002269,2011-01-06 10:38:00+00:00,-62.0385,-49.529,5.0,0.73159,34.327465,344.81235,5.806473488
TARA_P100001973,2011-01-06 12:45:00+00:00,-62.0773,-49.4534,5.0,0.73159,34.327465,344.81235,5.806473488
TARA_G100004196,2011-01-06 12:45:00+00:00,-62.0773,-49.4534,5.0,0.73159,34.327465,344.81235,5.806473488
TARA_G100004197,2011-01-06 12:45:00+00:00,-62.0773,-49.4534,5.0,0.73159,34.327465,344.81235,5.806473488
TARA_G100004212,2011-01-06 12:45:00+00:00,-62.0773,-49.4534,5.0,0.73159,34.327465,344.81235,5.806473488
TARA_G100004200,2011-01-06 12:45:00+00:00,-62.0773,-49.4534,5.0,0.73159,34.327465,344.81235,5.806473488
TARA_G100004201,2011-01-06 12:45:00+00:00,-62.0773,-49.4534,5.0,0.73159,34.327465,344.81235,5.806473488
TARA_G100004208,2011-01-06 12:45:00+00:00,-62.0773,-49.4534,5.0,0.73159,34.327465,344.81235,5.806473488
TARA_G100004209,2011-01-06 12:45:00+00:00,-62.0773,-49.4534,5.0,0.73159,34.327465,344.81235,5.806473488
TARA_N000001020,2011-01-06 12:45:00+00:00,-62.0773,-49.4534,5.0,0.73159,34.327465,344.81235,5.806473488
TARA_N000001021,2011-01-06 12:45:00+00:00,-62.0773,-49.4534,5.0,0.73159,34.327465,344.81235,5.806473488
TARA_N000001040,2011-01-06 12:45:00+00:00,-62.0773,-49.4534,5.0,0.73159,34.327465,344.81235,5.806473488
TARA_N000001041,2011-01-06 12:45:00+00:00,-62.0773,-49.4534,5.0,0.73159,34.327465,344.81235,5.806473488
TARA_G100004204,2011-01-06 12:45:00+00:00,-62.0773,-49.4534,5.0,0.73159,34.327465,344.81235,5.806473488
TARA_G100004205,2011-01-06 12:45:00+00:00,-62.0773,-49.4534,5.0,0.73159,34.327465,344.81235,5.806473488
TARA_P100001975,2011-01-06 15:29:00+00:00,-62.14,-49.3273,5.0,0.73159,34.327465,344.81235,5.806473488
TARA_G100004226,2011-01-06 15:29:00+00:00,-62.14,-49.3273,5.0,0.73159,34.327465,344.81235,5.806473488
TARA_G100004227,2011-01-06 15:29:00+00:00,-62.14,-49.3273,5.0,0.73159,34.327465,344.81235,5.806473488
TARA_G100004234,2011-01-06 15:29:00+00:00,-62.14,-49.3273,5.0,0.73159,34.327465,344.81235,5.806473488
TARA_G100004235,2011-01-06 15:29:00+00:00,-62.14,-49.3273,5.0,0.73159,34.327465,344.81235,5.806473488
TARA_G100004214,2011-01-06 15:29:00+00:00,-62.14,-49.3273,5.0,0.73159,34.327465,344.81235,5.806473488
TARA_G100004215,2011-01-06 15:29:00+00:00,-62.14,-49.3273,5.0,0.73159,34.327465,344.81235,5.806473488
TARA_G100004222,2011-01-06 15:29:00+00:00,-62.14,-49.3273,5.0,0.73159,34.327465,344.81235,5.806473488
TARA_G100004224,2011-01-06 15:29:00+00:00,-62.14,-49.3273,5.0,0.73159,34.327465,344.81235,5.806473488
TARA_G100004230,2011-01-06 15:29:00+00:00,-62.14,-49.3273,5.0,0.73159,34.327465,344.81235,5.806473488
TARA_G100004231,2011-01-06 15:29:00+00:00,-62.14,-49.3273,5.0,0.73159,34.327465,344.81235,5.806473488
TARA_G100004238,2011-01-06 15:29:00+00:00,-62.14,-49.3273,5.0,0.73159,34.327465,344.81235,5.806473488
TARA_G100004239,2011-01-06 15:29:00+00:00,-62.14,-49.3273,5.0,0.73159,34.327465,344.81235,5.806473488
TARA_N000001016,2011-01-06 15:29:00+00:00,-62.14,-49.3273,5.0,0.73159,34.327465,344.81235,5.806473488
TARA_N000001017,2011-01-06 15:29:00+00:00,-62.14,-49.3273,5.0,0.73159,34.327465,344.81235,5.806473488
TARA_N000001036,2011-01-06 15:29:00+00:00,-62.14,-49.3273,5.0,0.73159,34.327465,344.81235,5.806473488
TARA_N000001037,2011-01-06 15:29:00+00:00,-62.14,-49.3273,5.0,0.73159,34.327465,344.81235,5.806473488
TARA_G100004218,2011-01-06 15:29:00+00:00,-62.14,-49.3273,5.0,0.73159,34.327465,344.81235,5.806473488
TARA_G100004219,2011-01-06 15:29:00+00:00,-62.14,-49.3273,5.0,0.73159,34.327465,344.81235,5.806473488
TARA_B000000887,2011-01-07 10:39:00+00:00,-61.9689,-49.5017,790.0,0.456763,34.6802,203.7715,6.903416858
TARA_B000000888,2011-01-07 10:39:00+00:00,-61.9689,-49.5017,790.0,0.456763,34.6802,203.7715,6.903416858
TARA_B000000889,2011-01-07 10:39:00+00:00,-61.9689,-49.5017,790.0,0.456763,34.6802,203.7715,6.903416858
TARA_B000000890,2011-01-07 10:39:00+00:00,-61.9689,-49.5017,790.0,0.456763,34.6802,203.7715,6.903416858
TARA_Y100000854,2011-01-07 10:39:00+00:00,-61.9689,-49.5017,790.0,0.456763,34.6802,203.7715,6.903416858
TARA_Y100000855,2011-01-07 10:39:00+00:00,-61.9689,-49.5017,790.0,0.456763,34.6802,203.7715,6.903416858
TARA_Y000000133,2011-01-07 10:39:00+00:00,-61.9689,-49.5017,790.0,0.456763,34.6802,203.7715,6.903416858
TARA_Y000000134,2011-01-07 10:39:00+00:00,-61.9689,-49.5017,790.0,0.456763,34.6802,203.7715,6.903416858
TARA_R100001242,2011-01-07 10:39:00+00:00,-61.9689,-49.5017,790.0,0.456763,34.6802,203.7715,6.903416858
TARA_R100001243,2011-01-07 10:39:00+00:00,-61.9689,-49.5017,790.0,0.456763,34.6802,203.7715,6.903416858
TARA_R000000782,2011-01-07 10:39:00+00:00,-61.9689,-49.5017,790.0,0.456763,34.6802,203.7715,6.903416858
TARA_R000000783,2011-01-07 10:39:00+00:00,-61.9689,-49.5017,790.0,0.456763,34.6802,203.7715,6.903416858
TARA_R000000784,2011-01-07 10:39:00+00:00,-61.9689,-49.5017,790.0,0.456763,34.6802,203.7715,6.903416858
TARA_B000000895,2011-01-07 10:39:00+00:00,-61.9689,-49.5017,790.0,0.456763,34.6802,203.7715,6.903416858
TARA_B000000896,2011-01-07 10:39:00+00:00,-61.9689,-49.5017,790.0,0.456763,34.6802,203.7715,6.903416858
TARA_B000000897,2011-01-07 10:39:00+00:00,-61.9689,-49.5017,790.0,0.456763,34.6802,203.7715,6.903416858
TARA_B000000907,2011-01-07 10:39:00+00:00,-61.9689,-49.5017,790.0,0.456763,34.6802,203.7715,6.903416858
TARA_R000000806,2011-01-07 10:39:00+00:00,-61.9689,-49.5017,790.0,0.456763,34.6802,203.7715,6.903416858
TARA_R000000807,2011-01-07 10:39:00+00:00,-61.9689,-49.5017,790.0,0.456763,34.6802,203.7715,6.903416858
TARA_R000000808,2011-01-07 10:39:00+00:00,-61.9689,-49.5017,790.0,0.456763,34.6802,203.7715,6.903416858
TARA_R000000789,2011-01-07 10:39:00+00:00,-61.9689,-49.5017,790.0,0.456763,34.6802,203.7715,6.903416858
TARA_R000000790,2011-01-07 10:39:00+00:00,-61.9689,-49.5017,790.0,0.456763,34.6802,203.7715,6.903416858
TARA_B100000822,2011-01-07 10:39:00+00:00,-61.9689,-49.5017,790.0,0.456763,34.6802,203.7715,6.903416858
TARA_B100000823,2011-01-07 10:39:00+00:00,-61.9689,-49.5017,790.0,0.456763,34.6802,203.7715,6.903416858
TARA_R100001249,2011-01-07 10:39:00+00:00,-61.9689,-49.5017,790.0,0.456763,34.6802,203.7715,6.903416858
TARA_R100001250,2011-01-07 10:39:00+00:00,-61.9689,-49.5017,790.0,0.456763,34.6802,203.7715,6.903416858
TARA_R000000796,2011-01-07 10:39:00+00:00,-61.9689,-49.5017,790.0,0.456763,34.6802,203.7715,6.903416858
TARA_R000000797,2011-01-07 10:39:00+00:00,-61.9689,-49.5017,790.0,0.456763,34.6802,203.7715,6.903416858
TARA_R000000798,2011-01-07 10:39:00+00:00,-61.9689,-49.5017,790.0,0.456763,34.6802,203.7715,6.903416858
TARA_R100001247,2011-01-07 10:39:00+00:00,-61.9689,-49.5017,790.0,0.456763,34.6802,203.7715,6.903416858
TARA_R100001248,2011-01-07 10:39:00+00:00,-61.9689,-49.5017,790.0,0.456763,34.6802,203.7715,6.903416858
TARA_B100000809,2011-01-07 10:39:00+00:00,-61.9689,-49.5017,790.0,0.456763,34.6802,203.7715,6.903416858
TARA_B100000810,2011-01-07 10:39:00+00:00,-61.9689,-49.5017,790.0,0.456763,34.6802,203.7715,6.903416858
TARA_B000000893,2011-01-07 10:39:00+00:00,-61.9689,-49.5017,790.0,0.456763,34.6802,203.7715,6.903416858
TARA_B000000894,2011-01-07 10:39:00+00:00,-61.9689,-49.5017,790.0,0.456763,34.6802,203.7715,6.903416858
TARA_N000001045,2011-01-07 10:39:00+00:00,-61.9689,-49.5017,790.0,0.456763,34.6802,203.7715,6.903416858
TARA_N000001044,2011-01-07 10:39:00+00:00,-61.9689,-49.5017,790.0,0.456763,34.6802,203.7715,6.903416858
TARA_B000000891,2011-01-07 10:39:00+00:00,-61.9689,-49.5017,790.0,0.456763,34.6802,203.7715,6.903416858
TARA_B000000892,2011-01-07 10:39:00+00:00,-61.9689,-49.5017,790.0,0.456763,34.6802,203.7715,6.903416858
TARA_B100000807,2011-01-07 10:39:00+00:00,-61.9689,-49.5017,790.0,0.456763,34.6802,203.7715,6.903416858
TARA_B100000808,2011-01-07 10:39:00+00:00,-61.9689,-49.5017,790.0,0.456763,34.6802,203.7715,6.903416858
TARA_Y100000849,2011-01-07 10:39:00+00:00,-61.9689,-49.5017,790.0,0.456763,34.6802,203.7715,6.903416858
TARA_Y100000846,2011-01-07 10:39:00+00:00,-61.9689,-49.5017,790.0,0.456763,34.6802,203.7715,6.903416858
TARA_Y100000843,2011-01-07 10:39:00+00:00,-61.9689,-49.5017,790.0,0.456763,34.6802,203.7715,6.903416858
TARA_R100001244,2011-01-07 10:39:00+00:00,-61.9689,-49.5017,790.0,0.456763,34.6802,203.7715,6.903416858
TARA_R100001245,2011-01-07 10:39:00+00:00,-61.9689,-49.5017,790.0,0.456763,34.6802,203.7715,6.903416858
TARA_R100001246,2011-01-07 10:39:00+00:00,-61.9689,-49.5017,790.0,0.456763,34.6802,203.7715,6.903416858
TARA_B000001144,2011-03-12 11:34:00+00:00,-34.0614,-73.1066,5.0,18.122955,34.31598,243.0408,6.854613957
TARA_B000001145,2011-03-12 11:34:00+00:00,-34.0614,-73.1066,5.0,18.122955,34.31598,243.0408,6.854613957
TARA_B000001146,2011-03-12 11:34:00+00:00,-34.0614,-73.1066,5.0,18.122955,34.31598,243.0408,6.854613957
TARA_Y100000967,2011-03-12 11:34:00+00:00,-34.0614,-73.1066,5.0,18.122955,34.31598,243.0408,6.854613957
TARA_Y100000968,2011-03-12 11:34:00+00:00,-34.0614,-73.1066,5.0,18.122955,34.31598,243.0408,6.854613957
TARA_Y000000148,2011-03-12 11:34:00+00:00,-34.0614,-73.1066,5.0,18.122955,34.31598,243.0408,6.854613957
TARA_Y000000149,2011-03-12 11:34:00+00:00,-34.0614,-73.1066,5.0,18.122955,34.31598,243.0408,6.854613957
TARA_R100001351,2011-03-12 11:34:00+00:00,-34.0614,-73.1066,5.0,18.122955,34.31598,243.0408,6.854613957
TARA_R100001352,2011-03-12 11:34:00+00:00,-34.0614,-73.1066,5.0,18.122955,34.31598,243.0408,6.854613957
TARA_R000000982,2011-03-12 11:34:00+00:00,-34.0614,-73.1066,5.0,18.122955,34.31598,243.0408,6.854613957
TARA_R000000983,2011-03-12 11:34:00+00:00,-34.0614,-73.1066,5.0,18.122955,34.31598,243.0408,6.854613957
TARA_R000000984,2011-03-12 11:34:00+00:00,-34.0614,-73.1066,5.0,18.122955,34.31598,243.0408,6.854613957
TARA_G100005029,2011-03-12 11:34:00+00:00,-34.0614,-73.1066,5.0,18.122955,34.31598,243.0408,6.854613957
TARA_G100005030,2011-03-12 11:34:00+00:00,-34.0614,-73.1066,5.0,18.122955,34.31598,243.0408,6.854613957
TARA_G100005015,2011-03-12 11:34:00+00:00,-34.0614,-73.1066,5.0,18.122955,34.31598,243.0408,6.854613957
TARA_G100005016,2011-03-12 11:34:00+00:00,-34.0614,-73.1066,5.0,18.122955,34.31598,243.0408,6.854613957
TARA_G100005039,2011-03-12 11:34:00+00:00,-34.0614,-73.1066,5.0,18.122955,34.31598,243.0408,6.854613957
TARA_G100005040,2011-03-12 11:34:00+00:00,-34.0614,-73.1066,5.0,18.122955,34.31598,243.0408,6.854613957
TARA_G100005049,2011-03-12 11:34:00+00:00,-34.0614,-73.1066,5.0,18.122955,34.31598,243.0408,6.854613957
TARA_G100005050,2011-03-12 11:34:00+00:00,-34.0614,-73.1066,5.0,18.122955,34.31598,243.0408,6.854613957
TARA_G100005065,2011-03-12 11:34:00+00:00,-34.0614,-73.1066,5.0,18.122955,34.31598,243.0408,6.854613957
TARA_G100005066,2011-03-12 11:34:00+00:00,-34.0614,-73.1066,5.0,18.122955,34.31598,243.0408,6.854613957
TARA_G100004487,2011-03-12 11:34:00+00:00,-34.0614,-73.1066,5.0,18.122955,34.31598,243.0408,6.854613957
TARA_G100004488,2011-03-12 11:34:00+00:00,-34.0614,-73.1066,5.0,18.122955,34.31598,243.0408,6.854613957
TARA_G100005067,2011-03-12 11:34:00+00:00,-34.0614,-73.1066,5.0,18.122955,34.31598,243.0408,6.854613957
TARA_G100005068,2011-03-12 11:34:00+00:00,-34.0614,-73.1066,5.0,18.122955,34.31598,243.0408,6.854613957
TARA_G100004523,2011-03-12 11:34:00+00:00,-34.0614,-73.1066,5.0,18.122955,34.31598,243.0408,6.854613957
TARA_G100004524,2011-03-12 11:34:00+00:00,-34.0614,-73.1066,5.0,18.122955,34.31598,243.0408,6.854613957
TARA_G100005061,2011-03-12 11:34:00+00:00,-34.0614,-73.1066,5.0,18.122955,34.31598,243.0408,6.854613957
TARA_G100005062,2011-03-12 11:34:00+00:00,-34.0614,-73.1066,5.0,18.122955,34.31598,243.0408,6.854613957
TARA_B000001156,2011-03-12 11:34:00+00:00,-34.0614,-73.1066,5.0,18.122955,34.31598,243.0408,6.854613957
TARA_B000001157,2011-03-12 11:34:00+00:00,-34.0614,-73.1066,5.0,18.122955,34.31598,243.0408,6.854613957
TARA_B000001158,2011-03-12 11:34:00+00:00,-34.0614,-73.1066,5.0,18.122955,34.31598,243.0408,6.854613957
TARA_B000001162,2011-03-12 11:34:00+00:00,-34.0614,-73.1066,5.0,18.122955,34.31598,243.0408,6.854613957
TARA_R000000975,2011-03-12 11:34:00+00:00,-34.0614,-73.1066,5.0,18.122955,34.31598,243.0408,6.854613957
TARA_R000000976,2011-03-12 11:34:00+00:00,-34.0614,-73.1066,5.0,18.122955,34.31598,243.0408,6.854613957
TARA_R000000977,2011-03-12 11:34:00+00:00,-34.0614,-73.1066,5.0,18.122955,34.31598,243.0408,6.854613957
TARA_R000000965,2011-03-12 11:34:00+00:00,-34.0614,-73.1066,5.0,18.122955,34.31598,243.0408,6.854613957
TARA_R000000966,2011-03-12 11:34:00+00:00,-34.0614,-73.1066,5.0,18.122955,34.31598,243.0408,6.854613957
TARA_G100004543,2011-03-12 11:34:00+00:00,-34.0614,-73.1066,5.0,18.122955,34.31598,243.0408,6.854613957
TARA_G100004544,2011-03-12 11:34:00+00:00,-34.0614,-73.1066,5.0,18.122955,34.31598,243.0408,6.854613957
TARA_G100005063,2011-03-12 11:34:00+00:00,-34.0614,-73.1066,5.0,18.122955,34.31598,243.0408,6.854613957
TARA_G100005064,2011-03-12 11:34:00+00:00,-34.0614,-73.1066,5.0,18.122955,34.31598,243.0408,6.854613957
TARA_G000002185,2011-03-12 11:34:00+00:00,-34.0614,-73.1066,5.0,18.122955,34.31598,243.0408,6.854613957
TARA_G000002186,2011-03-12 11:34:00+00:00,-34.0614,-73.1066,5.0,18.122955,34.31598,243.0408,6.854613957
TARA_G000002187,2011-03-12 11:34:00+00:00,-34.0614,-73.1066,5.0,18.122955,34.31598,243.0408,6.854613957
TARA_G100004519,2011-03-12 11:34:00+00:00,-34.0614,-73.1066,5.0,18.122955,34.31598,243.0408,6.854613957
TARA_G100004520,2011-03-12 11:34:00+00:00,-34.0614,-73.1066,5.0,18.122955,34.31598,243.0408,6.854613957
TARA_G100005059,2011-03-12 11:34:00+00:00,-34.0614,-73.1066,5.0,18.122955,34.31598,243.0408,6.854613957
TARA_G100005060,2011-03-12 11:34:00+00:00,-34.0614,-73.1066,5.0,18.122955,34.31598,243.0408,6.854613957
TARA_G100005041,2011-03-12 11:34:00+00:00,-34.0614,-73.1066,5.0,18.122955,34.31598,243.0408,6.854613957
TARA_G100005042,2011-03-12 11:34:00+00:00,-34.0614,-73.1066,5.0,18.122955,34.31598,243.0408,6.854613957
TARA_G100005053,2011-03-12 11:34:00+00:00,-34.0614,-73.1066,5.0,18.122955,34.31598,243.0408,6.854613957
TARA_G100005054,2011-03-12 11:34:00+00:00,-34.0614,-73.1066,5.0,18.122955,34.31598,243.0408,6.854613957
TARA_G100004499,2011-03-12 11:34:00+00:00,-34.0614,-73.1066,5.0,18.122955,34.31598,243.0408,6.854613957
TARA_G100004500,2011-03-12 11:34:00+00:00,-34.0614,-73.1066,5.0,18.122955,34.31598,243.0408,6.854613957
TARA_G100005051,2011-03-12 11:34:00+00:00,-34.0614,-73.1066,5.0,18.122955,34.31598,243.0408,6.854613957
TARA_G100005052,2011-03-12 11:34:00+00:00,-34.0614,-73.1066,5.0,18.122955,34.31598,243.0408,6.854613957
TARA_B100001051,2011-03-12 11:34:00+00:00,-34.0614,-73.1066,5.0,18.122955,34.31598,243.0408,6.854613957
TARA_B100001052,2011-03-12 11:34:00+00:00,-34.0614,-73.1066,5.0,18.122955,34.31598,243.0408,6.854613957
TARA_B100001053,2011-03-12 11:34:00+00:00,-34.0614,-73.1066,5.0,18.122955,34.31598,243.0408,6.854613957
TARA_R100001364,2011-03-12 11:34:00+00:00,-34.0614,-73.1066,5.0,18.122955,34.31598,243.0408,6.854613957
TARA_R100001365,2011-03-12 11:34:00+00:00,-34.0614,-73.1066,5.0,18.122955,34.31598,243.0408,6.854613957
TARA_R100001366,2011-03-12 11:34:00+00:00,-34.0614,-73.1066,5.0,18.122955,34.31598,243.0408,6.854613957
TARA_G100005013,2011-03-12 11:34:00+00:00,-34.0614,-73.1066,5.0,18.122955,34.31598,243.0408,6.854613957
TARA_G100005014,2011-03-12 11:34:00+00:00,-34.0614,-73.1066,5.0,18.122955,34.31598,243.0408,6.854613957
TARA_G100005037,2011-03-12 11:34:00+00:00,-34.0614,-73.1066,5.0,18.122955,34.31598,243.0408,6.854613957
TARA_G100005038,2011-03-12 11:34:00+00:00,-34.0614,-73.1066,5.0,18.122955,34.31598,243.0408,6.854613957
TARA_G100005035,2011-03-12 11:34:00+00:00,-34.0614,-73.1066,5.0,18.122955,34.31598,243.0408,6.854613957
TARA_G100005036,2011-03-12 11:34:00+00:00,-34.0614,-73.1066,5.0,18.122955,34.31598,243.0408,6.854613957
TARA_R000000969,2011-03-12 11:34:00+00:00,-34.0614,-73.1066,5.0,18.122955,34.31598,243.0408,6.854613957
TARA_R000000970,2011-03-12 11:34:00+00:00,-34.0614,-73.1066,5.0,18.122955,34.31598,243.0408,6.854613957
TARA_R000000971,2011-03-12 11:34:00+00:00,-34.0614,-73.1066,5.0,18.122955,34.31598,243.0408,6.854613957
TARA_R100001333,2011-03-12 11:34:00+00:00,-34.0614,-73.1066,5.0,18.122955,34.31598,243.0408,6.854613957
TARA_R100001334,2011-03-12 11:34:00+00:00,-34.0614,-73.1066,5.0,18.122955,34.31598,243.0408,6.854613957
TARA_G100005011,2011-03-12 11:34:00+00:00,-34.0614,-73.1066,5.0,18.122955,34.31598,243.0408,6.854613957
TARA_G100005012,2011-03-12 11:34:00+00:00,-34.0614,-73.1066,5.0,18.122955,34.31598,243.0408,6.854613957
TARA_B100001062,2011-03-12 11:34:00+00:00,-34.0614,-73.1066,5.0,18.122955,34.31598,243.0408,6.854613957
TARA_B100001063,2011-03-12 11:34:00+00:00,-34.0614,-73.1066,5.0,18.122955,34.31598,243.0408,6.854613957
TARA_B000001138,2011-03-12 11:34:00+00:00,-34.0614,-73.1066,5.0,18.122955,34.31598,243.0408,6.854613957
TARA_B000001139,2011-03-12 11:34:00+00:00,-34.0614,-73.1066,5.0,18.122955,34.31598,243.0408,6.854613957
TARA_N000001306,2011-03-12 11:34:00+00:00,-34.0614,-73.1066,5.0,18.122955,34.31598,243.0408,6.854613957
TARA_N000001307,2011-03-12 11:34:00+00:00,-34.0614,-73.1066,5.0,18.122955,34.31598,243.0408,6.854613957
TARA_N000001283,2011-03-12 11:34:00+00:00,-34.0614,-73.1066,5.0,18.122955,34.31598,243.0408,6.854613957
TARA_N000001284,2011-03-12 11:34:00+00:00,-34.0614,-73.1066,5.0,18.122955,34.31598,243.0408,6.854613957
TARA_N000001296,2011-03-12 11:34:00+00:00,-34.0614,-73.1066,5.0,18.122955,34.31598,243.0408,6.854613957
TARA_N000001297,2011-03-12 11:34:00+00:00,-34.0614,-73.1066,5.0,18.122955,34.31598,243.0408,6.854613957
TARA_B000001136,2011-03-12 11:34:00+00:00,-34.0614,-73.1066,5.0,18.122955,34.31598,243.0408,6.854613957
TARA_B000001137,2011-03-12 11:34:00+00:00,-34.0614,-73.1066,5.0,18.122955,34.31598,243.0408,6.854613957
TARA_B100001064,2011-03-12 11:34:00+00:00,-34.0614,-73.1066,5.0,18.122955,34.31598,243.0408,6.854613957
TARA_B100001065,2011-03-12 11:34:00+00:00,-34.0614,-73.1066,5.0,18.122955,34.31598,243.0408,6.854613957
TARA_N000001282,2011-03-12 11:34:00+00:00,-34.0614,-73.1066,5.0,18.122955,34.31598,243.0408,6.854613957
TARA_N000001287,2011-03-12 11:34:00+00:00,-34.0614,-73.1066,5.0,18.122955,34.31598,243.0408,6.854613957
TARA_N000001290,2011-03-12 11:34:00+00:00,-34.0614,-73.1066,5.0,18.122955,34.31598,243.0408,6.854613957
TARA_N000001291,2011-03-12 11:34:00+00:00,-34.0614,-73.1066,5.0,18.122955,34.31598,243.0408,6.854613957
TARA_N000001285,2011-03-12 11:34:00+00:00,-34.0614,-73.1066,5.0,18.122955,34.31598,243.0408,6.854613957
TARA_N000001286,2011-03-12 11:34:00+00:00,-34.0614,-73.1066,5.0,18.122955,34.31598,243.0408,6.854613957
TARA_N000001292,2011-03-12 11:34:00+00:00,-34.0614,-73.1066,5.0,18.122955,34.31598,243.0408,6.854613957
TARA_N000001293,2011-03-12 11:34:00+00:00,-34.0614,-73.1066,5.0,18.122955,34.31598,243.0408,6.854613957
TARA_Y100000916,2011-03-12 11:34:00+00:00,-34.0614,-73.1066,5.0,18.122955,34.31598,243.0408,6.854613957
TARA_Y100000914,2011-03-12 11:34:00+00:00,-34.0614,-73.1066,5.0,18.122955,34.31598,243.0408,6.854613957
TARA_Y100000912,2011-03-12 11:34:00+00:00,-34.0614,-73.1066,5.0,18.122955,34.31598,243.0408,6.854613957
TARA_R100001355,2011-03-12 11:34:00+00:00,-34.0614,-73.1066,5.0,18.122955,34.31598,243.0408,6.854613957
TARA_R100001356,2011-03-12 11:34:00+00:00,-34.0614,-73.1066,5.0,18.122955,34.31598,243.0408,6.854613957
TARA_R100001357,2011-03-12 11:34:00+00:00,-34.0614,-73.1066,5.0,18.122955,34.31598,243.0408,6.854613957
TARA_G000002175,2011-03-12 11:34:00+00:00,-34.0614,-73.1066,5.0,18.122955,34.31598,243.0408,6.854613957
TARA_G000002176,2011-03-12 11:34:00+00:00,-34.0614,-73.1066,5.0,18.122955,34.31598,243.0408,6.854613957
TARA_G000002183,2011-03-12 11:34:00+00:00,-34.0614,-73.1066,5.0,18.122955,34.31598,243.0408,6.854613957
TARA_G000002184,2011-03-12 11:34:00+00:00,-34.0614,-73.1066,5.0,18.122955,34.31598,243.0408,6.854613957
TARA_P100001793,2011-03-12 13:20:00+00:00,-33.993,-73.0603,5.0,18.122955,34.31598,243.0408,6.854613957
TARA_K100000171,2011-03-12 13:20:00+00:00,-33.993,-73.0603,5.0,18.122955,34.31598,243.0408,6.854613957
TARA_P100001786,2011-03-12 17:22:00+00:00,-34.0374,-73.09,5.0,18.122955,34.31598,243.0408,6.854613957
TARA_G100005033,2011-03-12 17:22:00+00:00,-34.0374,-73.09,5.0,18.122955,34.31598,243.0408,6.854613957
TARA_G100005034,2011-03-12 17:22:00+00:00,-34.0374,-73.09,5.0,18.122955,34.31598,243.0408,6.854613957
TARA_G100005026,2011-03-12 17:22:00+00:00,-34.0374,-73.09,5.0,18.122955,34.31598,243.0408,6.854613957
TARA_G100005055,2011-03-12 17:22:00+00:00,-34.0374,-73.09,5.0,18.122955,34.31598,243.0408,6.854613957
TARA_G100005056,2011-03-12 17:22:00+00:00,-34.0374,-73.09,5.0,18.122955,34.31598,243.0408,6.854613957
TARA_G100005031,2011-03-12 17:22:00+00:00,-34.0374,-73.09,5.0,18.122955,34.31598,243.0408,6.854613957
TARA_G100005032,2011-03-12 17:22:00+00:00,-34.0374,-73.09,5.0,18.122955,34.31598,243.0408,6.854613957
TARA_N000001280,2011-03-12 17:22:00+00:00,-34.0374,-73.09,5.0,18.122955,34.31598,243.0408,6.854613957
TARA_N000001281,2011-03-12 17:22:00+00:00,-34.0374,-73.09,5.0,18.122955,34.31598,243.0408,6.854613957
TARA_N000001288,2011-03-12 17:22:00+00:00,-34.0374,-73.09,5.0,18.122955,34.31598,243.0408,6.854613957
TARA_N000001289,2011-03-12 17:22:00+00:00,-34.0374,-73.09,5.0,18.122955,34.31598,243.0408,6.854613957
TARA_G100005057,2011-03-12 17:22:00+00:00,-34.0374,-73.09,5.0,18.122955,34.31598,243.0408,6.854613957
TARA_G100005058,2011-03-12 17:22:00+00:00,-34.0374,-73.09,5.0,18.122955,34.31598,243.0408,6.854613957
TARA_P100001785,2011-03-12 19:00:00+00:00,-33.9477,-73.0635,35.0,15.376875,34.22887,227.7609,6.694159883
TARA_G100004557,2011-03-12 19:00:00+00:00,-33.9477,-73.0635,35.0,15.376875,34.22887,227.7609,6.694159883
TARA_G100004558,2011-03-12 19:00:00+00:00,-33.9477,-73.0635,35.0,15.376875,34.22887,227.7609,6.694159883
TARA_G100004572,2011-03-12 19:00:00+00:00,-33.9477,-73.0635,35.0,15.376875,34.22887,227.7609,6.694159883
TARA_G100004561,2011-03-12 19:00:00+00:00,-33.9477,-73.0635,35.0,15.376875,34.22887,227.7609,6.694159883
TARA_G100004562,2011-03-12 19:00:00+00:00,-33.9477,-73.0635,35.0,15.376875,34.22887,227.7609,6.694159883
TARA_G100004569,2011-03-12 19:00:00+00:00,-33.9477,-73.0635,35.0,15.376875,34.22887,227.7609,6.694159883
TARA_G100004570,2011-03-12 19:00:00+00:00,-33.9477,-73.0635,35.0,15.376875,34.22887,227.7609,6.694159883
TARA_N000001106,2011-03-12 19:00:00+00:00,-33.9477,-73.0635,35.0,15.376875,34.22887,227.7609,6.694159883
TARA_N000001107,2011-03-12 19:00:00+00:00,-33.9477,-73.0635,35.0,15.376875,34.22887,227.7609,6.694159883
TARA_N000001122,2011-03-12 19:00:00+00:00,-33.9477,-73.0635,35.0,15.376875,34.22887,227.7609,6.694159883
TARA_N000001123,2011-03-12 19:00:00+00:00,-33.9477,-73.0635,35.0,15.376875,34.22887,227.7609,6.694159883
TARA_G100004565,2011-03-12 19:00:00+00:00,-33.9477,-73.0635,35.0,15.376875,34.22887,227.7609,6.694159883
TARA_G100004566,2011-03-12 19:00:00+00:00,-33.9477,-73.0635,35.0,15.376875,34.22887,227.7609,6.694159883
TARA_B000001147,2011-03-12 19:36:00+00:00,-33.9116,-73.0537,35.0,15.376875,34.22887,227.7609,6.694159883
TARA_B000001148,2011-03-12 19:36:00+00:00,-33.9116,-73.0537,35.0,15.376875,34.22887,227.7609,6.694159883
TARA_B000001149,2011-03-12 19:36:00+00:00,-33.9116,-73.0537,35.0,15.376875,34.22887,227.7609,6.694159883
TARA_Y100000969,2011-03-12 19:36:00+00:00,-33.9116,-73.0537,35.0,15.376875,34.22887,227.7609,6.694159883
TARA_Y100000970,2011-03-12 19:36:00+00:00,-33.9116,-73.0537,35.0,15.376875,34.22887,227.7609,6.694159883
TARA_Y000000152,2011-03-12 19:36:00+00:00,-33.9116,-73.0537,35.0,15.376875,34.22887,227.7609,6.694159883
TARA_Y000000153,2011-03-12 19:36:00+00:00,-33.9116,-73.0537,35.0,15.376875,34.22887,227.7609,6.694159883
TARA_R100001353,2011-03-12 19:36:00+00:00,-33.9116,-73.0537,35.0,15.376875,34.22887,227.7609,6.694159883
TARA_R100001354,2011-03-12 19:36:00+00:00,-33.9116,-73.0537,35.0,15.376875,34.22887,227.7609,6.694159883
TARA_R000000981,2011-03-12 19:36:00+00:00,-33.9116,-73.0537,35.0,15.376875,34.22887,227.7609,6.694159883
TARA_R000000985,2011-03-12 19:36:00+00:00,-33.9116,-73.0537,35.0,15.376875,34.22887,227.7609,6.694159883
TARA_R000000987,2011-03-12 19:36:00+00:00,-33.9116,-73.0537,35.0,15.376875,34.22887,227.7609,6.694159883
TARA_G100004497,2011-03-12 19:36:00+00:00,-33.9116,-73.0537,35.0,15.376875,34.22887,227.7609,6.694159883
TARA_G100004498,2011-03-12 19:36:00+00:00,-33.9116,-73.0537,35.0,15.376875,34.22887,227.7609,6.694159883
TARA_G100004517,2011-03-12 19:36:00+00:00,-33.9116,-73.0537,35.0,15.376875,34.22887,227.7609,6.694159883
TARA_G100004518,2011-03-12 19:36:00+00:00,-33.9116,-73.0537,35.0,15.376875,34.22887,227.7609,6.694159883
TARA_G100004529,2011-03-12 19:36:00+00:00,-33.9116,-73.0537,35.0,15.376875,34.22887,227.7609,6.694159883
TARA_G100004530,2011-03-12 19:36:00+00:00,-33.9116,-73.0537,35.0,15.376875,34.22887,227.7609,6.694159883
TARA_G100004505,2011-03-12 19:36:00+00:00,-33.9116,-73.0537,35.0,15.376875,34.22887,227.7609,6.694159883
TARA_G100004506,2011-03-12 19:36:00+00:00,-33.9116,-73.0537,35.0,15.376875,34.22887,227.7609,6.694159883
TARA_G100004537,2011-03-12 19:36:00+00:00,-33.9116,-73.0537,35.0,15.376875,34.22887,227.7609,6.694159883
TARA_G100004538,2011-03-12 19:36:00+00:00,-33.9116,-73.0537,35.0,15.376875,34.22887,227.7609,6.694159883
TARA_G100004489,2011-03-12 19:36:00+00:00,-33.9116,-73.0537,35.0,15.376875,34.22887,227.7609,6.694159883
TARA_G100004490,2011-03-12 19:36:00+00:00,-33.9116,-73.0537,35.0,15.376875,34.22887,227.7609,6.694159883
TARA_G100004525,2011-03-12 19:36:00+00:00,-33.9116,-73.0537,35.0,15.376875,34.22887,227.7609,6.694159883
TARA_G100004526,2011-03-12 19:36:00+00:00,-33.9116,-73.0537,35.0,15.376875,34.22887,227.7609,6.694159883
TARA_B000001159,2011-03-12 19:36:00+00:00,-33.9116,-73.0537,35.0,15.376875,34.22887,227.7609,6.694159883
TARA_B000001160,2011-03-12 19:36:00+00:00,-33.9116,-73.0537,35.0,15.376875,34.22887,227.7609,6.694159883
TARA_B000001161,2011-03-12 19:36:00+00:00,-33.9116,-73.0537,35.0,15.376875,34.22887,227.7609,6.694159883
TARA_B000001163,2011-03-12 19:36:00+00:00,-33.9116,-73.0537,35.0,15.376875,34.22887,227.7609,6.694159883
TARA_R000000978,2011-03-12 19:36:00+00:00,-33.9116,-73.0537,35.0,15.376875,34.22887,227.7609,6.694159883
TARA_R000000979,2011-03-12 19:36:00+00:00,-33.9116,-73.0537,35.0,15.376875,34.22887,227.7609,6.694159883
TARA_R000000980,2011-03-12 19:36:00+00:00,-33.9116,-73.0537,35.0,15.376875,34.22887,227.7609,6.694159883
TARA_R000000967,2011-03-12 19:36:00+00:00,-33.9116,-73.0537,35.0,15.376875,34.22887,227.7609,6.694159883
TARA_R000000968,2011-03-12 19:36:00+00:00,-33.9116,-73.0537,35.0,15.376875,34.22887,227.7609,6.694159883
TARA_G100004545,2011-03-12 19:36:00+00:00,-33.9116,-73.0537,35.0,15.376875,34.22887,227.7609,6.694159883
TARA_G100004546,2011-03-12 19:36:00+00:00,-33.9116,-73.0537,35.0,15.376875,34.22887,227.7609,6.694159883
TARA_G000002303,2011-03-12 19:36:00+00:00,-33.9116,-73.0537,35.0,15.376875,34.22887,227.7609,6.694159883
TARA_G000002304,2011-03-12 19:36:00+00:00,-33.9116,-73.0537,35.0,15.376875,34.22887,227.7609,6.694159883
TARA_G000002305,2011-03-12 19:36:00+00:00,-33.9116,-73.0537,35.0,15.376875,34.22887,227.7609,6.694159883
TARA_G100004521,2011-03-12 19:36:00+00:00,-33.9116,-73.0537,35.0,15.376875,34.22887,227.7609,6.694159883
TARA_G100004522,2011-03-12 19:36:00+00:00,-33.9116,-73.0537,35.0,15.376875,34.22887,227.7609,6.694159883
TARA_G100004552,2011-03-12 19:36:00+00:00,-33.9116,-73.0537,35.0,15.376875,34.22887,227.7609,6.694159883
TARA_G100004554,2011-03-12 19:36:00+00:00,-33.9116,-73.0537,35.0,15.376875,34.22887,227.7609,6.694159883
TARA_G100004533,2011-03-12 19:36:00+00:00,-33.9116,-73.0537,35.0,15.376875,34.22887,227.7609,6.694159883
TARA_G100004534,2011-03-12 19:36:00+00:00,-33.9116,-73.0537,35.0,15.376875,34.22887,227.7609,6.694159883
TARA_G100004501,2011-03-12 19:36:00+00:00,-33.9116,-73.0537,35.0,15.376875,34.22887,227.7609,6.694159883
TARA_G100004502,2011-03-12 19:36:00+00:00,-33.9116,-73.0537,35.0,15.376875,34.22887,227.7609,6.694159883
TARA_B100001054,2011-03-12 19:36:00+00:00,-33.9116,-73.0537,35.0,15.376875,34.22887,227.7609,6.694159883
TARA_B100001055,2011-03-12 19:36:00+00:00,-33.9116,-73.0537,35.0,15.376875,34.22887,227.7609,6.694159883
TARA_B100001056,2011-03-12 19:36:00+00:00,-33.9116,-73.0537,35.0,15.376875,34.22887,227.7609,6.694159883
TARA_R100001361,2011-03-12 19:36:00+00:00,-33.9116,-73.0537,35.0,15.376875,34.22887,227.7609,6.694159883
TARA_R100001362,2011-03-12 19:36:00+00:00,-33.9116,-73.0537,35.0,15.376875,34.22887,227.7609,6.694159883
TARA_R100001363,2011-03-12 19:36:00+00:00,-33.9116,-73.0537,35.0,15.376875,34.22887,227.7609,6.694159883
TARA_G100004493,2011-03-12 19:36:00+00:00,-33.9116,-73.0537,35.0,15.376875,34.22887,227.7609,6.694159883
TARA_G100004494,2011-03-12 19:36:00+00:00,-33.9116,-73.0537,35.0,15.376875,34.22887,227.7609,6.694159883
TARA_G100004513,2011-03-12 19:36:00+00:00,-33.9116,-73.0537,35.0,15.376875,34.22887,227.7609,6.694159883
TARA_G100004514,2011-03-12 19:36:00+00:00,-33.9116,-73.0537,35.0,15.376875,34.22887,227.7609,6.694159883
TARA_G100004541,2011-03-12 19:36:00+00:00,-33.9116,-73.0537,35.0,15.376875,34.22887,227.7609,6.694159883
TARA_G100004542,2011-03-12 19:36:00+00:00,-33.9116,-73.0537,35.0,15.376875,34.22887,227.7609,6.694159883
TARA_G100004509,2011-03-12 19:36:00+00:00,-33.9116,-73.0537,35.0,15.376875,34.22887,227.7609,6.694159883
TARA_G100004510,2011-03-12 19:36:00+00:00,-33.9116,-73.0537,35.0,15.376875,34.22887,227.7609,6.694159883
TARA_R000000972,2011-03-12 19:36:00+00:00,-33.9116,-73.0537,35.0,15.376875,34.22887,227.7609,6.694159883
TARA_R000000973,2011-03-12 19:36:00+00:00,-33.9116,-73.0537,35.0,15.376875,34.22887,227.7609,6.694159883
TARA_R000000974,2011-03-12 19:36:00+00:00,-33.9116,-73.0537,35.0,15.376875,34.22887,227.7609,6.694159883
TARA_R100001335,2011-03-12 19:36:00+00:00,-33.9116,-73.0537,35.0,15.376875,34.22887,227.7609,6.694159883
TARA_R100001336,2011-03-12 19:36:00+00:00,-33.9116,-73.0537,35.0,15.376875,34.22887,227.7609,6.694159883
TARA_G100004485,2011-03-12 19:36:00+00:00,-33.9116,-73.0537,35.0,15.376875,34.22887,227.7609,6.694159883
TARA_G100004486,2011-03-12 19:36:00+00:00,-33.9116,-73.0537,35.0,15.376875,34.22887,227.7609,6.694159883
TARA_B100001059,2011-03-12 19:36:00+00:00,-33.9116,-73.0537,35.0,15.376875,34.22887,227.7609,6.694159883
TARA_B000001141,2011-03-12 19:36:00+00:00,-33.9116,-73.0537,35.0,15.376875,34.22887,227.7609,6.694159883
TARA_N000001294,2011-03-12 19:36:00+00:00,-33.9116,-73.0537,35.0,15.376875,34.22887,227.7609,6.694159883
TARA_N000001295,2011-03-12 19:36:00+00:00,-33.9116,-73.0537,35.0,15.376875,34.22887,227.7609,6.694159883
TARA_N000001110,2011-03-12 19:36:00+00:00,-33.9116,-73.0537,35.0,15.376875,34.22887,227.7609,6.694159883
TARA_N000001111,2011-03-12 19:36:00+00:00,-33.9116,-73.0537,35.0,15.376875,34.22887,227.7609,6.694159883
TARA_N000001278,2011-03-12 19:36:00+00:00,-33.9116,-73.0537,35.0,15.376875,34.22887,227.7609,6.694159883
TARA_N000001279,2011-03-12 19:36:00+00:00,-33.9116,-73.0537,35.0,15.376875,34.22887,227.7609,6.694159883
TARA_B000001140,2011-03-12 19:36:00+00:00,-33.9116,-73.0537,35.0,15.376875,34.22887,227.7609,6.694159883
TARA_B000001142,2011-03-12 19:36:00+00:00,-33.9116,-73.0537,35.0,15.376875,34.22887,227.7609,6.694159883
TARA_B100001061,2011-03-12 19:36:00+00:00,-33.9116,-73.0537,35.0,15.376875,34.22887,227.7609,6.694159883
TARA_N000001102,2011-03-12 19:36:00+00:00,-33.9116,-73.0537,35.0,15.376875,34.22887,227.7609,6.694159883
TARA_N000001103,2011-03-12 19:36:00+00:00,-33.9116,-73.0537,35.0,15.376875,34.22887,227.7609,6.694159883
TARA_N000001118,2011-03-12 19:36:00+00:00,-33.9116,-73.0537,35.0,15.376875,34.22887,227.7609,6.694159883
TARA_N000001119,2011-03-12 19:36:00+00:00,-33.9116,-73.0537,35.0,15.376875,34.22887,227.7609,6.694159883
TARA_N000001098,2011-03-12 19:36:00+00:00,-33.9116,-73.0537,35.0,15.376875,34.22887,227.7609,6.694159883
TARA_N000001099,2011-03-12 19:36:00+00:00,-33.9116,-73.0537,35.0,15.376875,34.22887,227.7609,6.694159883
TARA_N000001114,2011-03-12 19:36:00+00:00,-33.9116,-73.0537,35.0,15.376875,34.22887,227.7609,6.694159883
TARA_N000001115,2011-03-12 19:36:00+00:00,-33.9116,-73.0537,35.0,15.376875,34.22887,227.7609,6.694159883
TARA_Y100000917,2011-03-12 19:36:00+00:00,-33.9116,-73.0537,35.0,15.376875,34.22887,227.7609,6.694159883
TARA_Y100000915,2011-03-12 19:36:00+00:00,-33.9116,-73.0537,35.0,15.376875,34.22887,227.7609,6.694159883
TARA_Y100000913,2011-03-12 19:36:00+00:00,-33.9116,-73.0537,35.0,15.376875,34.22887,227.7609,6.694159883
TARA_R100001358,2011-03-12 19:36:00+00:00,-33.9116,-73.0537,35.0,15.376875,34.22887,227.7609,6.694159883
TARA_R100001359,2011-03-12 19:36:00+00:00,-33.9116,-73.0537,35.0,15.376875,34.22887,227.7609,6.694159883
TARA_G000002298,2011-03-12 19:36:00+00:00,-33.9116,-73.0537,35.0,15.376875,34.22887,227.7609,6.694159883
TARA_G000002299,2011-03-12 19:36:00+00:00,-33.9116,-73.0537,35.0,15.376875,34.22887,227.7609,6.694159883
TARA_G000002308,2011-03-12 19:36:00+00:00,-33.9116,-73.0537,35.0,15.376875,34.22887,227.7609,6.694159883
TARA_G000002309,2011-03-12 19:36:00+00:00,-33.9116,-73.0537,35.0,15.376875,34.22887,227.7609,6.694159883
TARA_B000001357,2011-03-18 11:57:00+00:00,-32.7971,-87.0693,5.0,21.121575,34.682538,219.015,6.674049322
TARA_B000001358,2011-03-18 11:57:00+00:00,-32.7971,-87.0693,5.0,21.121575,34.682538,219.015,6.674049322
TARA_R000000954,2011-03-18 11:57:00+00:00,-32.7971,-87.0693,5.0,21.121575,34.682538,219.015,6.674049322
TARA_R000000950,2011-03-18 11:57:00+00:00,-32.7971,-87.0693,5.0,21.121575,34.682538,219.015,6.674049322
TARA_R000000951,2011-03-18 11:57:00+00:00,-32.7971,-87.0693,5.0,21.121575,34.682538,219.015,6.674049322
TARA_B100001057,2011-03-18 11:57:00+00:00,-32.7971,-87.0693,5.0,21.121575,34.682538,219.015,6.674049322
TARA_N000001269,2011-03-18 11:57:00+00:00,-32.7971,-87.0693,5.0,21.121575,34.682538,219.015,6.674049322
TARA_N000001270,2011-03-18 11:57:00+00:00,-32.7971,-87.0693,5.0,21.121575,34.682538,219.015,6.674049322
TARA_N000001271,2011-03-18 11:57:00+00:00,-32.7971,-87.0693,5.0,21.121575,34.682538,219.015,6.674049322
TARA_Y100000909,2011-03-18 11:57:00+00:00,-32.7971,-87.0693,5.0,21.121575,34.682538,219.015,6.674049322
TARA_Y100000910,2011-03-18 11:57:00+00:00,-32.7971,-87.0693,5.0,21.121575,34.682538,219.015,6.674049322
TARA_R100001348,2011-03-18 11:57:00+00:00,-32.7971,-87.0693,5.0,21.121575,34.682538,219.015,6.674049322
TARA_R100001349,2011-03-18 11:57:00+00:00,-32.7971,-87.0693,5.0,21.121575,34.682538,219.015,6.674049322
TARA_R100001350,2011-03-18 11:57:00+00:00,-32.7971,-87.0693,5.0,21.121575,34.682538,219.015,6.674049322
TARA_P100001933,2011-03-18 15:04:00+00:00,-32.7501,-87.0976,5.0,21.121575,34.682538,219.015,6.674049322
TARA_K100000415,2011-03-18 15:04:00+00:00,-32.7501,-87.0976,5.0,21.121575,34.682538,219.015,6.674049322
TARA_P100001932,2011-03-18 15:26:00+00:00,-32.7404,-87.0992,5.0,21.121575,34.682538,219.015,6.674049322
TARA_G100005082,2011-03-18 15:26:00+00:00,-32.7404,-87.0992,5.0,21.121575,34.682538,219.015,6.674049322
TARA_G100005083,2011-03-18 15:26:00+00:00,-32.7404,-87.0992,5.0,21.121575,34.682538,219.015,6.674049322
TARA_G100005086,2011-03-18 15:26:00+00:00,-32.7404,-87.0992,5.0,21.121575,34.682538,219.015,6.674049322
TARA_N000001268,2011-03-18 15:26:00+00:00,-32.7404,-87.0992,5.0,21.121575,34.682538,219.015,6.674049322
TARA_G100005084,2011-03-18 15:26:00+00:00,-32.7404,-87.0992,5.0,21.121575,34.682538,219.015,6.674049322
TARA_G100005085,2011-03-18 15:26:00+00:00,-32.7404,-87.0992,5.0,21.121575,34.682538,219.015,6.674049322
TARA_P100001784,2011-03-18 20:19:00+00:00,-32.7954,-87.0839,5.0,21.121575,34.682538,219.015,6.674049322
TARA_G100005091,2011-03-18 20:19:00+00:00,-32.7954,-87.0839,5.0,21.121575,34.682538,219.015,6.674049322
TARA_G100005092,2011-03-18 20:19:00+00:00,-32.7954,-87.0839,5.0,21.121575,34.682538,219.015,6.674049322
TARA_G100005089,2011-03-18 20:19:00+00:00,-32.7954,-87.0839,5.0,21.121575,34.682538,219.015,6.674049322
TARA_G100005090,2011-03-18 20:19:00+00:00,-32.7954,-87.0839,5.0,21.121575,34.682538,219.015,6.674049322
TARA_N000001273,2011-03-18 20:19:00+00:00,-32.7954,-87.0839,5.0,21.121575,34.682538,219.015,6.674049322
TARA_G100005087,2011-03-18 20:19:00+00:00,-32.7954,-87.0839,5.0,21.121575,34.682538,219.015,6.674049322
TARA_G100005088,2011-03-18 20:19:00+00:00,-32.7954,-87.0839,5.0,21.121575,34.682538,219.015,6.674049322
TARA_G100005095,2011-03-18 21:02:00+00:00,-32.7969,-87.086,5.0,21.121575,34.682538,219.015,6.674049322
TARA_G100005096,2011-03-18 21:02:00+00:00,-32.7969,-87.086,5.0,21.121575,34.682538,219.015,6.674049322
TARA_G100005093,2011-03-18 21:02:00+00:00,-32.7969,-87.086,5.0,21.121575,34.682538,219.015,6.674049322
TARA_G100005094,2011-03-18 21:02:00+00:00,-32.7969,-87.086,5.0,21.121575,34.682538,219.015,6.674049322
TARA_N000001272,2011-03-18 21:02:00+00:00,-32.7969,-87.086,5.0,21.121575,34.682538,219.015,6.674049322
TARA_B000001559,2011-03-24 13:00:00+00:00,-29.7238,-101.1604,5.0,23.84533,35.76868,204.54175,6.149505917
TARA_B000001560,2011-03-24 13:00:00+00:00,-29.7238,-101.1604,5.0,23.84533,35.76868,204.54175,6.149505917
TARA_B000001561,2011-03-24 13:00:00+00:00,-29.7238,-101.1604,5.0,23.84533,35.76868,204.54175,6.149505917
TARA_Y100000441,2011-03-24 13:00:00+00:00,-29.7238,-101.1604,5.0,23.84533,35.76868,204.54175,6.149505917
TARA_Y100000442,2011-03-24 13:00:00+00:00,-29.7238,-101.1604,5.0,23.84533,35.76868,204.54175,6.149505917
TARA_Y000000154,2011-03-24 13:00:00+00:00,-29.7238,-101.1604,5.0,23.84533,35.76868,204.54175,6.149505917
TARA_Y000000155,2011-03-24 13:00:00+00:00,-29.7238,-101.1604,5.0,23.84533,35.76868,204.54175,6.149505917
TARA_R100000587,2011-03-24 13:00:00+00:00,-29.7238,-101.1604,5.0,23.84533,35.76868,204.54175,6.149505917
TARA_R100000588,2011-03-24 13:00:00+00:00,-29.7238,-101.1604,5.0,23.84533,35.76868,204.54175,6.149505917
TARA_R000000669,2011-03-24 13:00:00+00:00,-29.7238,-101.1604,5.0,23.84533,35.76868,204.54175,6.149505917
TARA_R000000670,2011-03-24 13:00:00+00:00,-29.7238,-101.1604,5.0,23.84533,35.76868,204.54175,6.149505917
TARA_R000000671,2011-03-24 13:00:00+00:00,-29.7238,-101.1604,5.0,23.84533,35.76868,204.54175,6.149505917
TARA_G100005069,2011-03-24 13:00:00+00:00,-29.7238,-101.1604,5.0,23.84533,35.76868,204.54175,6.149505917
TARA_G100005209,2011-03-24 13:00:00+00:00,-29.7238,-101.1604,5.0,23.84533,35.76868,204.54175,6.149505917
TARA_G100008986,2011-03-24 13:00:00+00:00,-29.7238,-101.1604,5.0,23.84533,35.76868,204.54175,6.149505917
TARA_G100008987,2011-03-24 13:00:00+00:00,-29.7238,-101.1604,5.0,23.84533,35.76868,204.54175,6.149505917
TARA_B000001565,2011-03-24 13:00:00+00:00,-29.7238,-101.1604,5.0,23.84533,35.76868,204.54175,6.149505917
TARA_B000001567,2011-03-24 13:00:00+00:00,-29.7238,-101.1604,5.0,23.84533,35.76868,204.54175,6.149505917
TARA_B000001568,2011-03-24 13:00:00+00:00,-29.7238,-101.1604,5.0,23.84533,35.76868,204.54175,6.149505917
TARA_B000001569,2011-03-24 13:00:00+00:00,-29.7238,-101.1604,5.0,23.84533,35.76868,204.54175,6.149505917
TARA_R000000685,2011-03-24 13:00:00+00:00,-29.7238,-101.1604,5.0,23.84533,35.76868,204.54175,6.149505917
TARA_R000000686,2011-03-24 13:00:00+00:00,-29.7238,-101.1604,5.0,23.84533,35.76868,204.54175,6.149505917
TARA_R000000687,2011-03-24 13:00:00+00:00,-29.7238,-101.1604,5.0,23.84533,35.76868,204.54175,6.149505917
TARA_R000000681,2011-03-24 13:00:00+00:00,-29.7238,-101.1604,5.0,23.84533,35.76868,204.54175,6.149505917
TARA_R000000682,2011-03-24 13:00:00+00:00,-29.7238,-101.1604,5.0,23.84533,35.76868,204.54175,6.149505917
TARA_G000002433,2011-03-24 13:00:00+00:00,-29.7238,-101.1604,5.0,23.84533,35.76868,204.54175,6.149505917
TARA_G000002434,2011-03-24 13:00:00+00:00,-29.7238,-101.1604,5.0,23.84533,35.76868,204.54175,6.149505917
TARA_G000002435,2011-03-24 13:00:00+00:00,-29.7238,-101.1604,5.0,23.84533,35.76868,204.54175,6.149505917
TARA_B100000979,2011-03-24 13:00:00+00:00,-29.7238,-101.1604,5.0,23.84533,35.76868,204.54175,6.149505917
TARA_B100000983,2011-03-24 13:00:00+00:00,-29.7238,-101.1604,5.0,23.84533,35.76868,204.54175,6.149505917
TARA_B100000985,2011-03-24 13:00:00+00:00,-29.7238,-101.1604,5.0,23.84533,35.76868,204.54175,6.149505917
TARA_R100000581,2011-03-24 13:00:00+00:00,-29.7238,-101.1604,5.0,23.84533,35.76868,204.54175,6.149505917
TARA_R100000582,2011-03-24 13:00:00+00:00,-29.7238,-101.1604,5.0,23.84533,35.76868,204.54175,6.149505917
TARA_G100005197,2011-03-24 13:00:00+00:00,-29.7238,-101.1604,5.0,23.84533,35.76868,204.54175,6.149505917
TARA_G100005198,2011-03-24 13:00:00+00:00,-29.7238,-101.1604,5.0,23.84533,35.76868,204.54175,6.149505917
TARA_R000000675,2011-03-24 13:00:00+00:00,-29.7238,-101.1604,5.0,23.84533,35.76868,204.54175,6.149505917
TARA_R000000676,2011-03-24 13:00:00+00:00,-29.7238,-101.1604,5.0,23.84533,35.76868,204.54175,6.149505917
TARA_R000000677,2011-03-24 13:00:00+00:00,-29.7238,-101.1604,5.0,23.84533,35.76868,204.54175,6.149505917
TARA_R100000594,2011-03-24 13:00:00+00:00,-29.7238,-101.1604,5.0,23.84533,35.76868,204.54175,6.149505917
TARA_R100000595,2011-03-24 13:00:00+00:00,-29.7238,-101.1604,5.0,23.84533,35.76868,204.54175,6.149505917
TARA_G100005210,2011-03-24 13:00:00+00:00,-29.7238,-101.1604,5.0,23.84533,35.76868,204.54175,6.149505917
TARA_G100005211,2011-03-24 13:00:00+00:00,-29.7238,-101.1604,5.0,23.84533,35.76868,204.54175,6.149505917
TARA_B100000989,2011-03-24 13:00:00+00:00,-29.7238,-101.1604,5.0,23.84533,35.76868,204.54175,6.149505917
TARA_B100000990,2011-03-24 13:00:00+00:00,-29.7238,-101.1604,5.0,23.84533,35.76868,204.54175,6.149505917
TARA_B000001367,2011-03-24 13:00:00+00:00,-29.7238,-101.1604,5.0,23.84533,35.76868,204.54175,6.149505917
TARA_B000001368,2011-03-24 13:00:00+00:00,-29.7238,-101.1604,5.0,23.84533,35.76868,204.54175,6.149505917
TARA_N000001254,2011-03-24 13:00:00+00:00,-29.7238,-101.1604,5.0,23.84533,35.76868,204.54175,6.149505917
TARA_N000001255,2011-03-24 13:00:00+00:00,-29.7238,-101.1604,5.0,23.84533,35.76868,204.54175,6.149505917
TARA_N000001244,2011-03-24 13:00:00+00:00,-29.7238,-101.1604,5.0,23.84533,35.76868,204.54175,6.149505917
TARA_N000001245,2011-03-24 13:00:00+00:00,-29.7238,-101.1604,5.0,23.84533,35.76868,204.54175,6.149505917
TARA_N000001256,2011-03-24 13:00:00+00:00,-29.7238,-101.1604,5.0,23.84533,35.76868,204.54175,6.149505917
TARA_N000001257,2011-03-24 13:00:00+00:00,-29.7238,-101.1604,5.0,23.84533,35.76868,204.54175,6.149505917
TARA_B000001363,2011-03-24 13:00:00+00:00,-29.7238,-101.1604,5.0,23.84533,35.76868,204.54175,6.149505917
TARA_B000001364,2011-03-24 13:00:00+00:00,-29.7238,-101.1604,5.0,23.84533,35.76868,204.54175,6.149505917
TARA_B100000986,2011-03-24 13:00:00+00:00,-29.7238,-101.1604,5.0,23.84533,35.76868,204.54175,6.149505917
TARA_B100001047,2011-03-24 13:00:00+00:00,-29.7238,-101.1604,5.0,23.84533,35.76868,204.54175,6.149505917
TARA_Y100000439,2011-03-24 13:00:00+00:00,-29.7238,-101.1604,5.0,23.84533,35.76868,204.54175,6.149505917
TARA_Y100000438,2011-03-24 13:00:00+00:00,-29.7238,-101.1604,5.0,23.84533,35.76868,204.54175,6.149505917
TARA_Y100000437,2011-03-24 13:00:00+00:00,-29.7238,-101.1604,5.0,23.84533,35.76868,204.54175,6.149505917
TARA_R100000591,2011-03-24 13:00:00+00:00,-29.7238,-101.1604,5.0,23.84533,35.76868,204.54175,6.149505917
TARA_R100000592,2011-03-24 13:00:00+00:00,-29.7238,-101.1604,5.0,23.84533,35.76868,204.54175,6.149505917
TARA_R100000593,2011-03-24 13:00:00+00:00,-29.7238,-101.1604,5.0,23.84533,35.76868,204.54175,6.149505917
TARA_G000002195,2011-03-24 13:00:00+00:00,-29.7238,-101.1604,5.0,23.84533,35.76868,204.54175,6.149505917
TARA_G000002196,2011-03-24 13:00:00+00:00,-29.7238,-101.1604,5.0,23.84533,35.76868,204.54175,6.149505917
TARA_G100005165,2011-03-24 14:27:00+00:00,-29.6954,-101.1897,5.0,23.84533,35.76868,204.54175,6.149505917
TARA_G100005166,2011-03-24 14:27:00+00:00,-29.6954,-101.1897,5.0,23.84533,35.76868,204.54175,6.149505917
TARA_G100009008,2011-03-24 14:27:00+00:00,-29.6954,-101.1897,5.0,23.84533,35.76868,204.54175,6.149505917
TARA_G100009009,2011-03-24 14:27:00+00:00,-29.6954,-101.1897,5.0,23.84533,35.76868,204.54175,6.149505917
TARA_G100009006,2011-03-24 14:27:00+00:00,-29.6954,-101.1897,5.0,23.84533,35.76868,204.54175,6.149505917
TARA_G100009007,2011-03-24 14:27:00+00:00,-29.6954,-101.1897,5.0,23.84533,35.76868,204.54175,6.149505917
TARA_G100005179,2011-03-24 14:27:00+00:00,-29.6954,-101.1897,5.0,23.84533,35.76868,204.54175,6.149505917
TARA_G100005180,2011-03-24 14:27:00+00:00,-29.6954,-101.1897,5.0,23.84533,35.76868,204.54175,6.149505917
TARA_G100005167,2011-03-24 14:27:00+00:00,-29.6954,-101.1897,5.0,23.84533,35.76868,204.54175,6.149505917
TARA_G100005168,2011-03-24 14:27:00+00:00,-29.6954,-101.1897,5.0,23.84533,35.76868,204.54175,6.149505917
TARA_G100005170,2011-03-24 14:27:00+00:00,-29.6954,-101.1897,5.0,23.84533,35.76868,204.54175,6.149505917
TARA_G100009010,2011-03-24 14:27:00+00:00,-29.6954,-101.1897,5.0,23.84533,35.76868,204.54175,6.149505917
TARA_N000001248,2011-03-24 14:27:00+00:00,-29.6954,-101.1897,5.0,23.84533,35.76868,204.54175,6.149505917
TARA_N000001249,2011-03-24 14:27:00+00:00,-29.6954,-101.1897,5.0,23.84533,35.76868,204.54175,6.149505917
TARA_N000001260,2011-03-24 14:27:00+00:00,-29.6954,-101.1897,5.0,23.84533,35.76868,204.54175,6.149505917
TARA_N000001261,2011-03-24 14:27:00+00:00,-29.6954,-101.1897,5.0,23.84533,35.76868,204.54175,6.149505917
TARA_G100005177,2011-03-24 14:27:00+00:00,-29.6954,-101.1897,5.0,23.84533,35.76868,204.54175,6.149505917
TARA_G100005178,2011-03-24 14:27:00+00:00,-29.6954,-101.1897,5.0,23.84533,35.76868,204.54175,6.149505917
TARA_P100001946,2011-03-24 15:14:00+00:00,-29.6784,-101.2087,5.0,23.84533,35.76868,204.54175,6.149505917
TARA_K100000178,2011-03-24 15:14:00+00:00,-29.6784,-101.2087,5.0,23.84533,35.76868,204.54175,6.149505917
TARA_G100005205,2011-03-24 16:07:00+00:00,-29.6597,-101.2351,5.0,23.84533,35.76868,204.54175,6.149505917
TARA_G100005206,2011-03-24 16:07:00+00:00,-29.6597,-101.2351,5.0,23.84533,35.76868,204.54175,6.149505917
TARA_G100005187,2011-03-24 16:07:00+00:00,-29.6597,-101.2351,5.0,23.84533,35.76868,204.54175,6.149505917
TARA_G100005188,2011-03-24 16:07:00+00:00,-29.6597,-101.2351,5.0,23.84533,35.76868,204.54175,6.149505917
TARA_G100008994,2011-03-24 16:07:00+00:00,-29.6597,-101.2351,5.0,23.84533,35.76868,204.54175,6.149505917
TARA_G100008995,2011-03-24 16:07:00+00:00,-29.6597,-101.2351,5.0,23.84533,35.76868,204.54175,6.149505917
TARA_G100008990,2011-03-24 16:07:00+00:00,-29.6597,-101.2351,5.0,23.84533,35.76868,204.54175,6.149505917
TARA_G100008991,2011-03-24 16:07:00+00:00,-29.6597,-101.2351,5.0,23.84533,35.76868,204.54175,6.149505917
TARA_G100005185,2011-03-24 16:07:00+00:00,-29.6597,-101.2351,5.0,23.84533,35.76868,204.54175,6.149505917
TARA_G100005186,2011-03-24 16:07:00+00:00,-29.6597,-101.2351,5.0,23.84533,35.76868,204.54175,6.149505917
TARA_G100005201,2011-03-24 16:07:00+00:00,-29.6597,-101.2351,5.0,23.84533,35.76868,204.54175,6.149505917
TARA_G100005202,2011-03-24 16:07:00+00:00,-29.6597,-101.2351,5.0,23.84533,35.76868,204.54175,6.149505917
TARA_G100005189,2011-03-24 16:07:00+00:00,-29.6597,-101.2351,5.0,23.84533,35.76868,204.54175,6.149505917
TARA_G100005190,2011-03-24 16:07:00+00:00,-29.6597,-101.2351,5.0,23.84533,35.76868,204.54175,6.149505917
TARA_N000001246,2011-03-24 16:07:00+00:00,-29.6597,-101.2351,5.0,23.84533,35.76868,204.54175,6.149505917
TARA_N000001247,2011-03-24 16:07:00+00:00,-29.6597,-101.2351,5.0,23.84533,35.76868,204.54175,6.149505917
TARA_N000001258,2011-03-24 16:07:00+00:00,-29.6597,-101.2351,5.0,23.84533,35.76868,204.54175,6.149505917
TARA_N000001259,2011-03-24 16:07:00+00:00,-29.6597,-101.2351,5.0,23.84533,35.76868,204.54175,6.149505917
TARA_G000002191,2011-03-24 16:07:00+00:00,-29.6597,-101.2351,5.0,23.84533,35.76868,204.54175,6.149505917
TARA_G000002192,2011-03-24 16:07:00+00:00,-29.6597,-101.2351,5.0,23.84533,35.76868,204.54175,6.149505917
TARA_P100001943,2011-03-24 21:04:00+00:00,-29.646,-101.2916,5.0,23.85253,35.76715,204.5694,6.149505917
TARA_G100005147,2011-03-24 21:04:00+00:00,-29.646,-101.2916,5.0,23.85253,35.76715,204.5694,6.149505917
TARA_G100005148,2011-03-24 21:04:00+00:00,-29.646,-101.2916,5.0,23.85253,35.76715,204.5694,6.149505917
TARA_G100005151,2011-03-24 21:04:00+00:00,-29.646,-101.2916,5.0,23.85253,35.76715,204.5694,6.149505917
TARA_G100005152,2011-03-24 21:04:00+00:00,-29.646,-101.2916,5.0,23.85253,35.76715,204.5694,6.149505917
TARA_G100005153,2011-03-24 21:04:00+00:00,-29.646,-101.2916,5.0,23.85253,35.76715,204.5694,6.149505917
TARA_G100005154,2011-03-24 21:04:00+00:00,-29.646,-101.2916,5.0,23.85253,35.76715,204.5694,6.149505917
TARA_G100005155,2011-03-24 21:04:00+00:00,-29.646,-101.2916,5.0,23.85253,35.76715,204.5694,6.149505917
TARA_N000001250,2011-03-24 21:04:00+00:00,-29.646,-101.2916,5.0,23.85253,35.76715,204.5694,6.149505917
TARA_N000001251,2011-03-24 21:04:00+00:00,-29.646,-101.2916,5.0,23.85253,35.76715,204.5694,6.149505917
TARA_N000001252,2011-03-24 21:04:00+00:00,-29.646,-101.2916,5.0,23.85253,35.76715,204.5694,6.149505917
TARA_N000001253,2011-03-24 21:04:00+00:00,-29.646,-101.2916,5.0,23.85253,35.76715,204.5694,6.149505917
TARA_G100005149,2011-03-24 21:04:00+00:00,-29.646,-101.2916,5.0,23.85253,35.76715,204.5694,6.149505917
TARA_G100005150,2011-03-24 21:04:00+00:00,-29.646,-101.2916,5.0,23.85253,35.76715,204.5694,6.149505917
TARA_B000001427,2011-04-03 13:44:00+00:00,-25.8051,-111.7202,5.0,25.18103,36.40163,200.40835,6.279306036
TARA_B000001428,2011-04-03 13:44:00+00:00,-25.8051,-111.7202,5.0,25.18103,36.40163,200.40835,6.279306036
TARA_B000001429,2011-04-03 13:44:00+00:00,-25.8051,-111.7202,5.0,25.18103,36.40163,200.40835,6.279306036
TARA_Y100000696,2011-04-03 13:44:00+00:00,-25.8051,-111.7202,5.0,25.18103,36.40163,200.40835,6.279306036
TARA_Y100000697,2011-04-03 13:44:00+00:00,-25.8051,-111.7202,5.0,25.18103,36.40163,200.40835,6.279306036
TARA_Y000000170,2011-04-03 13:44:00+00:00,-25.8051,-111.7202,5.0,25.18103,36.40163,200.40835,6.279306036
TARA_Y000000171,2011-04-03 13:44:00+00:00,-25.8051,-111.7202,5.0,25.18103,36.40163,200.40835,6.279306036
TARA_R100001540,2011-04-03 13:44:00+00:00,-25.8051,-111.7202,5.0,25.18103,36.40163,200.40835,6.279306036
TARA_R100001541,2011-04-03 13:44:00+00:00,-25.8051,-111.7202,5.0,25.18103,36.40163,200.40835,6.279306036
TARA_R000001914,2011-04-03 13:44:00+00:00,-25.8051,-111.7202,5.0,25.18103,36.40163,200.40835,6.279306036
TARA_R000001915,2011-04-03 13:44:00+00:00,-25.8051,-111.7202,5.0,25.18103,36.40163,200.40835,6.279306036
TARA_R000001916,2011-04-03 13:44:00+00:00,-25.8051,-111.7202,5.0,25.18103,36.40163,200.40835,6.279306036
TARA_G100009053,2011-04-03 13:44:00+00:00,-25.8051,-111.7202,5.0,25.18103,36.40163,200.40835,6.279306036
TARA_G100009054,2011-04-03 13:44:00+00:00,-25.8051,-111.7202,5.0,25.18103,36.40163,200.40835,6.279306036
TARA_G100009073,2011-04-03 13:44:00+00:00,-25.8051,-111.7202,5.0,25.18103,36.40163,200.40835,6.279306036
TARA_G100009074,2011-04-03 13:44:00+00:00,-25.8051,-111.7202,5.0,25.18103,36.40163,200.40835,6.279306036
TARA_G100009061,2011-04-03 13:44:00+00:00,-25.8051,-111.7202,5.0,25.18103,36.40163,200.40835,6.279306036
TARA_G100009062,2011-04-03 13:44:00+00:00,-25.8051,-111.7202,5.0,25.18103,36.40163,200.40835,6.279306036
TARA_G100009045,2011-04-03 13:44:00+00:00,-25.8051,-111.7202,5.0,25.18103,36.40163,200.40835,6.279306036
TARA_G100009046,2011-04-03 13:44:00+00:00,-25.8051,-111.7202,5.0,25.18103,36.40163,200.40835,6.279306036
TARA_G100009081,2011-04-03 13:44:00+00:00,-25.8051,-111.7202,5.0,25.18103,36.40163,200.40835,6.279306036
TARA_G100009082,2011-04-03 13:44:00+00:00,-25.8051,-111.7202,5.0,25.18103,36.40163,200.40835,6.279306036
TARA_B000001419,2011-04-03 13:44:00+00:00,-25.8051,-111.7202,5.0,25.18103,36.40163,200.40835,6.279306036
TARA_B000001420,2011-04-03 13:44:00+00:00,-25.8051,-111.7202,5.0,25.18103,36.40163,200.40835,6.279306036
TARA_B000001421,2011-04-03 13:44:00+00:00,-25.8051,-111.7202,5.0,25.18103,36.40163,200.40835,6.279306036
TARA_B000001425,2011-04-03 13:44:00+00:00,-25.8051,-111.7202,5.0,25.18103,36.40163,200.40835,6.279306036
TARA_B000001443,2011-04-03 13:44:00+00:00,-25.8051,-111.7202,5.0,25.18103,36.40163,200.40835,6.279306036
TARA_B000001444,2011-04-03 13:44:00+00:00,-25.8051,-111.7202,5.0,25.18103,36.40163,200.40835,6.279306036
TARA_R000001902,2011-04-03 13:44:00+00:00,-25.8051,-111.7202,5.0,25.18103,36.40163,200.40835,6.279306036
TARA_R000001903,2011-04-03 13:44:00+00:00,-25.8051,-111.7202,5.0,25.18103,36.40163,200.40835,6.279306036
TARA_R000001904,2011-04-03 13:44:00+00:00,-25.8051,-111.7202,5.0,25.18103,36.40163,200.40835,6.279306036
TARA_R000001898,2011-04-03 13:44:00+00:00,-25.8051,-111.7202,5.0,25.18103,36.40163,200.40835,6.279306036
TARA_R000001899,2011-04-03 13:44:00+00:00,-25.8051,-111.7202,5.0,25.18103,36.40163,200.40835,6.279306036
TARA_G000002219,2011-04-03 13:44:00+00:00,-25.8051,-111.7202,5.0,25.18103,36.40163,200.40835,6.279306036
TARA_G000002220,2011-04-03 13:44:00+00:00,-25.8051,-111.7202,5.0,25.18103,36.40163,200.40835,6.279306036
TARA_G000002221,2011-04-03 13:44:00+00:00,-25.8051,-111.7202,5.0,25.18103,36.40163,200.40835,6.279306036
TARA_G100009077,2011-04-03 13:44:00+00:00,-25.8051,-111.7202,5.0,25.18103,36.40163,200.40835,6.279306036
TARA_G100009078,2011-04-03 13:44:00+00:00,-25.8051,-111.7202,5.0,25.18103,36.40163,200.40835,6.279306036
TARA_G100009057,2011-04-03 13:44:00+00:00,-25.8051,-111.7202,5.0,25.18103,36.40163,200.40835,6.279306036
TARA_G100009058,2011-04-03 13:44:00+00:00,-25.8051,-111.7202,5.0,25.18103,36.40163,200.40835,6.279306036
TARA_B100001004,2011-04-03 13:44:00+00:00,-25.8051,-111.7202,5.0,25.18103,36.40163,200.40835,6.279306036
TARA_B100001005,2011-04-03 13:44:00+00:00,-25.8051,-111.7202,5.0,25.18103,36.40163,200.40835,6.279306036
TARA_B100001006,2011-04-03 13:44:00+00:00,-25.8051,-111.7202,5.0,25.18103,36.40163,200.40835,6.279306036
TARA_R100001428,2011-04-03 13:44:00+00:00,-25.8051,-111.7202,5.0,25.18103,36.40163,200.40835,6.279306036
TARA_R100001429,2011-04-03 13:44:00+00:00,-25.8051,-111.7202,5.0,25.18103,36.40163,200.40835,6.279306036
TARA_R100001430,2011-04-03 13:44:00+00:00,-25.8051,-111.7202,5.0,25.18103,36.40163,200.40835,6.279306036
TARA_G100009049,2011-04-03 13:44:00+00:00,-25.8051,-111.7202,5.0,25.18103,36.40163,200.40835,6.279306036
TARA_G100009050,2011-04-03 13:44:00+00:00,-25.8051,-111.7202,5.0,25.18103,36.40163,200.40835,6.279306036
TARA_G100009069,2011-04-03 13:44:00+00:00,-25.8051,-111.7202,5.0,25.18103,36.40163,200.40835,6.279306036
TARA_G100009070,2011-04-03 13:44:00+00:00,-25.8051,-111.7202,5.0,25.18103,36.40163,200.40835,6.279306036
TARA_G100009065,2011-04-03 13:44:00+00:00,-25.8051,-111.7202,5.0,25.18103,36.40163,200.40835,6.279306036
TARA_G100009066,2011-04-03 13:44:00+00:00,-25.8051,-111.7202,5.0,25.18103,36.40163,200.40835,6.279306036
TARA_R000001892,2011-04-03 13:44:00+00:00,-25.8051,-111.7202,5.0,25.18103,36.40163,200.40835,6.279306036
TARA_R000001893,2011-04-03 13:44:00+00:00,-25.8051,-111.7202,5.0,25.18103,36.40163,200.40835,6.279306036
TARA_R000001894,2011-04-03 13:44:00+00:00,-25.8051,-111.7202,5.0,25.18103,36.40163,200.40835,6.279306036
TARA_R100001550,2011-04-03 13:44:00+00:00,-25.8051,-111.7202,5.0,25.18103,36.40163,200.40835,6.279306036
TARA_R100001551,2011-04-03 13:44:00+00:00,-25.8051,-111.7202,5.0,25.18103,36.40163,200.40835,6.279306036
TARA_G100009041,2011-04-03 13:44:00+00:00,-25.8051,-111.7202,5.0,25.18103,36.40163,200.40835,6.279306036
TARA_G100009042,2011-04-03 13:44:00+00:00,-25.8051,-111.7202,5.0,25.18103,36.40163,200.40835,6.279306036
TARA_B100001024,2011-04-03 13:44:00+00:00,-25.8051,-111.7202,5.0,25.18103,36.40163,200.40835,6.279306036
TARA_B100001027,2011-04-03 13:44:00+00:00,-25.8051,-111.7202,5.0,25.18103,36.40163,200.40835,6.279306036
TARA_B100001028,2011-04-03 13:44:00+00:00,-25.8051,-111.7202,5.0,25.18103,36.40163,200.40835,6.279306036
TARA_B000001415,2011-04-03 13:44:00+00:00,-25.8051,-111.7202,5.0,25.18103,36.40163,200.40835,6.279306036
TARA_B000001416,2011-04-03 13:44:00+00:00,-25.8051,-111.7202,5.0,25.18103,36.40163,200.40835,6.279306036
TARA_B000001440,2011-04-03 13:44:00+00:00,-25.8051,-111.7202,5.0,25.18103,36.40163,200.40835,6.279306036
TARA_N000001526,2011-04-03 13:44:00+00:00,-25.8051,-111.7202,5.0,25.18103,36.40163,200.40835,6.279306036
TARA_N000001527,2011-04-03 13:44:00+00:00,-25.8051,-111.7202,5.0,25.18103,36.40163,200.40835,6.279306036
TARA_N000001558,2011-04-03 13:44:00+00:00,-25.8051,-111.7202,5.0,25.18103,36.40163,200.40835,6.279306036
TARA_N000001559,2011-04-03 13:44:00+00:00,-25.8051,-111.7202,5.0,25.18103,36.40163,200.40835,6.279306036
TARA_N000001574,2011-04-03 13:44:00+00:00,-25.8051,-111.7202,5.0,25.18103,36.40163,200.40835,6.279306036
TARA_N000001575,2011-04-03 13:44:00+00:00,-25.8051,-111.7202,5.0,25.18103,36.40163,200.40835,6.279306036
TARA_B000001411,2011-04-03 13:44:00+00:00,-25.8051,-111.7202,5.0,25.18103,36.40163,200.40835,6.279306036
TARA_B000001412,2011-04-03 13:44:00+00:00,-25.8051,-111.7202,5.0,25.18103,36.40163,200.40835,6.279306036
TARA_B000001439,2011-04-03 13:44:00+00:00,-25.8051,-111.7202,5.0,25.18103,36.40163,200.40835,6.279306036
TARA_B100001023,2011-04-03 13:44:00+00:00,-25.8051,-111.7202,5.0,25.18103,36.40163,200.40835,6.279306036
TARA_B100001031,2011-04-03 13:44:00+00:00,-25.8051,-111.7202,5.0,25.18103,36.40163,200.40835,6.279306036
TARA_B100001032,2011-04-03 13:44:00+00:00,-25.8051,-111.7202,5.0,25.18103,36.40163,200.40835,6.279306036
TARA_N000001562,2011-04-03 13:44:00+00:00,-25.8051,-111.7202,5.0,25.18103,36.40163,200.40835,6.279306036
TARA_N000001563,2011-04-03 13:44:00+00:00,-25.8051,-111.7202,5.0,25.18103,36.40163,200.40835,6.279306036
TARA_N000001578,2011-04-03 13:44:00+00:00,-25.8051,-111.7202,5.0,25.18103,36.40163,200.40835,6.279306036
TARA_N000001579,2011-04-03 13:44:00+00:00,-25.8051,-111.7202,5.0,25.18103,36.40163,200.40835,6.279306036
TARA_Y100000692,2011-04-03 13:44:00+00:00,-25.8051,-111.7202,5.0,25.18103,36.40163,200.40835,6.279306036
TARA_Y100000688,2011-04-03 13:44:00+00:00,-25.8051,-111.7202,5.0,25.18103,36.40163,200.40835,6.279306036
TARA_Y100000684,2011-04-03 13:44:00+00:00,-25.8051,-111.7202,5.0,25.18103,36.40163,200.40835,6.279306036
TARA_R100001544,2011-04-03 13:44:00+00:00,-25.8051,-111.7202,5.0,25.18103,36.40163,200.40835,6.279306036
TARA_R100001545,2011-04-03 13:44:00+00:00,-25.8051,-111.7202,5.0,25.18103,36.40163,200.40835,6.279306036
TARA_R100001546,2011-04-03 13:44:00+00:00,-25.8051,-111.7202,5.0,25.18103,36.40163,200.40835,6.279306036
TARA_G000002205,2011-04-03 13:44:00+00:00,-25.8051,-111.7202,5.0,25.18103,36.40163,200.40835,6.279306036
TARA_G000002216,2011-04-03 13:44:00+00:00,-25.8051,-111.7202,5.0,25.18103,36.40163,200.40835,6.279306036
TARA_G000002225,2011-04-03 13:44:00+00:00,-25.8051,-111.7202,5.0,25.18103,36.40163,200.40835,6.279306036
TARA_G000002226,2011-04-03 13:44:00+00:00,-25.8051,-111.7202,5.0,25.18103,36.40163,200.40835,6.279306036
TARA_G100009385,2011-04-03 14:17:00+00:00,-25.8073,-111.7364,5.0,25.18103,36.40163,200.40835,6.279306036
TARA_G100009386,2011-04-03 14:17:00+00:00,-25.8073,-111.7364,5.0,25.18103,36.40163,200.40835,6.279306036
TARA_G100009105,2011-04-03 14:17:00+00:00,-25.8073,-111.7364,5.0,25.18103,36.40163,200.40835,6.279306036
TARA_G100009373,2011-04-03 14:17:00+00:00,-25.8073,-111.7364,5.0,25.18103,36.40163,200.40835,6.279306036
TARA_G100009374,2011-04-03 14:17:00+00:00,-25.8073,-111.7364,5.0,25.18103,36.40163,200.40835,6.279306036
TARA_G100009381,2011-04-03 14:17:00+00:00,-25.8073,-111.7364,5.0,25.18103,36.40163,200.40835,6.279306036
TARA_G100009382,2011-04-03 14:17:00+00:00,-25.8073,-111.7364,5.0,25.18103,36.40163,200.40835,6.279306036
TARA_N000001570,2011-04-03 14:17:00+00:00,-25.8073,-111.7364,5.0,25.18103,36.40163,200.40835,6.279306036
TARA_N000001571,2011-04-03 14:17:00+00:00,-25.8073,-111.7364,5.0,25.18103,36.40163,200.40835,6.279306036
TARA_N000001586,2011-04-03 14:17:00+00:00,-25.8073,-111.7364,5.0,25.18103,36.40163,200.40835,6.279306036
TARA_N000001587,2011-04-03 14:17:00+00:00,-25.8073,-111.7364,5.0,25.18103,36.40163,200.40835,6.279306036
TARA_G100009377,2011-04-03 14:17:00+00:00,-25.8073,-111.7364,5.0,25.18103,36.40163,200.40835,6.279306036
TARA_G100009378,2011-04-03 14:17:00+00:00,-25.8073,-111.7364,5.0,25.18103,36.40163,200.40835,6.279306036
TARA_P100001856,2011-04-03 16:28:00+00:00,-25.8105,-111.7329,5.0,25.18103,36.40163,200.40835,6.279306036
TARA_G100009085,2011-04-03 16:28:00+00:00,-25.8105,-111.7329,5.0,25.18103,36.40163,200.40835,6.279306036
TARA_G100009086,2011-04-03 16:28:00+00:00,-25.8105,-111.7329,5.0,25.18103,36.40163,200.40835,6.279306036
TARA_G100009097,2011-04-03 16:28:00+00:00,-25.8105,-111.7329,5.0,25.18103,36.40163,200.40835,6.279306036
TARA_G100009098,2011-04-03 16:28:00+00:00,-25.8105,-111.7329,5.0,25.18103,36.40163,200.40835,6.279306036
TARA_G100009101,2011-04-03 16:28:00+00:00,-25.8105,-111.7329,5.0,25.18103,36.40163,200.40835,6.279306036
TARA_G100009102,2011-04-03 16:28:00+00:00,-25.8105,-111.7329,5.0,25.18103,36.40163,200.40835,6.279306036
TARA_G100009389,2011-04-03 16:28:00+00:00,-25.8105,-111.7329,5.0,25.18103,36.40163,200.40835,6.279306036
TARA_G100009391,2011-04-03 16:28:00+00:00,-25.8105,-111.7329,5.0,25.18103,36.40163,200.40835,6.279306036
TARA_G100009089,2011-04-03 16:28:00+00:00,-25.8105,-111.7329,5.0,25.18103,36.40163,200.40835,6.279306036
TARA_G100009090,2011-04-03 16:28:00+00:00,-25.8105,-111.7329,5.0,25.18103,36.40163,200.40835,6.279306036
TARA_G100009093,2011-04-03 16:28:00+00:00,-25.8105,-111.7329,5.0,25.18103,36.40163,200.40835,6.279306036
TARA_G100009094,2011-04-03 16:28:00+00:00,-25.8105,-111.7329,5.0,25.18103,36.40163,200.40835,6.279306036
TARA_N000001566,2011-04-03 16:28:00+00:00,-25.8105,-111.7329,5.0,25.18103,36.40163,200.40835,6.279306036
TARA_N000001567,2011-04-03 16:28:00+00:00,-25.8105,-111.7329,5.0,25.18103,36.40163,200.40835,6.279306036
TARA_N000001582,2011-04-03 16:28:00+00:00,-25.8105,-111.7329,5.0,25.18103,36.40163,200.40835,6.279306036
TARA_N000001583,2011-04-03 16:28:00+00:00,-25.8105,-111.7329,5.0,25.18103,36.40163,200.40835,6.279306036
TARA_G100009393,2011-04-03 16:28:00+00:00,-25.8105,-111.7329,5.0,25.18103,36.40163,200.40835,6.279306036
TARA_G100009394,2011-04-03 16:28:00+00:00,-25.8105,-111.7329,5.0,25.18103,36.40163,200.40835,6.279306036
TARA_B000001430,2011-04-03 21:50:00+00:00,-25.826,-111.7294,188.0,20.2127,35.86191,208.821,6.469351374
TARA_B000001431,2011-04-03 21:50:00+00:00,-25.826,-111.7294,188.0,20.2127,35.86191,208.821,6.469351374
TARA_B000001432,2011-04-03 21:50:00+00:00,-25.826,-111.7294,188.0,20.2127,35.86191,208.821,6.469351374
TARA_Y100000698,2011-04-03 21:50:00+00:00,-25.826,-111.7294,188.0,20.2127,35.86191,208.821,6.469351374
TARA_Y100000699,2011-04-03 21:50:00+00:00,-25.826,-111.7294,188.0,20.2127,35.86191,208.821,6.469351374
TARA_Y000000168,2011-04-03 21:50:00+00:00,-25.826,-111.7294,188.0,20.2127,35.86191,208.821,6.469351374
TARA_Y000000169,2011-04-03 21:50:00+00:00,-25.826,-111.7294,188.0,20.2127,35.86191,208.821,6.469351374
TARA_R100001542,2011-04-03 21:50:00+00:00,-25.826,-111.7294,188.0,20.2127,35.86191,208.821,6.469351374
TARA_R100001543,2011-04-03 21:50:00+00:00,-25.826,-111.7294,188.0,20.2127,35.86191,208.821,6.469351374
TARA_R000001917,2011-04-03 21:50:00+00:00,-25.826,-111.7294,188.0,20.2127,35.86191,208.821,6.469351374
TARA_R000001918,2011-04-03 21:50:00+00:00,-25.826,-111.7294,188.0,20.2127,35.86191,208.821,6.469351374
TARA_R000001919,2011-04-03 21:50:00+00:00,-25.826,-111.7294,188.0,20.2127,35.86191,208.821,6.469351374
TARA_G100009055,2011-04-03 21:50:00+00:00,-25.826,-111.7294,188.0,20.2127,35.86191,208.821,6.469351374
TARA_G100009056,2011-04-03 21:50:00+00:00,-25.826,-111.7294,188.0,20.2127,35.86191,208.821,6.469351374
TARA_G100009075,2011-04-03 21:50:00+00:00,-25.826,-111.7294,188.0,20.2127,35.86191,208.821,6.469351374
TARA_G100009076,2011-04-03 21:50:00+00:00,-25.826,-111.7294,188.0,20.2127,35.86191,208.821,6.469351374
TARA_G100009063,2011-04-03 21:50:00+00:00,-25.826,-111.7294,188.0,20.2127,35.86191,208.821,6.469351374
TARA_G100009064,2011-04-03 21:50:00+00:00,-25.826,-111.7294,188.0,20.2127,35.86191,208.821,6.469351374
TARA_G100009047,2011-04-03 21:50:00+00:00,-25.826,-111.7294,188.0,20.2127,35.86191,208.821,6.469351374
TARA_G100009048,2011-04-03 21:50:00+00:00,-25.826,-111.7294,188.0,20.2127,35.86191,208.821,6.469351374
TARA_G100009083,2011-04-03 21:50:00+00:00,-25.826,-111.7294,188.0,20.2127,35.86191,208.821,6.469351374
TARA_G100009084,2011-04-03 21:50:00+00:00,-25.826,-111.7294,188.0,20.2127,35.86191,208.821,6.469351374
TARA_B000001422,2011-04-03 21:50:00+00:00,-25.826,-111.7294,188.0,20.2127,35.86191,208.821,6.469351374
TARA_B000001423,2011-04-03 21:50:00+00:00,-25.826,-111.7294,188.0,20.2127,35.86191,208.821,6.469351374
TARA_B000001424,2011-04-03 21:50:00+00:00,-25.826,-111.7294,188.0,20.2127,35.86191,208.821,6.469351374
TARA_B000001426,2011-04-03 21:50:00+00:00,-25.826,-111.7294,188.0,20.2127,35.86191,208.821,6.469351374
TARA_B000001445,2011-04-03 21:50:00+00:00,-25.826,-111.7294,188.0,20.2127,35.86191,208.821,6.469351374
TARA_B000001446,2011-04-03 21:50:00+00:00,-25.826,-111.7294,188.0,20.2127,35.86191,208.821,6.469351374
TARA_R000001905,2011-04-03 21:50:00+00:00,-25.826,-111.7294,188.0,20.2127,35.86191,208.821,6.469351374
TARA_R000001906,2011-04-03 21:50:00+00:00,-25.826,-111.7294,188.0,20.2127,35.86191,208.821,6.469351374
TARA_R000001907,2011-04-03 21:50:00+00:00,-25.826,-111.7294,188.0,20.2127,35.86191,208.821,6.469351374
TARA_R000001900,2011-04-03 21:50:00+00:00,-25.826,-111.7294,188.0,20.2127,35.86191,208.821,6.469351374
TARA_R000001901,2011-04-03 21:50:00+00:00,-25.826,-111.7294,188.0,20.2127,35.86191,208.821,6.469351374
TARA_G000002222,2011-04-03 21:50:00+00:00,-25.826,-111.7294,188.0,20.2127,35.86191,208.821,6.469351374
TARA_G000002223,2011-04-03 21:50:00+00:00,-25.826,-111.7294,188.0,20.2127,35.86191,208.821,6.469351374
TARA_G000002224,2011-04-03 21:50:00+00:00,-25.826,-111.7294,188.0,20.2127,35.86191,208.821,6.469351374
TARA_G100009079,2011-04-03 21:50:00+00:00,-25.826,-111.7294,188.0,20.2127,35.86191,208.821,6.469351374
TARA_G100009080,2011-04-03 21:50:00+00:00,-25.826,-111.7294,188.0,20.2127,35.86191,208.821,6.469351374
TARA_G100009059,2011-04-03 21:50:00+00:00,-25.826,-111.7294,188.0,20.2127,35.86191,208.821,6.469351374
TARA_G100009060,2011-04-03 21:50:00+00:00,-25.826,-111.7294,188.0,20.2127,35.86191,208.821,6.469351374
TARA_B100001007,2011-04-03 21:50:00+00:00,-25.826,-111.7294,188.0,20.2127,35.86191,208.821,6.469351374
TARA_B100001008,2011-04-03 21:50:00+00:00,-25.826,-111.7294,188.0,20.2127,35.86191,208.821,6.469351374
TARA_B100001009,2011-04-03 21:50:00+00:00,-25.826,-111.7294,188.0,20.2127,35.86191,208.821,6.469351374
TARA_R100001431,2011-04-03 21:50:00+00:00,-25.826,-111.7294,188.0,20.2127,35.86191,208.821,6.469351374
TARA_R100001432,2011-04-03 21:50:00+00:00,-25.826,-111.7294,188.0,20.2127,35.86191,208.821,6.469351374
TARA_R100001433,2011-04-03 21:50:00+00:00,-25.826,-111.7294,188.0,20.2127,35.86191,208.821,6.469351374
TARA_G100009051,2011-04-03 21:50:00+00:00,-25.826,-111.7294,188.0,20.2127,35.86191,208.821,6.469351374
TARA_G100009052,2011-04-03 21:50:00+00:00,-25.826,-111.7294,188.0,20.2127,35.86191,208.821,6.469351374
TARA_G100009071,2011-04-03 21:50:00+00:00,-25.826,-111.7294,188.0,20.2127,35.86191,208.821,6.469351374
TARA_G100009072,2011-04-03 21:50:00+00:00,-25.826,-111.7294,188.0,20.2127,35.86191,208.821,6.469351374
TARA_G100009067,2011-04-03 21:50:00+00:00,-25.826,-111.7294,188.0,20.2127,35.86191,208.821,6.469351374
TARA_G100009068,2011-04-03 21:50:00+00:00,-25.826,-111.7294,188.0,20.2127,35.86191,208.821,6.469351374
TARA_R000001895,2011-04-03 21:50:00+00:00,-25.826,-111.7294,188.0,20.2127,35.86191,208.821,6.469351374
TARA_R000001896,2011-04-03 21:50:00+00:00,-25.826,-111.7294,188.0,20.2127,35.86191,208.821,6.469351374
TARA_R000001897,2011-04-03 21:50:00+00:00,-25.826,-111.7294,188.0,20.2127,35.86191,208.821,6.469351374
TARA_R100001552,2011-04-03 21:50:00+00:00,-25.826,-111.7294,188.0,20.2127,35.86191,208.821,6.469351374
TARA_R100001553,2011-04-03 21:50:00+00:00,-25.826,-111.7294,188.0,20.2127,35.86191,208.821,6.469351374
TARA_G100009043,2011-04-03 21:50:00+00:00,-25.826,-111.7294,188.0,20.2127,35.86191,208.821,6.469351374
TARA_G100009044,2011-04-03 21:50:00+00:00,-25.826,-111.7294,188.0,20.2127,35.86191,208.821,6.469351374
TARA_B100001029,2011-04-03 21:50:00+00:00,-25.826,-111.7294,188.0,20.2127,35.86191,208.821,6.469351374
TARA_B100001030,2011-04-03 21:50:00+00:00,-25.826,-111.7294,188.0,20.2127,35.86191,208.821,6.469351374
TARA_B000001417,2011-04-03 21:50:00+00:00,-25.826,-111.7294,188.0,20.2127,35.86191,208.821,6.469351374
TARA_B000001418,2011-04-03 21:50:00+00:00,-25.826,-111.7294,188.0,20.2127,35.86191,208.821,6.469351374
TARA_N000001528,2011-04-03 21:50:00+00:00,-25.826,-111.7294,188.0,20.2127,35.86191,208.821,6.469351374
TARA_N000001529,2011-04-03 21:50:00+00:00,-25.826,-111.7294,188.0,20.2127,35.86191,208.821,6.469351374
TARA_N000001560,2011-04-03 21:50:00+00:00,-25.826,-111.7294,188.0,20.2127,35.86191,208.821,6.469351374
TARA_N000001561,2011-04-03 21:50:00+00:00,-25.826,-111.7294,188.0,20.2127,35.86191,208.821,6.469351374
TARA_N000001588,2011-04-03 21:50:00+00:00,-25.826,-111.7294,188.0,20.2127,35.86191,208.821,6.469351374
TARA_B000001413,2011-04-03 21:50:00+00:00,-25.826,-111.7294,188.0,20.2127,35.86191,208.821,6.469351374
TARA_B000001414,2011-04-03 21:50:00+00:00,-25.826,-111.7294,188.0,20.2127,35.86191,208.821,6.469351374
TARA_B100001033,2011-04-03 21:50:00+00:00,-25.826,-111.7294,188.0,20.2127,35.86191,208.821,6.469351374
TARA_B100001034,2011-04-03 21:50:00+00:00,-25.826,-111.7294,188.0,20.2127,35.86191,208.821,6.469351374
TARA_N000001564,2011-04-03 21:50:00+00:00,-25.826,-111.7294,188.0,20.2127,35.86191,208.821,6.469351374
TARA_N000001565,2011-04-03 21:50:00+00:00,-25.826,-111.7294,188.0,20.2127,35.86191,208.821,6.469351374
TARA_N000001580,2011-04-03 21:50:00+00:00,-25.826,-111.7294,188.0,20.2127,35.86191,208.821,6.469351374
TARA_N000001581,2011-04-03 21:50:00+00:00,-25.826,-111.7294,188.0,20.2127,35.86191,208.821,6.469351374
TARA_Y100000693,2011-04-03 21:50:00+00:00,-25.826,-111.7294,188.0,20.2127,35.86191,208.821,6.469351374
TARA_Y100000690,2011-04-03 21:50:00+00:00,-25.826,-111.7294,188.0,20.2127,35.86191,208.821,6.469351374
TARA_Y100000686,2011-04-03 21:50:00+00:00,-25.826,-111.7294,188.0,20.2127,35.86191,208.821,6.469351374
TARA_R100001547,2011-04-03 21:50:00+00:00,-25.826,-111.7294,188.0,20.2127,35.86191,208.821,6.469351374
TARA_R100001548,2011-04-03 21:50:00+00:00,-25.826,-111.7294,188.0,20.2127,35.86191,208.821,6.469351374
TARA_R100001549,2011-04-03 21:50:00+00:00,-25.826,-111.7294,188.0,20.2127,35.86191,208.821,6.469351374
TARA_G000002217,2011-04-03 21:50:00+00:00,-25.826,-111.7294,188.0,20.2127,35.86191,208.821,6.469351374
TARA_G000002218,2011-04-03 21:50:00+00:00,-25.826,-111.7294,188.0,20.2127,35.86191,208.821,6.469351374
TARA_G000002227,2011-04-03 21:50:00+00:00,-25.826,-111.7294,188.0,20.2127,35.86191,208.821,6.469351374
TARA_G000002228,2011-04-03 21:50:00+00:00,-25.826,-111.7294,188.0,20.2127,35.86191,208.821,6.469351374
TARA_B000001453,2011-04-04 13:55:00+00:00,-25.8076,-111.6906,488.0,7.96837,34.3655,154.6701,6.538486008
TARA_B000001454,2011-04-04 13:55:00+00:00,-25.8076,-111.6906,488.0,7.96837,34.3655,154.6701,6.538486008
TARA_B000001455,2011-04-04 13:55:00+00:00,-25.8076,-111.6906,488.0,7.96837,34.3655,154.6701,6.538486008
TARA_B000001456,2011-04-04 13:55:00+00:00,-25.8076,-111.6906,488.0,7.96837,34.3655,154.6701,6.538486008
TARA_Y100000694,2011-04-04 13:55:00+00:00,-25.8076,-111.6906,488.0,7.96837,34.3655,154.6701,6.538486008
TARA_Y100000695,2011-04-04 13:55:00+00:00,-25.8076,-111.6906,488.0,7.96837,34.3655,154.6701,6.538486008
TARA_Y000000166,2011-04-04 13:55:00+00:00,-25.8076,-111.6906,488.0,7.96837,34.3655,154.6701,6.538486008
TARA_Y000000167,2011-04-04 13:55:00+00:00,-25.8076,-111.6906,488.0,7.96837,34.3655,154.6701,6.538486008
TARA_R100001554,2011-04-04 13:55:00+00:00,-25.8076,-111.6906,488.0,7.96837,34.3655,154.6701,6.538486008
TARA_R100001555,2011-04-04 13:55:00+00:00,-25.8076,-111.6906,488.0,7.96837,34.3655,154.6701,6.538486008
TARA_R000002040,2011-04-04 13:55:00+00:00,-25.8076,-111.6906,488.0,7.96837,34.3655,154.6701,6.538486008
TARA_R000002041,2011-04-04 13:55:00+00:00,-25.8076,-111.6906,488.0,7.96837,34.3655,154.6701,6.538486008
TARA_R000002042,2011-04-04 13:55:00+00:00,-25.8076,-111.6906,488.0,7.96837,34.3655,154.6701,6.538486008
TARA_G100009107,2011-04-04 13:55:00+00:00,-25.8076,-111.6906,488.0,7.96837,34.3655,154.6701,6.538486008
TARA_G100009363,2011-04-04 13:55:00+00:00,-25.8076,-111.6906,488.0,7.96837,34.3655,154.6701,6.538486008
TARA_G100009370,2011-04-04 13:55:00+00:00,-25.8076,-111.6906,488.0,7.96837,34.3655,154.6701,6.538486008
TARA_G100009371,2011-04-04 13:55:00+00:00,-25.8076,-111.6906,488.0,7.96837,34.3655,154.6701,6.538486008
TARA_B000001447,2011-04-04 13:55:00+00:00,-25.8076,-111.6906,488.0,7.96837,34.3655,154.6701,6.538486008
TARA_B000001448,2011-04-04 13:55:00+00:00,-25.8076,-111.6906,488.0,7.96837,34.3655,154.6701,6.538486008
TARA_B000001449,2011-04-04 13:55:00+00:00,-25.8076,-111.6906,488.0,7.96837,34.3655,154.6701,6.538486008
TARA_B000001450,2011-04-04 13:55:00+00:00,-25.8076,-111.6906,488.0,7.96837,34.3655,154.6701,6.538486008
TARA_B000001451,2011-04-04 13:55:00+00:00,-25.8076,-111.6906,488.0,7.96837,34.3655,154.6701,6.538486008
TARA_B000001452,2011-04-04 13:55:00+00:00,-25.8076,-111.6906,488.0,7.96837,34.3655,154.6701,6.538486008
TARA_R000001889,2011-04-04 13:55:00+00:00,-25.8076,-111.6906,488.0,7.96837,34.3655,154.6701,6.538486008
TARA_R000001890,2011-04-04 13:55:00+00:00,-25.8076,-111.6906,488.0,7.96837,34.3655,154.6701,6.538486008
TARA_R000001891,2011-04-04 13:55:00+00:00,-25.8076,-111.6906,488.0,7.96837,34.3655,154.6701,6.538486008
TARA_R000001887,2011-04-04 13:55:00+00:00,-25.8076,-111.6906,488.0,7.96837,34.3655,154.6701,6.538486008
TARA_R000001888,2011-04-04 13:55:00+00:00,-25.8076,-111.6906,488.0,7.96837,34.3655,154.6701,6.538486008
TARA_G000002428,2011-04-04 13:55:00+00:00,-25.8076,-111.6906,488.0,7.96837,34.3655,154.6701,6.538486008
TARA_G000002429,2011-04-04 13:55:00+00:00,-25.8076,-111.6906,488.0,7.96837,34.3655,154.6701,6.538486008
TARA_G000002430,2011-04-04 13:55:00+00:00,-25.8076,-111.6906,488.0,7.96837,34.3655,154.6701,6.538486008
TARA_G100009368,2011-04-04 13:55:00+00:00,-25.8076,-111.6906,488.0,7.96837,34.3655,154.6701,6.538486008
TARA_G100009369,2011-04-04 13:55:00+00:00,-25.8076,-111.6906,488.0,7.96837,34.3655,154.6701,6.538486008
TARA_G100009372,2011-04-04 13:55:00+00:00,-25.8076,-111.6906,488.0,7.96837,34.3655,154.6701,6.538486008
TARA_G100009364,2011-04-04 13:55:00+00:00,-25.8076,-111.6906,488.0,7.96837,34.3655,154.6701,6.538486008
TARA_G100009365,2011-04-04 13:55:00+00:00,-25.8076,-111.6906,488.0,7.96837,34.3655,154.6701,6.538486008
TARA_B100001016,2011-04-04 13:55:00+00:00,-25.8076,-111.6906,488.0,7.96837,34.3655,154.6701,6.538486008
TARA_B100001017,2011-04-04 13:55:00+00:00,-25.8076,-111.6906,488.0,7.96837,34.3655,154.6701,6.538486008
TARA_R100001434,2011-04-04 13:55:00+00:00,-25.8076,-111.6906,488.0,7.96837,34.3655,154.6701,6.538486008
TARA_R100001435,2011-04-04 13:55:00+00:00,-25.8076,-111.6906,488.0,7.96837,34.3655,154.6701,6.538486008
TARA_G100009366,2011-04-04 13:55:00+00:00,-25.8076,-111.6906,488.0,7.96837,34.3655,154.6701,6.538486008
TARA_G100009367,2011-04-04 13:55:00+00:00,-25.8076,-111.6906,488.0,7.96837,34.3655,154.6701,6.538486008
TARA_R000001884,2011-04-04 13:55:00+00:00,-25.8076,-111.6906,488.0,7.96837,34.3655,154.6701,6.538486008
TARA_R000001885,2011-04-04 13:55:00+00:00,-25.8076,-111.6906,488.0,7.96837,34.3655,154.6701,6.538486008
TARA_R000001886,2011-04-04 13:55:00+00:00,-25.8076,-111.6906,488.0,7.96837,34.3655,154.6701,6.538486008
TARA_R100001559,2011-04-04 13:55:00+00:00,-25.8076,-111.6906,488.0,7.96837,34.3655,154.6701,6.538486008
TARA_R100001560,2011-04-04 13:55:00+00:00,-25.8076,-111.6906,488.0,7.96837,34.3655,154.6701,6.538486008
TARA_B100001013,2011-04-04 13:55:00+00:00,-25.8076,-111.6906,488.0,7.96837,34.3655,154.6701,6.538486008
TARA_B100001014,2011-04-04 13:55:00+00:00,-25.8076,-111.6906,488.0,7.96837,34.3655,154.6701,6.538486008
TARA_B100001015,2011-04-04 13:55:00+00:00,-25.8076,-111.6906,488.0,7.96837,34.3655,154.6701,6.538486008
TARA_B000001436,2011-04-04 13:55:00+00:00,-25.8076,-111.6906,488.0,7.96837,34.3655,154.6701,6.538486008
TARA_B000001437,2011-04-04 13:55:00+00:00,-25.8076,-111.6906,488.0,7.96837,34.3655,154.6701,6.538486008
TARA_B000001438,2011-04-04 13:55:00+00:00,-25.8076,-111.6906,488.0,7.96837,34.3655,154.6701,6.538486008
TARA_N000001591,2011-04-04 13:55:00+00:00,-25.8076,-111.6906,488.0,7.96837,34.3655,154.6701,6.538486008
TARA_N000001593,2011-04-04 13:55:00+00:00,-25.8076,-111.6906,488.0,7.96837,34.3655,154.6701,6.538486008
TARA_N000001590,2011-04-04 13:55:00+00:00,-25.8076,-111.6906,488.0,7.96837,34.3655,154.6701,6.538486008
TARA_N000001592,2011-04-04 13:55:00+00:00,-25.8076,-111.6906,488.0,7.96837,34.3655,154.6701,6.538486008
TARA_B000001433,2011-04-04 13:55:00+00:00,-25.8076,-111.6906,488.0,7.96837,34.3655,154.6701,6.538486008
TARA_B000001434,2011-04-04 13:55:00+00:00,-25.8076,-111.6906,488.0,7.96837,34.3655,154.6701,6.538486008
TARA_B000001435,2011-04-04 13:55:00+00:00,-25.8076,-111.6906,488.0,7.96837,34.3655,154.6701,6.538486008
TARA_B100001010,2011-04-04 13:55:00+00:00,-25.8076,-111.6906,488.0,7.96837,34.3655,154.6701,6.538486008
TARA_B100001011,2011-04-04 13:55:00+00:00,-25.8076,-111.6906,488.0,7.96837,34.3655,154.6701,6.538486008
TARA_B100001012,2011-04-04 13:55:00+00:00,-25.8076,-111.6906,488.0,7.96837,34.3655,154.6701,6.538486008
TARA_Y100000683,2011-04-04 13:55:00+00:00,-25.8076,-111.6906,488.0,7.96837,34.3655,154.6701,6.538486008
TARA_Y100000681,2011-04-04 13:55:00+00:00,-25.8076,-111.6906,488.0,7.96837,34.3655,154.6701,6.538486008
TARA_Y100000682,2011-04-04 13:55:00+00:00,-25.8076,-111.6906,488.0,7.96837,34.3655,154.6701,6.538486008
TARA_Y100000679,2011-04-04 13:55:00+00:00,-25.8076,-111.6906,488.0,7.96837,34.3655,154.6701,6.538486008
TARA_Y100000680,2011-04-04 13:55:00+00:00,-25.8076,-111.6906,488.0,7.96837,34.3655,154.6701,6.538486008
TARA_R100001556,2011-04-04 13:55:00+00:00,-25.8076,-111.6906,488.0,7.96837,34.3655,154.6701,6.538486008
TARA_R100001557,2011-04-04 13:55:00+00:00,-25.8076,-111.6906,488.0,7.96837,34.3655,154.6701,6.538486008
TARA_R100001558,2011-04-04 13:55:00+00:00,-25.8076,-111.6906,488.0,7.96837,34.3655,154.6701,6.538486008
TARA_G000002431,2011-04-04 13:55:00+00:00,-25.8076,-111.6906,488.0,7.96837,34.3655,154.6701,6.538486008
TARA_G000002432,2011-04-04 13:55:00+00:00,-25.8076,-111.6906,488.0,7.96837,34.3655,154.6701,6.538486008
TARA_P100001851,2011-04-04 17:07:00+00:00,-25.8162,-111.7349,180.0,20.16785,35.86227,209.2754,6.469351374
TARA_G100009387,2011-04-04 17:07:00+00:00,-25.8162,-111.7349,180.0,20.16785,35.86227,209.2754,6.469351374
TARA_G100009388,2011-04-04 17:07:00+00:00,-25.8162,-111.7349,180.0,20.16785,35.86227,209.2754,6.469351374
TARA_G100009087,2011-04-04 17:07:00+00:00,-25.8162,-111.7349,180.0,20.16785,35.86227,209.2754,6.469351374
TARA_G100009088,2011-04-04 17:07:00+00:00,-25.8162,-111.7349,180.0,20.16785,35.86227,209.2754,6.469351374
TARA_G100009099,2011-04-04 17:07:00+00:00,-25.8162,-111.7349,180.0,20.16785,35.86227,209.2754,6.469351374
TARA_G100009100,2011-04-04 17:07:00+00:00,-25.8162,-111.7349,180.0,20.16785,35.86227,209.2754,6.469351374
TARA_G100009103,2011-04-04 17:07:00+00:00,-25.8162,-111.7349,180.0,20.16785,35.86227,209.2754,6.469351374
TARA_G100009104,2011-04-04 17:07:00+00:00,-25.8162,-111.7349,180.0,20.16785,35.86227,209.2754,6.469351374
TARA_G100009106,2011-04-04 17:07:00+00:00,-25.8162,-111.7349,180.0,20.16785,35.86227,209.2754,6.469351374
TARA_G100009390,2011-04-04 17:07:00+00:00,-25.8162,-111.7349,180.0,20.16785,35.86227,209.2754,6.469351374
TARA_G100009392,2011-04-04 17:07:00+00:00,-25.8162,-111.7349,180.0,20.16785,35.86227,209.2754,6.469351374
TARA_G100009375,2011-04-04 17:07:00+00:00,-25.8162,-111.7349,180.0,20.16785,35.86227,209.2754,6.469351374
TARA_G100009376,2011-04-04 17:07:00+00:00,-25.8162,-111.7349,180.0,20.16785,35.86227,209.2754,6.469351374
TARA_G100009091,2011-04-04 17:07:00+00:00,-25.8162,-111.7349,180.0,20.16785,35.86227,209.2754,6.469351374
TARA_G100009092,2011-04-04 17:07:00+00:00,-25.8162,-111.7349,180.0,20.16785,35.86227,209.2754,6.469351374
TARA_G100009383,2011-04-04 17:07:00+00:00,-25.8162,-111.7349,180.0,20.16785,35.86227,209.2754,6.469351374
TARA_G100009384,2011-04-04 17:07:00+00:00,-25.8162,-111.7349,180.0,20.16785,35.86227,209.2754,6.469351374
TARA_G100009095,2011-04-04 17:07:00+00:00,-25.8162,-111.7349,180.0,20.16785,35.86227,209.2754,6.469351374
TARA_G100009096,2011-04-04 17:07:00+00:00,-25.8162,-111.7349,180.0,20.16785,35.86227,209.2754,6.469351374
TARA_N000001572,2011-04-04 17:07:00+00:00,-25.8162,-111.7349,180.0,20.16785,35.86227,209.2754,6.469351374
TARA_N000001573,2011-04-04 17:07:00+00:00,-25.8162,-111.7349,180.0,20.16785,35.86227,209.2754,6.469351374
TARA_N000001589,2011-04-04 17:07:00+00:00,-25.8162,-111.7349,180.0,20.16785,35.86227,209.2754,6.469351374
TARA_N000001594,2011-04-04 17:07:00+00:00,-25.8162,-111.7349,180.0,20.16785,35.86227,209.2754,6.469351374
TARA_N000001568,2011-04-04 17:07:00+00:00,-25.8162,-111.7349,180.0,20.16785,35.86227,209.2754,6.469351374
TARA_N000001569,2011-04-04 17:07:00+00:00,-25.8162,-111.7349,180.0,20.16785,35.86227,209.2754,6.469351374
TARA_N000001584,2011-04-04 17:07:00+00:00,-25.8162,-111.7349,180.0,20.16785,35.86227,209.2754,6.469351374
TARA_N000001585,2011-04-04 17:07:00+00:00,-25.8162,-111.7349,180.0,20.16785,35.86227,209.2754,6.469351374
TARA_G100009379,2011-04-04 17:07:00+00:00,-25.8162,-111.7349,180.0,20.16785,35.86227,209.2754,6.469351374
TARA_G100009380,2011-04-04 17:07:00+00:00,-25.8162,-111.7349,180.0,20.16785,35.86227,209.2754,6.469351374
TARA_G100009395,2011-04-04 17:07:00+00:00,-25.8162,-111.7349,180.0,20.16785,35.86227,209.2754,6.469351374
TARA_G100009396,2011-04-04 17:07:00+00:00,-25.8162,-111.7349,180.0,20.16785,35.86227,209.2754,6.469351374
TARA_P100001836,2011-04-04 22:42:00+00:00,-25.8345,-111.8092,5.0,25.214805,36.39488,199.95205,6.279306036
TARA_K100000195,2011-04-04 22:42:00+00:00,-25.8345,-111.8092,5.0,25.214805,36.39488,199.95205,6.279306036
TARA_B000001459,2011-04-09 13:56:00+00:00,-21.146,-104.787,5.0,23.88925,36.1376,203.37975,6.40197793
TARA_B000001460,2011-04-09 13:56:00+00:00,-21.146,-104.787,5.0,23.88925,36.1376,203.37975,6.40197793
TARA_G100009274,2011-04-09 13:56:00+00:00,-21.146,-104.787,5.0,23.88925,36.1376,203.37975,6.40197793
TARA_G100009275,2011-04-09 13:56:00+00:00,-21.146,-104.787,5.0,23.88925,36.1376,203.37975,6.40197793
TARA_G100009273,2011-04-09 13:56:00+00:00,-21.146,-104.787,5.0,23.88925,36.1376,203.37975,6.40197793
TARA_G100009300,2011-04-09 13:56:00+00:00,-21.146,-104.787,5.0,23.88925,36.1376,203.37975,6.40197793
TARA_R000001922,2011-04-09 13:56:00+00:00,-21.146,-104.787,5.0,23.88925,36.1376,203.37975,6.40197793
TARA_G000002230,2011-04-09 13:56:00+00:00,-21.146,-104.787,5.0,23.88925,36.1376,203.37975,6.40197793
TARA_G000002231,2011-04-09 13:56:00+00:00,-21.146,-104.787,5.0,23.88925,36.1376,203.37975,6.40197793
TARA_G000002232,2011-04-09 13:56:00+00:00,-21.146,-104.787,5.0,23.88925,36.1376,203.37975,6.40197793
TARA_R000001920,2011-04-09 13:56:00+00:00,-21.146,-104.787,5.0,23.88925,36.1376,203.37975,6.40197793
TARA_R000001921,2011-04-09 13:56:00+00:00,-21.146,-104.787,5.0,23.88925,36.1376,203.37975,6.40197793
TARA_B100000886,2011-04-09 13:56:00+00:00,-21.146,-104.787,5.0,23.88925,36.1376,203.37975,6.40197793
TARA_B100000888,2011-04-09 13:56:00+00:00,-21.146,-104.787,5.0,23.88925,36.1376,203.37975,6.40197793
TARA_B000001458,2011-04-09 13:56:00+00:00,-21.146,-104.787,5.0,23.88925,36.1376,203.37975,6.40197793
TARA_B000001464,2011-04-09 13:56:00+00:00,-21.146,-104.787,5.0,23.88925,36.1376,203.37975,6.40197793
TARA_N000001595,2011-04-09 13:56:00+00:00,-21.146,-104.787,5.0,23.88925,36.1376,203.37975,6.40197793
TARA_N000001596,2011-04-09 13:56:00+00:00,-21.146,-104.787,5.0,23.88925,36.1376,203.37975,6.40197793
TARA_N000001597,2011-04-09 13:56:00+00:00,-21.146,-104.787,5.0,23.88925,36.1376,203.37975,6.40197793
TARA_N000001598,2011-04-09 13:56:00+00:00,-21.146,-104.787,5.0,23.88925,36.1376,203.37975,6.40197793
TARA_N000001602,2011-04-09 13:56:00+00:00,-21.146,-104.787,5.0,23.88925,36.1376,203.37975,6.40197793
TARA_N000001603,2011-04-09 13:56:00+00:00,-21.146,-104.787,5.0,23.88925,36.1376,203.37975,6.40197793
TARA_B000001457,2011-04-09 13:56:00+00:00,-21.146,-104.787,5.0,23.88925,36.1376,203.37975,6.40197793
TARA_B000001463,2011-04-09 13:56:00+00:00,-21.146,-104.787,5.0,23.88925,36.1376,203.37975,6.40197793
TARA_B100000885,2011-04-09 13:56:00+00:00,-21.146,-104.787,5.0,23.88925,36.1376,203.37975,6.40197793
TARA_B100000887,2011-04-09 13:56:00+00:00,-21.146,-104.787,5.0,23.88925,36.1376,203.37975,6.40197793
TARA_Y100000678,2011-04-09 13:56:00+00:00,-21.146,-104.787,5.0,23.88925,36.1376,203.37975,6.40197793
TARA_Y100000674,2011-04-09 13:56:00+00:00,-21.146,-104.787,5.0,23.88925,36.1376,203.37975,6.40197793
TARA_R100001537,2011-04-09 13:56:00+00:00,-21.146,-104.787,5.0,23.88925,36.1376,203.37975,6.40197793
TARA_R100001538,2011-04-09 13:56:00+00:00,-21.146,-104.787,5.0,23.88925,36.1376,203.37975,6.40197793
TARA_R100001539,2011-04-09 13:56:00+00:00,-21.146,-104.787,5.0,23.88925,36.1376,203.37975,6.40197793
TARA_P100001842,2011-04-09 15:30:00+00:00,-21.1526,-104.8117,5.0,23.88925,36.1376,203.37975,6.40197793
TARA_G100009267,2011-04-09 15:30:00+00:00,-21.1526,-104.8117,5.0,23.88925,36.1376,203.37975,6.40197793
TARA_G100009268,2011-04-09 15:30:00+00:00,-21.1526,-104.8117,5.0,23.88925,36.1376,203.37975,6.40197793
TARA_G100009271,2011-04-09 15:30:00+00:00,-21.1526,-104.8117,5.0,23.88925,36.1376,203.37975,6.40197793
TARA_G100009272,2011-04-09 15:30:00+00:00,-21.1526,-104.8117,5.0,23.88925,36.1376,203.37975,6.40197793
TARA_N000001600,2011-04-09 15:30:00+00:00,-21.1526,-104.8117,5.0,23.88925,36.1376,203.37975,6.40197793
TARA_G100009269,2011-04-09 15:30:00+00:00,-21.1526,-104.8117,5.0,23.88925,36.1376,203.37975,6.40197793
TARA_G100009270,2011-04-09 15:30:00+00:00,-21.1526,-104.8117,5.0,23.88925,36.1376,203.37975,6.40197793
TARA_P100001835,2011-04-09 16:51:00+00:00,-21.1584,-104.8314,5.0,23.88925,36.1376,203.37975,6.40197793
TARA_N000001599,2011-04-09 16:51:00+00:00,-21.1584,-104.8314,5.0,23.88925,36.1376,203.37975,6.40197793
TARA_P100001832,2011-04-09 20:15:00+00:00,-21.1757,-104.9119,5.0,23.88925,36.1376,203.37975,6.40197793
TARA_K100000199,2011-04-09 20:15:00+00:00,-21.1757,-104.9119,5.0,23.88925,36.1376,203.37975,6.40197793
TARA_G100009262,2011-04-09 20:47:00+00:00,-21.1769,-104.9163,5.0,23.88925,36.1376,203.37975,6.40197793
TARA_G100009263,2011-04-09 20:47:00+00:00,-21.1769,-104.9163,5.0,23.88925,36.1376,203.37975,6.40197793
TARA_G100009266,2011-04-09 20:47:00+00:00,-21.1769,-104.9163,5.0,23.88925,36.1376,203.37975,6.40197793
TARA_N000001601,2011-04-09 20:47:00+00:00,-21.1769,-104.9163,5.0,23.88925,36.1376,203.37975,6.40197793
TARA_G100009264,2011-04-09 20:47:00+00:00,-21.1769,-104.9163,5.0,23.88925,36.1376,203.37975,6.40197793
TARA_G100009265,2011-04-09 20:47:00+00:00,-21.1769,-104.9163,5.0,23.88925,36.1376,203.37975,6.40197793
TARA_B000001473,2011-04-15 12:45:00+00:00,-13.0023,-95.9759,5.0,25.349495,35.82876,201.0109,6.603491612
TARA_B000001474,2011-04-15 12:45:00+00:00,-13.0023,-95.9759,5.0,25.349495,35.82876,201.0109,6.603491612
TARA_B000001475,2011-04-15 12:45:00+00:00,-13.0023,-95.9759,5.0,25.349495,35.82876,201.0109,6.603491612
TARA_Y100000480,2011-04-15 12:45:00+00:00,-13.0023,-95.9759,5.0,25.349495,35.82876,201.0109,6.603491612
TARA_Y100000481,2011-04-15 12:45:00+00:00,-13.0023,-95.9759,5.0,25.349495,35.82876,201.0109,6.603491612
TARA_Y000000174,2011-04-15 12:45:00+00:00,-13.0023,-95.9759,5.0,25.349495,35.82876,201.0109,6.603491612
TARA_Y000000175,2011-04-15 12:45:00+00:00,-13.0023,-95.9759,5.0,25.349495,35.82876,201.0109,6.603491612
TARA_R100001436,2011-04-15 12:45:00+00:00,-13.0023,-95.9759,5.0,25.349495,35.82876,201.0109,6.603491612
TARA_R100001437,2011-04-15 12:45:00+00:00,-13.0023,-95.9759,5.0,25.349495,35.82876,201.0109,6.603491612
TARA_R000002024,2011-04-15 12:45:00+00:00,-13.0023,-95.9759,5.0,25.349495,35.82876,201.0109,6.603491612
TARA_R000002025,2011-04-15 12:45:00+00:00,-13.0023,-95.9759,5.0,25.349495,35.82876,201.0109,6.603491612
TARA_R000002026,2011-04-15 12:45:00+00:00,-13.0023,-95.9759,5.0,25.349495,35.82876,201.0109,6.603491612
TARA_G100009413,2011-04-15 12:45:00+00:00,-13.0023,-95.9759,5.0,25.349495,35.82876,201.0109,6.603491612
TARA_G100009414,2011-04-15 12:45:00+00:00,-13.0023,-95.9759,5.0,25.349495,35.82876,201.0109,6.603491612
TARA_G100009405,2011-04-15 12:45:00+00:00,-13.0023,-95.9759,5.0,25.349495,35.82876,201.0109,6.603491612
TARA_G100009406,2011-04-15 12:45:00+00:00,-13.0023,-95.9759,5.0,25.349495,35.82876,201.0109,6.603491612
TARA_B000001499,2011-04-15 12:45:00+00:00,-13.0023,-95.9759,5.0,25.349495,35.82876,201.0109,6.603491612
TARA_B000001501,2011-04-15 12:45:00+00:00,-13.0023,-95.9759,5.0,25.349495,35.82876,201.0109,6.603491612
TARA_B000001502,2011-04-15 12:45:00+00:00,-13.0023,-95.9759,5.0,25.349495,35.82876,201.0109,6.603491612
TARA_B000001507,2011-04-15 12:45:00+00:00,-13.0023,-95.9759,5.0,25.349495,35.82876,201.0109,6.603491612
TARA_R000002032,2011-04-15 12:45:00+00:00,-13.0023,-95.9759,5.0,25.349495,35.82876,201.0109,6.603491612
TARA_R000002033,2011-04-15 12:45:00+00:00,-13.0023,-95.9759,5.0,25.349495,35.82876,201.0109,6.603491612
TARA_R000002034,2011-04-15 12:45:00+00:00,-13.0023,-95.9759,5.0,25.349495,35.82876,201.0109,6.603491612
TARA_R000002028,2011-04-15 12:45:00+00:00,-13.0023,-95.9759,5.0,25.349495,35.82876,201.0109,6.603491612
TARA_R000002029,2011-04-15 12:45:00+00:00,-13.0023,-95.9759,5.0,25.349495,35.82876,201.0109,6.603491612
TARA_G000000345,2011-04-15 12:45:00+00:00,-13.0023,-95.9759,5.0,25.349495,35.82876,201.0109,6.603491612
TARA_G000000346,2011-04-15 12:45:00+00:00,-13.0023,-95.9759,5.0,25.349495,35.82876,201.0109,6.603491612
TARA_G000000347,2011-04-15 12:45:00+00:00,-13.0023,-95.9759,5.0,25.349495,35.82876,201.0109,6.603491612
TARA_B100000889,2011-04-15 12:45:00+00:00,-13.0023,-95.9759,5.0,25.349495,35.82876,201.0109,6.603491612
TARA_B100000890,2011-04-15 12:45:00+00:00,-13.0023,-95.9759,5.0,25.349495,35.82876,201.0109,6.603491612
TARA_B100000891,2011-04-15 12:45:00+00:00,-13.0023,-95.9759,5.0,25.349495,35.82876,201.0109,6.603491612
TARA_R100001450,2011-04-15 12:45:00+00:00,-13.0023,-95.9759,5.0,25.349495,35.82876,201.0109,6.603491612
TARA_R100001451,2011-04-15 12:45:00+00:00,-13.0023,-95.9759,5.0,25.349495,35.82876,201.0109,6.603491612
TARA_R100001455,2011-04-15 12:45:00+00:00,-13.0023,-95.9759,5.0,25.349495,35.82876,201.0109,6.603491612
TARA_G100009409,2011-04-15 12:45:00+00:00,-13.0023,-95.9759,5.0,25.349495,35.82876,201.0109,6.603491612
TARA_G100009410,2011-04-15 12:45:00+00:00,-13.0023,-95.9759,5.0,25.349495,35.82876,201.0109,6.603491612
TARA_R000002018,2011-04-15 12:45:00+00:00,-13.0023,-95.9759,5.0,25.349495,35.82876,201.0109,6.603491612
TARA_R000002019,2011-04-15 12:45:00+00:00,-13.0023,-95.9759,5.0,25.349495,35.82876,201.0109,6.603491612
TARA_R000002020,2011-04-15 12:45:00+00:00,-13.0023,-95.9759,5.0,25.349495,35.82876,201.0109,6.603491612
TARA_R100001446,2011-04-15 12:45:00+00:00,-13.0023,-95.9759,5.0,25.349495,35.82876,201.0109,6.603491612
TARA_R100001447,2011-04-15 12:45:00+00:00,-13.0023,-95.9759,5.0,25.349495,35.82876,201.0109,6.603491612
TARA_G100009401,2011-04-15 12:45:00+00:00,-13.0023,-95.9759,5.0,25.349495,35.82876,201.0109,6.603491612
TARA_G100009402,2011-04-15 12:45:00+00:00,-13.0023,-95.9759,5.0,25.349495,35.82876,201.0109,6.603491612
TARA_B100000967,2011-04-15 12:45:00+00:00,-13.0023,-95.9759,5.0,25.349495,35.82876,201.0109,6.603491612
TARA_B100000968,2011-04-15 12:45:00+00:00,-13.0023,-95.9759,5.0,25.349495,35.82876,201.0109,6.603491612
TARA_B000001483,2011-04-15 12:45:00+00:00,-13.0023,-95.9759,5.0,25.349495,35.82876,201.0109,6.603491612
TARA_B000001484,2011-04-15 12:45:00+00:00,-13.0023,-95.9759,5.0,25.349495,35.82876,201.0109,6.603491612
TARA_N000001604,2011-04-15 12:45:00+00:00,-13.0023,-95.9759,5.0,25.349495,35.82876,201.0109,6.603491612
TARA_N000001605,2011-04-15 12:45:00+00:00,-13.0023,-95.9759,5.0,25.349495,35.82876,201.0109,6.603491612
TARA_N000001608,2011-04-15 12:45:00+00:00,-13.0023,-95.9759,5.0,25.349495,35.82876,201.0109,6.603491612
TARA_N000001609,2011-04-15 12:45:00+00:00,-13.0023,-95.9759,5.0,25.349495,35.82876,201.0109,6.603491612
TARA_N000001624,2011-04-15 12:45:00+00:00,-13.0023,-95.9759,5.0,25.349495,35.82876,201.0109,6.603491612
TARA_N000001625,2011-04-15 12:45:00+00:00,-13.0023,-95.9759,5.0,25.349495,35.82876,201.0109,6.603491612
TARA_B000001479,2011-04-15 12:45:00+00:00,-13.0023,-95.9759,5.0,25.349495,35.82876,201.0109,6.603491612
TARA_B000001480,2011-04-15 12:45:00+00:00,-13.0023,-95.9759,5.0,25.349495,35.82876,201.0109,6.603491612
TARA_B100000963,2011-04-15 12:45:00+00:00,-13.0023,-95.9759,5.0,25.349495,35.82876,201.0109,6.603491612
TARA_B100000964,2011-04-15 12:45:00+00:00,-13.0023,-95.9759,5.0,25.349495,35.82876,201.0109,6.603491612
TARA_Y100000478,2011-04-15 12:45:00+00:00,-13.0023,-95.9759,5.0,25.349495,35.82876,201.0109,6.603491612
TARA_Y100000472,2011-04-15 12:45:00+00:00,-13.0023,-95.9759,5.0,25.349495,35.82876,201.0109,6.603491612
TARA_Y100000470,2011-04-15 12:45:00+00:00,-13.0023,-95.9759,5.0,25.349495,35.82876,201.0109,6.603491612
TARA_R100001440,2011-04-15 12:45:00+00:00,-13.0023,-95.9759,5.0,25.349495,35.82876,201.0109,6.603491612
TARA_R100001441,2011-04-15 12:45:00+00:00,-13.0023,-95.9759,5.0,25.349495,35.82876,201.0109,6.603491612
TARA_R100001442,2011-04-15 12:45:00+00:00,-13.0023,-95.9759,5.0,25.349495,35.82876,201.0109,6.603491612
TARA_G000000341,2011-04-15 12:45:00+00:00,-13.0023,-95.9759,5.0,25.349495,35.82876,201.0109,6.603491612
TARA_G000000342,2011-04-15 12:45:00+00:00,-13.0023,-95.9759,5.0,25.349495,35.82876,201.0109,6.603491612
TARA_P100001864,2011-04-15 13:27:00+00:00,-12.991,-95.9893,5.0,25.349495,35.82876,201.0109,6.603491612
TARA_G100009445,2011-04-15 13:27:00+00:00,-12.991,-95.9893,5.0,25.349495,35.82876,201.0109,6.603491612
TARA_G100009446,2011-04-15 13:27:00+00:00,-12.991,-95.9893,5.0,25.349495,35.82876,201.0109,6.603491612
TARA_G100009453,2011-04-15 13:27:00+00:00,-12.991,-95.9893,5.0,25.349495,35.82876,201.0109,6.603491612
TARA_G100009454,2011-04-15 13:27:00+00:00,-12.991,-95.9893,5.0,25.349495,35.82876,201.0109,6.603491612
TARA_G100009461,2011-04-15 13:27:00+00:00,-12.991,-95.9893,5.0,25.349495,35.82876,201.0109,6.603491612
TARA_G100009462,2011-04-15 13:27:00+00:00,-12.991,-95.9893,5.0,25.349495,35.82876,201.0109,6.603491612
TARA_G100009469,2011-04-15 13:27:00+00:00,-12.991,-95.9893,5.0,25.349495,35.82876,201.0109,6.603491612
TARA_G100009471,2011-04-15 13:27:00+00:00,-12.991,-95.9893,5.0,25.349495,35.82876,201.0109,6.603491612
TARA_G100009449,2011-04-15 13:27:00+00:00,-12.991,-95.9893,5.0,25.349495,35.82876,201.0109,6.603491612
TARA_G100009450,2011-04-15 13:27:00+00:00,-12.991,-95.9893,5.0,25.349495,35.82876,201.0109,6.603491612
TARA_G100009457,2011-04-15 13:27:00+00:00,-12.991,-95.9893,5.0,25.349495,35.82876,201.0109,6.603491612
TARA_G100009458,2011-04-15 13:27:00+00:00,-12.991,-95.9893,5.0,25.349495,35.82876,201.0109,6.603491612
TARA_N000001616,2011-04-15 13:27:00+00:00,-12.991,-95.9893,5.0,25.349495,35.82876,201.0109,6.603491612
TARA_N000001617,2011-04-15 13:27:00+00:00,-12.991,-95.9893,5.0,25.349495,35.82876,201.0109,6.603491612
TARA_N000001632,2011-04-15 13:27:00+00:00,-12.991,-95.9893,5.0,25.349495,35.82876,201.0109,6.603491612
TARA_N000001633,2011-04-15 13:27:00+00:00,-12.991,-95.9893,5.0,25.349495,35.82876,201.0109,6.603491612
TARA_G100009465,2011-04-15 13:27:00+00:00,-12.991,-95.9893,5.0,25.349495,35.82876,201.0109,6.603491612
TARA_G100009466,2011-04-15 13:27:00+00:00,-12.991,-95.9893,5.0,25.349495,35.82876,201.0109,6.603491612
TARA_G100009433,2011-04-15 16:25:00+00:00,-12.9488,-96.0293,5.0,25.349495,35.82876,201.0109,6.603491612
TARA_G100009434,2011-04-15 16:25:00+00:00,-12.9488,-96.0293,5.0,25.349495,35.82876,201.0109,6.603491612
TARA_G100009421,2011-04-15 16:25:00+00:00,-12.9488,-96.0293,5.0,25.349495,35.82876,201.0109,6.603491612
TARA_G100009422,2011-04-15 16:25:00+00:00,-12.9488,-96.0293,5.0,25.349495,35.82876,201.0109,6.603491612
TARA_G100009441,2011-04-15 16:25:00+00:00,-12.9488,-96.0293,5.0,25.349495,35.82876,201.0109,6.603491612
TARA_G100009442,2011-04-15 16:25:00+00:00,-12.9488,-96.0293,5.0,25.349495,35.82876,201.0109,6.603491612
TARA_G100009437,2011-04-15 16:25:00+00:00,-12.9488,-96.0293,5.0,25.349495,35.82876,201.0109,6.603491612
TARA_G100009438,2011-04-15 16:25:00+00:00,-12.9488,-96.0293,5.0,25.349495,35.82876,201.0109,6.603491612
TARA_G100009537,2011-04-15 16:25:00+00:00,-12.9488,-96.0293,5.0,25.349495,35.82876,201.0109,6.603491612
TARA_G100009417,2011-04-15 16:25:00+00:00,-12.9488,-96.0293,5.0,25.349495,35.82876,201.0109,6.603491612
TARA_G100009418,2011-04-15 16:25:00+00:00,-12.9488,-96.0293,5.0,25.349495,35.82876,201.0109,6.603491612
TARA_G100009429,2011-04-15 16:25:00+00:00,-12.9488,-96.0293,5.0,25.349495,35.82876,201.0109,6.603491612
TARA_G100009430,2011-04-15 16:25:00+00:00,-12.9488,-96.0293,5.0,25.349495,35.82876,201.0109,6.603491612
TARA_G100009425,2011-04-15 16:25:00+00:00,-12.9488,-96.0293,5.0,25.349495,35.82876,201.0109,6.603491612
TARA_G100009426,2011-04-15 16:25:00+00:00,-12.9488,-96.0293,5.0,25.349495,35.82876,201.0109,6.603491612
TARA_N000001612,2011-04-15 16:25:00+00:00,-12.9488,-96.0293,5.0,25.349495,35.82876,201.0109,6.603491612
TARA_N000001613,2011-04-15 16:25:00+00:00,-12.9488,-96.0293,5.0,25.349495,35.82876,201.0109,6.603491612
TARA_N000001628,2011-04-15 16:25:00+00:00,-12.9488,-96.0293,5.0,25.349495,35.82876,201.0109,6.603491612
TARA_N000001629,2011-04-15 16:25:00+00:00,-12.9488,-96.0293,5.0,25.349495,35.82876,201.0109,6.603491612
TARA_G000000437,2011-04-15 16:25:00+00:00,-12.9488,-96.0293,5.0,25.349495,35.82876,201.0109,6.603491612
TARA_G000000438,2011-04-15 16:25:00+00:00,-12.9488,-96.0293,5.0,25.349495,35.82876,201.0109,6.603491612
TARA_P100001859,2011-04-15 17:19:00+00:00,-12.9359,-96.0413,5.0,25.349495,35.82876,201.0109,6.603491612
TARA_G100009473,2011-04-15 17:19:00+00:00,-12.9359,-96.0413,5.0,25.349495,35.82876,201.0109,6.603491612
TARA_G100009474,2011-04-15 17:19:00+00:00,-12.9359,-96.0413,5.0,25.349495,35.82876,201.0109,6.603491612
TARA_G100009489,2011-04-15 17:19:00+00:00,-12.9359,-96.0413,5.0,25.349495,35.82876,201.0109,6.603491612
TARA_G100009477,2011-04-15 17:19:00+00:00,-12.9359,-96.0413,5.0,25.349495,35.82876,201.0109,6.603491612
TARA_G100009478,2011-04-15 17:19:00+00:00,-12.9359,-96.0413,5.0,25.349495,35.82876,201.0109,6.603491612
TARA_G100009485,2011-04-15 17:19:00+00:00,-12.9359,-96.0413,5.0,25.349495,35.82876,201.0109,6.603491612
TARA_G100009486,2011-04-15 17:19:00+00:00,-12.9359,-96.0413,5.0,25.349495,35.82876,201.0109,6.603491612
TARA_N000001620,2011-04-15 17:19:00+00:00,-12.9359,-96.0413,5.0,25.349495,35.82876,201.0109,6.603491612
TARA_N000001621,2011-04-15 17:19:00+00:00,-12.9359,-96.0413,5.0,25.349495,35.82876,201.0109,6.603491612
TARA_N000001636,2011-04-15 17:19:00+00:00,-12.9359,-96.0413,5.0,25.349495,35.82876,201.0109,6.603491612
TARA_N000001637,2011-04-15 17:19:00+00:00,-12.9359,-96.0413,5.0,25.349495,35.82876,201.0109,6.603491612
TARA_G100009481,2011-04-15 17:19:00+00:00,-12.9359,-96.0413,5.0,25.349495,35.82876,201.0109,6.603491612
TARA_G100009482,2011-04-15 17:19:00+00:00,-12.9359,-96.0413,5.0,25.349495,35.82876,201.0109,6.603491612
TARA_B000001476,2011-04-15 19:38:00+00:00,-12.9723,-96.0122,50.0,22.596675,35.64227,216.67805,6.829191226
TARA_B000001477,2011-04-15 19:38:00+00:00,-12.9723,-96.0122,50.0,22.596675,35.64227,216.67805,6.829191226
TARA_B000001478,2011-04-15 19:38:00+00:00,-12.9723,-96.0122,50.0,22.596675,35.64227,216.67805,6.829191226
TARA_Y100000482,2011-04-15 19:38:00+00:00,-12.9723,-96.0122,50.0,22.596675,35.64227,216.67805,6.829191226
TARA_Y100000483,2011-04-15 19:38:00+00:00,-12.9723,-96.0122,50.0,22.596675,35.64227,216.67805,6.829191226
TARA_Y000000176,2011-04-15 19:38:00+00:00,-12.9723,-96.0122,50.0,22.596675,35.64227,216.67805,6.829191226
TARA_Y000000177,2011-04-15 19:38:00+00:00,-12.9723,-96.0122,50.0,22.596675,35.64227,216.67805,6.829191226
TARA_R100001438,2011-04-15 19:38:00+00:00,-12.9723,-96.0122,50.0,22.596675,35.64227,216.67805,6.829191226
TARA_R100001439,2011-04-15 19:38:00+00:00,-12.9723,-96.0122,50.0,22.596675,35.64227,216.67805,6.829191226
TARA_R000002027,2011-04-15 19:38:00+00:00,-12.9723,-96.0122,50.0,22.596675,35.64227,216.67805,6.829191226
TARA_R000002038,2011-04-15 19:38:00+00:00,-12.9723,-96.0122,50.0,22.596675,35.64227,216.67805,6.829191226
TARA_R000002039,2011-04-15 19:38:00+00:00,-12.9723,-96.0122,50.0,22.596675,35.64227,216.67805,6.829191226
TARA_G100009415,2011-04-15 19:38:00+00:00,-12.9723,-96.0122,50.0,22.596675,35.64227,216.67805,6.829191226
TARA_G100009416,2011-04-15 19:38:00+00:00,-12.9723,-96.0122,50.0,22.596675,35.64227,216.67805,6.829191226
TARA_G100009435,2011-04-15 19:38:00+00:00,-12.9723,-96.0122,50.0,22.596675,35.64227,216.67805,6.829191226
TARA_G100009436,2011-04-15 19:38:00+00:00,-12.9723,-96.0122,50.0,22.596675,35.64227,216.67805,6.829191226
TARA_G100009423,2011-04-15 19:38:00+00:00,-12.9723,-96.0122,50.0,22.596675,35.64227,216.67805,6.829191226
TARA_G100009424,2011-04-15 19:38:00+00:00,-12.9723,-96.0122,50.0,22.596675,35.64227,216.67805,6.829191226
TARA_G100009407,2011-04-15 19:38:00+00:00,-12.9723,-96.0122,50.0,22.596675,35.64227,216.67805,6.829191226
TARA_G100009408,2011-04-15 19:38:00+00:00,-12.9723,-96.0122,50.0,22.596675,35.64227,216.67805,6.829191226
TARA_G100009443,2011-04-15 19:38:00+00:00,-12.9723,-96.0122,50.0,22.596675,35.64227,216.67805,6.829191226
TARA_G100009444,2011-04-15 19:38:00+00:00,-12.9723,-96.0122,50.0,22.596675,35.64227,216.67805,6.829191226
TARA_B000001503,2011-04-15 19:38:00+00:00,-12.9723,-96.0122,50.0,22.596675,35.64227,216.67805,6.829191226
TARA_B000001504,2011-04-15 19:38:00+00:00,-12.9723,-96.0122,50.0,22.596675,35.64227,216.67805,6.829191226
TARA_B000001505,2011-04-15 19:38:00+00:00,-12.9723,-96.0122,50.0,22.596675,35.64227,216.67805,6.829191226
TARA_B000001506,2011-04-15 19:38:00+00:00,-12.9723,-96.0122,50.0,22.596675,35.64227,216.67805,6.829191226
TARA_R000002035,2011-04-15 19:38:00+00:00,-12.9723,-96.0122,50.0,22.596675,35.64227,216.67805,6.829191226
TARA_R000002036,2011-04-15 19:38:00+00:00,-12.9723,-96.0122,50.0,22.596675,35.64227,216.67805,6.829191226
TARA_R000002037,2011-04-15 19:38:00+00:00,-12.9723,-96.0122,50.0,22.596675,35.64227,216.67805,6.829191226
TARA_R000002030,2011-04-15 19:38:00+00:00,-12.9723,-96.0122,50.0,22.596675,35.64227,216.67805,6.829191226
TARA_R000002031,2011-04-15 19:38:00+00:00,-12.9723,-96.0122,50.0,22.596675,35.64227,216.67805,6.829191226
TARA_G000000348,2011-04-15 19:38:00+00:00,-12.9723,-96.0122,50.0,22.596675,35.64227,216.67805,6.829191226
TARA_G000000349,2011-04-15 19:38:00+00:00,-12.9723,-96.0122,50.0,22.596675,35.64227,216.67805,6.829191226
TARA_G000000350,2011-04-15 19:38:00+00:00,-12.9723,-96.0122,50.0,22.596675,35.64227,216.67805,6.829191226
TARA_G100009439,2011-04-15 19:38:00+00:00,-12.9723,-96.0122,50.0,22.596675,35.64227,216.67805,6.829191226
TARA_G100009440,2011-04-15 19:38:00+00:00,-12.9723,-96.0122,50.0,22.596675,35.64227,216.67805,6.829191226
TARA_G100009419,2011-04-15 19:38:00+00:00,-12.9723,-96.0122,50.0,22.596675,35.64227,216.67805,6.829191226
TARA_G100009420,2011-04-15 19:38:00+00:00,-12.9723,-96.0122,50.0,22.596675,35.64227,216.67805,6.829191226
TARA_B100000892,2011-04-15 19:38:00+00:00,-12.9723,-96.0122,50.0,22.596675,35.64227,216.67805,6.829191226
TARA_B100000894,2011-04-15 19:38:00+00:00,-12.9723,-96.0122,50.0,22.596675,35.64227,216.67805,6.829191226
TARA_B100000895,2011-04-15 19:38:00+00:00,-12.9723,-96.0122,50.0,22.596675,35.64227,216.67805,6.829191226
TARA_R100001452,2011-04-15 19:38:00+00:00,-12.9723,-96.0122,50.0,22.596675,35.64227,216.67805,6.829191226
TARA_R100001453,2011-04-15 19:38:00+00:00,-12.9723,-96.0122,50.0,22.596675,35.64227,216.67805,6.829191226
TARA_R100001454,2011-04-15 19:38:00+00:00,-12.9723,-96.0122,50.0,22.596675,35.64227,216.67805,6.829191226
TARA_G100009411,2011-04-15 19:38:00+00:00,-12.9723,-96.0122,50.0,22.596675,35.64227,216.67805,6.829191226
TARA_G100009412,2011-04-15 19:38:00+00:00,-12.9723,-96.0122,50.0,22.596675,35.64227,216.67805,6.829191226
TARA_G100009431,2011-04-15 19:38:00+00:00,-12.9723,-96.0122,50.0,22.596675,35.64227,216.67805,6.829191226
TARA_G100009432,2011-04-15 19:38:00+00:00,-12.9723,-96.0122,50.0,22.596675,35.64227,216.67805,6.829191226
TARA_G100009427,2011-04-15 19:38:00+00:00,-12.9723,-96.0122,50.0,22.596675,35.64227,216.67805,6.829191226
TARA_G100009428,2011-04-15 19:38:00+00:00,-12.9723,-96.0122,50.0,22.596675,35.64227,216.67805,6.829191226
TARA_R000002021,2011-04-15 19:38:00+00:00,-12.9723,-96.0122,50.0,22.596675,35.64227,216.67805,6.829191226
TARA_R000002022,2011-04-15 19:38:00+00:00,-12.9723,-96.0122,50.0,22.596675,35.64227,216.67805,6.829191226
TARA_R000002023,2011-04-15 19:38:00+00:00,-12.9723,-96.0122,50.0,22.596675,35.64227,216.67805,6.829191226
TARA_R100001448,2011-04-15 19:38:00+00:00,-12.9723,-96.0122,50.0,22.596675,35.64227,216.67805,6.829191226
TARA_R100001449,2011-04-15 19:38:00+00:00,-12.9723,-96.0122,50.0,22.596675,35.64227,216.67805,6.829191226
TARA_G100009403,2011-04-15 19:38:00+00:00,-12.9723,-96.0122,50.0,22.596675,35.64227,216.67805,6.829191226
TARA_G100009404,2011-04-15 19:38:00+00:00,-12.9723,-96.0122,50.0,22.596675,35.64227,216.67805,6.829191226
TARA_B100000969,2011-04-15 19:38:00+00:00,-12.9723,-96.0122,50.0,22.596675,35.64227,216.67805,6.829191226
TARA_B100000970,2011-04-15 19:38:00+00:00,-12.9723,-96.0122,50.0,22.596675,35.64227,216.67805,6.829191226
TARA_B000001485,2011-04-15 19:38:00+00:00,-12.9723,-96.0122,50.0,22.596675,35.64227,216.67805,6.829191226
TARA_B000001486,2011-04-15 19:38:00+00:00,-12.9723,-96.0122,50.0,22.596675,35.64227,216.67805,6.829191226
TARA_N000001606,2011-04-15 19:38:00+00:00,-12.9723,-96.0122,50.0,22.596675,35.64227,216.67805,6.829191226
TARA_N000001607,2011-04-15 19:38:00+00:00,-12.9723,-96.0122,50.0,22.596675,35.64227,216.67805,6.829191226
TARA_N000001610,2011-04-15 19:38:00+00:00,-12.9723,-96.0122,50.0,22.596675,35.64227,216.67805,6.829191226
TARA_N000001611,2011-04-15 19:38:00+00:00,-12.9723,-96.0122,50.0,22.596675,35.64227,216.67805,6.829191226
TARA_N000001626,2011-04-15 19:38:00+00:00,-12.9723,-96.0122,50.0,22.596675,35.64227,216.67805,6.829191226
TARA_N000001627,2011-04-15 19:38:00+00:00,-12.9723,-96.0122,50.0,22.596675,35.64227,216.67805,6.829191226
TARA_B000001481,2011-04-15 19:38:00+00:00,-12.9723,-96.0122,50.0,22.596675,35.64227,216.67805,6.829191226
TARA_B000001482,2011-04-15 19:38:00+00:00,-12.9723,-96.0122,50.0,22.596675,35.64227,216.67805,6.829191226
TARA_B100000965,2011-04-15 19:38:00+00:00,-12.9723,-96.0122,50.0,22.596675,35.64227,216.67805,6.829191226
TARA_B100000966,2011-04-15 19:38:00+00:00,-12.9723,-96.0122,50.0,22.596675,35.64227,216.67805,6.829191226
TARA_N000001614,2011-04-15 19:38:00+00:00,-12.9723,-96.0122,50.0,22.596675,35.64227,216.67805,6.829191226
TARA_N000001615,2011-04-15 19:38:00+00:00,-12.9723,-96.0122,50.0,22.596675,35.64227,216.67805,6.829191226
TARA_N000001630,2011-04-15 19:38:00+00:00,-12.9723,-96.0122,50.0,22.596675,35.64227,216.67805,6.829191226
TARA_N000001631,2011-04-15 19:38:00+00:00,-12.9723,-96.0122,50.0,22.596675,35.64227,216.67805,6.829191226
TARA_Y100000479,2011-04-15 19:38:00+00:00,-12.9723,-96.0122,50.0,22.596675,35.64227,216.67805,6.829191226
TARA_Y100000476,2011-04-15 19:38:00+00:00,-12.9723,-96.0122,50.0,22.596675,35.64227,216.67805,6.829191226
TARA_Y100000477,2011-04-15 19:38:00+00:00,-12.9723,-96.0122,50.0,22.596675,35.64227,216.67805,6.829191226
TARA_Y100000474,2011-04-15 19:38:00+00:00,-12.9723,-96.0122,50.0,22.596675,35.64227,216.67805,6.829191226
TARA_Y100000475,2011-04-15 19:38:00+00:00,-12.9723,-96.0122,50.0,22.596675,35.64227,216.67805,6.829191226
TARA_R100001443,2011-04-15 19:38:00+00:00,-12.9723,-96.0122,50.0,22.596675,35.64227,216.67805,6.829191226
TARA_R100001444,2011-04-15 19:38:00+00:00,-12.9723,-96.0122,50.0,22.596675,35.64227,216.67805,6.829191226
TARA_R100001445,2011-04-15 19:38:00+00:00,-12.9723,-96.0122,50.0,22.596675,35.64227,216.67805,6.829191226
TARA_G000000343,2011-04-15 19:38:00+00:00,-12.9723,-96.0122,50.0,22.596675,35.64227,216.67805,6.829191226
TARA_G000000344,2011-04-15 19:38:00+00:00,-12.9723,-96.0122,50.0,22.596675,35.64227,216.67805,6.829191226
TARA_G000000439,2011-04-15 19:38:00+00:00,-12.9723,-96.0122,50.0,22.596675,35.64227,216.67805,6.829191226
TARA_G000000440,2011-04-15 19:38:00+00:00,-12.9723,-96.0122,50.0,22.596675,35.64227,216.67805,6.829191226
TARA_P100001858,2011-04-15 23:30:00+00:00,-12.9214,-96.0953,50.0,22.02668,35.59612,219.8721,6.829191226
TARA_G100009475,2011-04-15 23:30:00+00:00,-12.9214,-96.0953,50.0,22.02668,35.59612,219.8721,6.829191226
TARA_G100009476,2011-04-15 23:30:00+00:00,-12.9214,-96.0953,50.0,22.02668,35.59612,219.8721,6.829191226
TARA_G100009490,2011-04-15 23:30:00+00:00,-12.9214,-96.0953,50.0,22.02668,35.59612,219.8721,6.829191226
TARA_G100009479,2011-04-15 23:30:00+00:00,-12.9214,-96.0953,50.0,22.02668,35.59612,219.8721,6.829191226
TARA_G100009480,2011-04-15 23:30:00+00:00,-12.9214,-96.0953,50.0,22.02668,35.59612,219.8721,6.829191226
TARA_G100009487,2011-04-15 23:30:00+00:00,-12.9214,-96.0953,50.0,22.02668,35.59612,219.8721,6.829191226
TARA_G100009488,2011-04-15 23:30:00+00:00,-12.9214,-96.0953,50.0,22.02668,35.59612,219.8721,6.829191226
TARA_N000001622,2011-04-15 23:30:00+00:00,-12.9214,-96.0953,50.0,22.02668,35.59612,219.8721,6.829191226
TARA_N000001623,2011-04-15 23:30:00+00:00,-12.9214,-96.0953,50.0,22.02668,35.59612,219.8721,6.829191226
TARA_N000001638,2011-04-15 23:30:00+00:00,-12.9214,-96.0953,50.0,22.02668,35.59612,219.8721,6.829191226
TARA_N000001639,2011-04-15 23:30:00+00:00,-12.9214,-96.0953,50.0,22.02668,35.59612,219.8721,6.829191226
TARA_G100009483,2011-04-15 23:30:00+00:00,-12.9214,-96.0953,50.0,22.02668,35.59612,219.8721,6.829191226
TARA_G100009484,2011-04-15 23:30:00+00:00,-12.9214,-96.0953,50.0,22.02668,35.59612,219.8721,6.829191226
TARA_P100001860,2011-04-16 00:04:00+00:00,-12.9119,-96.1101,50.0,22.02668,35.59612,219.8721,6.829191226
TARA_G100009447,2011-04-16 00:04:00+00:00,-12.9119,-96.1101,50.0,22.02668,35.59612,219.8721,6.829191226
TARA_G100009448,2011-04-16 00:04:00+00:00,-12.9119,-96.1101,50.0,22.02668,35.59612,219.8721,6.829191226
TARA_G100009455,2011-04-16 00:04:00+00:00,-12.9119,-96.1101,50.0,22.02668,35.59612,219.8721,6.829191226
TARA_G100009456,2011-04-16 00:04:00+00:00,-12.9119,-96.1101,50.0,22.02668,35.59612,219.8721,6.829191226
TARA_G100009463,2011-04-16 00:04:00+00:00,-12.9119,-96.1101,50.0,22.02668,35.59612,219.8721,6.829191226
TARA_G100009464,2011-04-16 00:04:00+00:00,-12.9119,-96.1101,50.0,22.02668,35.59612,219.8721,6.829191226
TARA_G100009470,2011-04-16 00:04:00+00:00,-12.9119,-96.1101,50.0,22.02668,35.59612,219.8721,6.829191226
TARA_G100009472,2011-04-16 00:04:00+00:00,-12.9119,-96.1101,50.0,22.02668,35.59612,219.8721,6.829191226
TARA_G100009451,2011-04-16 00:04:00+00:00,-12.9119,-96.1101,50.0,22.02668,35.59612,219.8721,6.829191226
TARA_G100009452,2011-04-16 00:04:00+00:00,-12.9119,-96.1101,50.0,22.02668,35.59612,219.8721,6.829191226
TARA_G100009459,2011-04-16 00:04:00+00:00,-12.9119,-96.1101,50.0,22.02668,35.59612,219.8721,6.829191226
TARA_G100009460,2011-04-16 00:04:00+00:00,-12.9119,-96.1101,50.0,22.02668,35.59612,219.8721,6.829191226
TARA_N000001618,2011-04-16 00:04:00+00:00,-12.9119,-96.1101,50.0,22.02668,35.59612,219.8721,6.829191226
TARA_N000001619,2011-04-16 00:04:00+00:00,-12.9119,-96.1101,50.0,22.02668,35.59612,219.8721,6.829191226
TARA_N000001634,2011-04-16 00:04:00+00:00,-12.9119,-96.1101,50.0,22.02668,35.59612,219.8721,6.829191226
TARA_N000001635,2011-04-16 00:04:00+00:00,-12.9119,-96.1101,50.0,22.02668,35.59612,219.8721,6.829191226
TARA_G100009467,2011-04-16 00:04:00+00:00,-12.9119,-96.1101,50.0,22.02668,35.59612,219.8721,6.829191226
TARA_G100009468,2011-04-16 00:04:00+00:00,-12.9119,-96.1101,50.0,22.02668,35.59612,219.8721,6.829191226
TARA_B000001487,2011-04-16 13:03:00+00:00,-12.9794,-96.0232,177.0,12.806365,34.82775,3.4942,6.67828735
TARA_B000001488,2011-04-16 13:03:00+00:00,-12.9794,-96.0232,177.0,12.806365,34.82775,3.4942,6.67828735
TARA_B000001489,2011-04-16 13:03:00+00:00,-12.9794,-96.0232,177.0,12.806365,34.82775,3.4942,6.67828735
TARA_Y100000672,2011-04-16 13:03:00+00:00,-12.9794,-96.0232,177.0,12.806365,34.82775,3.4942,6.67828735
TARA_Y100000673,2011-04-16 13:03:00+00:00,-12.9794,-96.0232,177.0,12.806365,34.82775,3.4942,6.67828735
TARA_Y000000172,2011-04-16 13:03:00+00:00,-12.9794,-96.0232,177.0,12.806365,34.82775,3.4942,6.67828735
TARA_Y000000173,2011-04-16 13:03:00+00:00,-12.9794,-96.0232,177.0,12.806365,34.82775,3.4942,6.67828735
TARA_R100001528,2011-04-16 13:03:00+00:00,-12.9794,-96.0232,177.0,12.806365,34.82775,3.4942,6.67828735
TARA_R100001529,2011-04-16 13:03:00+00:00,-12.9794,-96.0232,177.0,12.806365,34.82775,3.4942,6.67828735
TARA_R000001934,2011-04-16 13:03:00+00:00,-12.9794,-96.0232,177.0,12.806365,34.82775,3.4942,6.67828735
TARA_R000001935,2011-04-16 13:03:00+00:00,-12.9794,-96.0232,177.0,12.806365,34.82775,3.4942,6.67828735
TARA_R000001936,2011-04-16 13:03:00+00:00,-12.9794,-96.0232,177.0,12.806365,34.82775,3.4942,6.67828735
TARA_G100009491,2011-04-16 13:03:00+00:00,-12.9794,-96.0232,177.0,12.806365,34.82775,3.4942,6.67828735
TARA_G100009492,2011-04-16 13:03:00+00:00,-12.9794,-96.0232,177.0,12.806365,34.82775,3.4942,6.67828735
TARA_G100009499,2011-04-16 13:03:00+00:00,-12.9794,-96.0232,177.0,12.806365,34.82775,3.4942,6.67828735
TARA_G100009500,2011-04-16 13:03:00+00:00,-12.9794,-96.0232,177.0,12.806365,34.82775,3.4942,6.67828735
TARA_B000001490,2011-04-16 13:03:00+00:00,-12.9794,-96.0232,177.0,12.806365,34.82775,3.4942,6.67828735
TARA_B000001495,2011-04-16 13:03:00+00:00,-12.9794,-96.0232,177.0,12.806365,34.82775,3.4942,6.67828735
TARA_B000001496,2011-04-16 13:03:00+00:00,-12.9794,-96.0232,177.0,12.806365,34.82775,3.4942,6.67828735
TARA_B000001497,2011-04-16 13:03:00+00:00,-12.9794,-96.0232,177.0,12.806365,34.82775,3.4942,6.67828735
TARA_B000001498,2011-04-16 13:03:00+00:00,-12.9794,-96.0232,177.0,12.806365,34.82775,3.4942,6.67828735
TARA_R000001931,2011-04-16 13:03:00+00:00,-12.9794,-96.0232,177.0,12.806365,34.82775,3.4942,6.67828735
TARA_R000001932,2011-04-16 13:03:00+00:00,-12.9794,-96.0232,177.0,12.806365,34.82775,3.4942,6.67828735
TARA_R000001933,2011-04-16 13:03:00+00:00,-12.9794,-96.0232,177.0,12.806365,34.82775,3.4942,6.67828735
TARA_R000001929,2011-04-16 13:03:00+00:00,-12.9794,-96.0232,177.0,12.806365,34.82775,3.4942,6.67828735
TARA_R000001930,2011-04-16 13:03:00+00:00,-12.9794,-96.0232,177.0,12.806365,34.82775,3.4942,6.67828735
TARA_G100009497,2011-04-16 13:03:00+00:00,-12.9794,-96.0232,177.0,12.806365,34.82775,3.4942,6.67828735
TARA_G100009498,2011-04-16 13:03:00+00:00,-12.9794,-96.0232,177.0,12.806365,34.82775,3.4942,6.67828735
TARA_G100009501,2011-04-16 13:03:00+00:00,-12.9794,-96.0232,177.0,12.806365,34.82775,3.4942,6.67828735
TARA_G100009493,2011-04-16 13:03:00+00:00,-12.9794,-96.0232,177.0,12.806365,34.82775,3.4942,6.67828735
TARA_G100009494,2011-04-16 13:03:00+00:00,-12.9794,-96.0232,177.0,12.806365,34.82775,3.4942,6.67828735
TARA_B100000957,2011-04-16 13:03:00+00:00,-12.9794,-96.0232,177.0,12.806365,34.82775,3.4942,6.67828735
TARA_B100000958,2011-04-16 13:03:00+00:00,-12.9794,-96.0232,177.0,12.806365,34.82775,3.4942,6.67828735
TARA_R100001535,2011-04-16 13:03:00+00:00,-12.9794,-96.0232,177.0,12.806365,34.82775,3.4942,6.67828735
TARA_R100001536,2011-04-16 13:03:00+00:00,-12.9794,-96.0232,177.0,12.806365,34.82775,3.4942,6.67828735
TARA_G100009495,2011-04-16 13:03:00+00:00,-12.9794,-96.0232,177.0,12.806365,34.82775,3.4942,6.67828735
TARA_G100009496,2011-04-16 13:03:00+00:00,-12.9794,-96.0232,177.0,12.806365,34.82775,3.4942,6.67828735
TARA_R000001926,2011-04-16 13:03:00+00:00,-12.9794,-96.0232,177.0,12.806365,34.82775,3.4942,6.67828735
TARA_R000001927,2011-04-16 13:03:00+00:00,-12.9794,-96.0232,177.0,12.806365,34.82775,3.4942,6.67828735
TARA_R000001928,2011-04-16 13:03:00+00:00,-12.9794,-96.0232,177.0,12.806365,34.82775,3.4942,6.67828735
TARA_R100001533,2011-04-16 13:03:00+00:00,-12.9794,-96.0232,177.0,12.806365,34.82775,3.4942,6.67828735
TARA_R100001534,2011-04-16 13:03:00+00:00,-12.9794,-96.0232,177.0,12.806365,34.82775,3.4942,6.67828735
TARA_B100000961,2011-04-16 13:03:00+00:00,-12.9794,-96.0232,177.0,12.806365,34.82775,3.4942,6.67828735
TARA_B100000962,2011-04-16 13:03:00+00:00,-12.9794,-96.0232,177.0,12.806365,34.82775,3.4942,6.67828735
TARA_B000001493,2011-04-16 13:03:00+00:00,-12.9794,-96.0232,177.0,12.806365,34.82775,3.4942,6.67828735
TARA_B000001494,2011-04-16 13:03:00+00:00,-12.9794,-96.0232,177.0,12.806365,34.82775,3.4942,6.67828735
TARA_N000001641,2011-04-16 13:03:00+00:00,-12.9794,-96.0232,177.0,12.806365,34.82775,3.4942,6.67828735
TARA_N000001643,2011-04-16 13:03:00+00:00,-12.9794,-96.0232,177.0,12.806365,34.82775,3.4942,6.67828735
TARA_N000001645,2011-04-16 13:03:00+00:00,-12.9794,-96.0232,177.0,12.806365,34.82775,3.4942,6.67828735
TARA_N000001640,2011-04-16 13:03:00+00:00,-12.9794,-96.0232,177.0,12.806365,34.82775,3.4942,6.67828735
TARA_N000001642,2011-04-16 13:03:00+00:00,-12.9794,-96.0232,177.0,12.806365,34.82775,3.4942,6.67828735
TARA_N000001644,2011-04-16 13:03:00+00:00,-12.9794,-96.0232,177.0,12.806365,34.82775,3.4942,6.67828735
TARA_B000001491,2011-04-16 13:03:00+00:00,-12.9794,-96.0232,177.0,12.806365,34.82775,3.4942,6.67828735
TARA_B000001492,2011-04-16 13:03:00+00:00,-12.9794,-96.0232,177.0,12.806365,34.82775,3.4942,6.67828735
TARA_B100000959,2011-04-16 13:03:00+00:00,-12.9794,-96.0232,177.0,12.806365,34.82775,3.4942,6.67828735
TARA_B100000960,2011-04-16 13:03:00+00:00,-12.9794,-96.0232,177.0,12.806365,34.82775,3.4942,6.67828735
TARA_Y100000671,2011-04-16 13:03:00+00:00,-12.9794,-96.0232,177.0,12.806365,34.82775,3.4942,6.67828735
TARA_Y100000669,2011-04-16 13:03:00+00:00,-12.9794,-96.0232,177.0,12.806365,34.82775,3.4942,6.67828735
TARA_Y100000670,2011-04-16 13:03:00+00:00,-12.9794,-96.0232,177.0,12.806365,34.82775,3.4942,6.67828735
TARA_Y100000667,2011-04-16 13:03:00+00:00,-12.9794,-96.0232,177.0,12.806365,34.82775,3.4942,6.67828735
TARA_Y100000668,2011-04-16 13:03:00+00:00,-12.9794,-96.0232,177.0,12.806365,34.82775,3.4942,6.67828735
TARA_R100001530,2011-04-16 13:03:00+00:00,-12.9794,-96.0232,177.0,12.806365,34.82775,3.4942,6.67828735
TARA_R100001531,2011-04-16 13:03:00+00:00,-12.9794,-96.0232,177.0,12.806365,34.82775,3.4942,6.67828735
TARA_R100001532,2011-04-16 13:03:00+00:00,-12.9794,-96.0232,177.0,12.806365,34.82775,3.4942,6.67828735
TARA_G000000432,2011-04-16 13:03:00+00:00,-12.9794,-96.0232,177.0,12.806365,34.82775,3.4942,6.67828735
TARA_G000000433,2011-04-16 13:03:00+00:00,-12.9794,-96.0232,177.0,12.806365,34.82775,3.4942,6.67828735
TARA_P100001871,2011-04-16 19:54:00+00:00,-12.9052,-96.1567,5.0,25.435125,35.81793,200.9027,6.603491612
TARA_K100000204,2011-04-16 19:54:00+00:00,-12.9052,-96.1567,5.0,25.435125,35.81793,200.9027,6.603491612
TARA_B000001185,2011-04-21 20:07:00+00:00,-5.2529,-85.1545,5.0,24.958885,34.764535,204.421,6.615299747
TARA_B000001186,2011-04-21 20:07:00+00:00,-5.2529,-85.1545,5.0,24.958885,34.764535,204.421,6.615299747
TARA_B000001187,2011-04-21 20:07:00+00:00,-5.2529,-85.1545,5.0,24.958885,34.764535,204.421,6.615299747
TARA_Y100000490,2011-04-21 20:07:00+00:00,-5.2529,-85.1545,5.0,24.958885,34.764535,204.421,6.615299747
TARA_Y100000491,2011-04-21 20:07:00+00:00,-5.2529,-85.1545,5.0,24.958885,34.764535,204.421,6.615299747
TARA_Y000000178,2011-04-21 20:07:00+00:00,-5.2529,-85.1545,5.0,24.958885,34.764535,204.421,6.615299747
TARA_Y000000179,2011-04-21 20:07:00+00:00,-5.2529,-85.1545,5.0,24.958885,34.764535,204.421,6.615299747
TARA_R100001456,2011-04-21 20:07:00+00:00,-5.2529,-85.1545,5.0,24.958885,34.764535,204.421,6.615299747
TARA_R100001457,2011-04-21 20:07:00+00:00,-5.2529,-85.1545,5.0,24.958885,34.764535,204.421,6.615299747
TARA_R000002012,2011-04-21 20:07:00+00:00,-5.2529,-85.1545,5.0,24.958885,34.764535,204.421,6.615299747
TARA_R000002013,2011-04-21 20:07:00+00:00,-5.2529,-85.1545,5.0,24.958885,34.764535,204.421,6.615299747
TARA_R000002014,2011-04-21 20:07:00+00:00,-5.2529,-85.1545,5.0,24.958885,34.764535,204.421,6.615299747
TARA_G100009593,2011-04-21 20:07:00+00:00,-5.2529,-85.1545,5.0,24.958885,34.764535,204.421,6.615299747
TARA_G100009596,2011-04-21 20:07:00+00:00,-5.2529,-85.1545,5.0,24.958885,34.764535,204.421,6.615299747
TARA_G100009585,2011-04-21 20:07:00+00:00,-5.2529,-85.1545,5.0,24.958885,34.764535,204.421,6.615299747
TARA_G100009586,2011-04-21 20:07:00+00:00,-5.2529,-85.1545,5.0,24.958885,34.764535,204.421,6.615299747
TARA_B000001177,2011-04-21 20:07:00+00:00,-5.2529,-85.1545,5.0,24.958885,34.764535,204.421,6.615299747
TARA_B000001178,2011-04-21 20:07:00+00:00,-5.2529,-85.1545,5.0,24.958885,34.764535,204.421,6.615299747
TARA_B000001179,2011-04-21 20:07:00+00:00,-5.2529,-85.1545,5.0,24.958885,34.764535,204.421,6.615299747
TARA_B000001180,2011-04-21 20:07:00+00:00,-5.2529,-85.1545,5.0,24.958885,34.764535,204.421,6.615299747
TARA_R000001996,2011-04-21 20:07:00+00:00,-5.2529,-85.1545,5.0,24.958885,34.764535,204.421,6.615299747
TARA_R000001997,2011-04-21 20:07:00+00:00,-5.2529,-85.1545,5.0,24.958885,34.764535,204.421,6.615299747
TARA_R000001998,2011-04-21 20:07:00+00:00,-5.2529,-85.1545,5.0,24.958885,34.764535,204.421,6.615299747
TARA_R000002008,2011-04-21 20:07:00+00:00,-5.2529,-85.1545,5.0,24.958885,34.764535,204.421,6.615299747
TARA_R000002009,2011-04-21 20:07:00+00:00,-5.2529,-85.1545,5.0,24.958885,34.764535,204.421,6.615299747
TARA_G000002038,2011-04-21 20:07:00+00:00,-5.2529,-85.1545,5.0,24.958885,34.764535,204.421,6.615299747
TARA_G000002039,2011-04-21 20:07:00+00:00,-5.2529,-85.1545,5.0,24.958885,34.764535,204.421,6.615299747
TARA_G000002040,2011-04-21 20:07:00+00:00,-5.2529,-85.1545,5.0,24.958885,34.764535,204.421,6.615299747
TARA_B100000904,2011-04-21 20:07:00+00:00,-5.2529,-85.1545,5.0,24.958885,34.764535,204.421,6.615299747
TARA_B100000905,2011-04-21 20:07:00+00:00,-5.2529,-85.1545,5.0,24.958885,34.764535,204.421,6.615299747
TARA_B100000906,2011-04-21 20:07:00+00:00,-5.2529,-85.1545,5.0,24.958885,34.764535,204.421,6.615299747
TARA_R100001470,2011-04-21 20:07:00+00:00,-5.2529,-85.1545,5.0,24.958885,34.764535,204.421,6.615299747
TARA_R100001471,2011-04-21 20:07:00+00:00,-5.2529,-85.1545,5.0,24.958885,34.764535,204.421,6.615299747
TARA_R100001472,2011-04-21 20:07:00+00:00,-5.2529,-85.1545,5.0,24.958885,34.764535,204.421,6.615299747
TARA_G100009589,2011-04-21 20:07:00+00:00,-5.2529,-85.1545,5.0,24.958885,34.764535,204.421,6.615299747
TARA_G100009590,2011-04-21 20:07:00+00:00,-5.2529,-85.1545,5.0,24.958885,34.764535,204.421,6.615299747
TARA_R000001985,2011-04-21 20:07:00+00:00,-5.2529,-85.1545,5.0,24.958885,34.764535,204.421,6.615299747
TARA_R000002002,2011-04-21 20:07:00+00:00,-5.2529,-85.1545,5.0,24.958885,34.764535,204.421,6.615299747
TARA_R000002003,2011-04-21 20:07:00+00:00,-5.2529,-85.1545,5.0,24.958885,34.764535,204.421,6.615299747
TARA_R000002004,2011-04-21 20:07:00+00:00,-5.2529,-85.1545,5.0,24.958885,34.764535,204.421,6.615299747
TARA_R100001466,2011-04-21 20:07:00+00:00,-5.2529,-85.1545,5.0,24.958885,34.764535,204.421,6.615299747
TARA_R100001467,2011-04-21 20:07:00+00:00,-5.2529,-85.1545,5.0,24.958885,34.764535,204.421,6.615299747
TARA_G100009581,2011-04-21 20:07:00+00:00,-5.2529,-85.1545,5.0,24.958885,34.764535,204.421,6.615299747
TARA_G100009582,2011-04-21 20:07:00+00:00,-5.2529,-85.1545,5.0,24.958885,34.764535,204.421,6.615299747
TARA_B100000896,2011-04-21 20:07:00+00:00,-5.2529,-85.1545,5.0,24.958885,34.764535,204.421,6.615299747
TARA_B100000897,2011-04-21 20:07:00+00:00,-5.2529,-85.1545,5.0,24.958885,34.764535,204.421,6.615299747
TARA_B000001510,2011-04-21 20:07:00+00:00,-5.2529,-85.1545,5.0,24.958885,34.764535,204.421,6.615299747
TARA_B000001511,2011-04-21 20:07:00+00:00,-5.2529,-85.1545,5.0,24.958885,34.764535,204.421,6.615299747
TARA_N000001646,2011-04-21 20:07:00+00:00,-5.2529,-85.1545,5.0,24.958885,34.764535,204.421,6.615299747
TARA_N000001647,2011-04-21 20:07:00+00:00,-5.2529,-85.1545,5.0,24.958885,34.764535,204.421,6.615299747
TARA_N000001650,2011-04-21 20:07:00+00:00,-5.2529,-85.1545,5.0,24.958885,34.764535,204.421,6.615299747
TARA_N000001651,2011-04-21 20:07:00+00:00,-5.2529,-85.1545,5.0,24.958885,34.764535,204.421,6.615299747
TARA_N000001666,2011-04-21 20:07:00+00:00,-5.2529,-85.1545,5.0,24.958885,34.764535,204.421,6.615299747
TARA_N000001667,2011-04-21 20:07:00+00:00,-5.2529,-85.1545,5.0,24.958885,34.764535,204.421,6.615299747
TARA_B000001508,2011-04-21 20:07:00+00:00,-5.2529,-85.1545,5.0,24.958885,34.764535,204.421,6.615299747
TARA_B000001509,2011-04-21 20:07:00+00:00,-5.2529,-85.1545,5.0,24.958885,34.764535,204.421,6.615299747
TARA_B100000900,2011-04-21 20:07:00+00:00,-5.2529,-85.1545,5.0,24.958885,34.764535,204.421,6.615299747
TARA_B100000901,2011-04-21 20:07:00+00:00,-5.2529,-85.1545,5.0,24.958885,34.764535,204.421,6.615299747
TARA_Y100000488,2011-04-21 20:07:00+00:00,-5.2529,-85.1545,5.0,24.958885,34.764535,204.421,6.615299747
TARA_Y100000494,2011-04-21 20:07:00+00:00,-5.2529,-85.1545,5.0,24.958885,34.764535,204.421,6.615299747
TARA_Y100000495,2011-04-21 20:07:00+00:00,-5.2529,-85.1545,5.0,24.958885,34.764535,204.421,6.615299747
TARA_Y100000484,2011-04-21 20:07:00+00:00,-5.2529,-85.1545,5.0,24.958885,34.764535,204.421,6.615299747
TARA_Y100000485,2011-04-21 20:07:00+00:00,-5.2529,-85.1545,5.0,24.958885,34.764535,204.421,6.615299747
TARA_R100001460,2011-04-21 20:07:00+00:00,-5.2529,-85.1545,5.0,24.958885,34.764535,204.421,6.615299747
TARA_R100001461,2011-04-21 20:07:00+00:00,-5.2529,-85.1545,5.0,24.958885,34.764535,204.421,6.615299747
TARA_R100001462,2011-04-21 20:07:00+00:00,-5.2529,-85.1545,5.0,24.958885,34.764535,204.421,6.615299747
TARA_G000002033,2011-04-21 20:07:00+00:00,-5.2529,-85.1545,5.0,24.958885,34.764535,204.421,6.615299747
TARA_G000002035,2011-04-21 20:07:00+00:00,-5.2529,-85.1545,5.0,24.958885,34.764535,204.421,6.615299747
TARA_P100001872,2011-04-21 20:42:00+00:00,-5.2514,-85.1696,5.0,24.958885,34.764535,204.421,6.615299747
TARA_G100009625,2011-04-21 20:42:00+00:00,-5.2514,-85.1696,5.0,24.958885,34.764535,204.421,6.615299747
TARA_G100009626,2011-04-21 20:42:00+00:00,-5.2514,-85.1696,5.0,24.958885,34.764535,204.421,6.615299747
TARA_G100009633,2011-04-21 20:42:00+00:00,-5.2514,-85.1696,5.0,24.958885,34.764535,204.421,6.615299747
TARA_G100009634,2011-04-21 20:42:00+00:00,-5.2514,-85.1696,5.0,24.958885,34.764535,204.421,6.615299747
TARA_G100009641,2011-04-21 20:42:00+00:00,-5.2514,-85.1696,5.0,24.958885,34.764535,204.421,6.615299747
TARA_G100009642,2011-04-21 20:42:00+00:00,-5.2514,-85.1696,5.0,24.958885,34.764535,204.421,6.615299747
TARA_G100009649,2011-04-21 20:42:00+00:00,-5.2514,-85.1696,5.0,24.958885,34.764535,204.421,6.615299747
TARA_G100009651,2011-04-21 20:42:00+00:00,-5.2514,-85.1696,5.0,24.958885,34.764535,204.421,6.615299747
TARA_G100009629,2011-04-21 20:42:00+00:00,-5.2514,-85.1696,5.0,24.958885,34.764535,204.421,6.615299747
TARA_G100009630,2011-04-21 20:42:00+00:00,-5.2514,-85.1696,5.0,24.958885,34.764535,204.421,6.615299747
TARA_G100009637,2011-04-21 20:42:00+00:00,-5.2514,-85.1696,5.0,24.958885,34.764535,204.421,6.615299747
TARA_G100009638,2011-04-21 20:42:00+00:00,-5.2514,-85.1696,5.0,24.958885,34.764535,204.421,6.615299747
TARA_N000001658,2011-04-21 20:42:00+00:00,-5.2514,-85.1696,5.0,24.958885,34.764535,204.421,6.615299747
TARA_N000001659,2011-04-21 20:42:00+00:00,-5.2514,-85.1696,5.0,24.958885,34.764535,204.421,6.615299747
TARA_N000001674,2011-04-21 20:42:00+00:00,-5.2514,-85.1696,5.0,24.958885,34.764535,204.421,6.615299747
TARA_N000001675,2011-04-21 20:42:00+00:00,-5.2514,-85.1696,5.0,24.958885,34.764535,204.421,6.615299747
TARA_G100009645,2011-04-21 20:42:00+00:00,-5.2514,-85.1696,5.0,24.958885,34.764535,204.421,6.615299747
TARA_G100009646,2011-04-21 20:42:00+00:00,-5.2514,-85.1696,5.0,24.958885,34.764535,204.421,6.615299747
TARA_G100009613,2011-04-21 22:22:00+00:00,-5.252,-85.2052,5.0,24.958885,34.764535,204.421,6.615299747
TARA_G100009614,2011-04-21 22:22:00+00:00,-5.252,-85.2052,5.0,24.958885,34.764535,204.421,6.615299747
TARA_G100009601,2011-04-21 22:22:00+00:00,-5.252,-85.2052,5.0,24.958885,34.764535,204.421,6.615299747
TARA_G100009602,2011-04-21 22:22:00+00:00,-5.252,-85.2052,5.0,24.958885,34.764535,204.421,6.615299747
TARA_G100009621,2011-04-21 22:22:00+00:00,-5.252,-85.2052,5.0,24.958885,34.764535,204.421,6.615299747
TARA_G100009622,2011-04-21 22:22:00+00:00,-5.252,-85.2052,5.0,24.958885,34.764535,204.421,6.615299747
TARA_G100009617,2011-04-21 22:22:00+00:00,-5.252,-85.2052,5.0,24.958885,34.764535,204.421,6.615299747
TARA_G100009618,2011-04-21 22:22:00+00:00,-5.252,-85.2052,5.0,24.958885,34.764535,204.421,6.615299747
TARA_G100009597,2011-04-21 22:22:00+00:00,-5.252,-85.2052,5.0,24.958885,34.764535,204.421,6.615299747
TARA_G100009598,2011-04-21 22:22:00+00:00,-5.252,-85.2052,5.0,24.958885,34.764535,204.421,6.615299747
TARA_G100009609,2011-04-21 22:22:00+00:00,-5.252,-85.2052,5.0,24.958885,34.764535,204.421,6.615299747
TARA_G100009610,2011-04-21 22:22:00+00:00,-5.252,-85.2052,5.0,24.958885,34.764535,204.421,6.615299747
TARA_G100009605,2011-04-21 22:22:00+00:00,-5.252,-85.2052,5.0,24.958885,34.764535,204.421,6.615299747
TARA_G100009606,2011-04-21 22:22:00+00:00,-5.252,-85.2052,5.0,24.958885,34.764535,204.421,6.615299747
TARA_N000001654,2011-04-21 22:22:00+00:00,-5.252,-85.2052,5.0,24.958885,34.764535,204.421,6.615299747
TARA_N000001655,2011-04-21 22:22:00+00:00,-5.252,-85.2052,5.0,24.958885,34.764535,204.421,6.615299747
TARA_N000001670,2011-04-21 22:22:00+00:00,-5.252,-85.2052,5.0,24.958885,34.764535,204.421,6.615299747
TARA_N000001671,2011-04-21 22:22:00+00:00,-5.252,-85.2052,5.0,24.958885,34.764535,204.421,6.615299747
TARA_G000002042,2011-04-21 22:22:00+00:00,-5.252,-85.2052,5.0,24.958885,34.764535,204.421,6.615299747
TARA_G000002043,2011-04-21 22:22:00+00:00,-5.252,-85.2052,5.0,24.958885,34.764535,204.421,6.615299747
TARA_P100001700,2011-04-21 23:03:00+00:00,-5.2537,-85.2221,5.0,24.958885,34.764535,204.421,6.615299747
TARA_G100009653,2011-04-21 23:03:00+00:00,-5.2537,-85.2221,5.0,24.958885,34.764535,204.421,6.615299747
TARA_G100009654,2011-04-21 23:03:00+00:00,-5.2537,-85.2221,5.0,24.958885,34.764535,204.421,6.615299747
TARA_G100009669,2011-04-21 23:03:00+00:00,-5.2537,-85.2221,5.0,24.958885,34.764535,204.421,6.615299747
TARA_G100009657,2011-04-21 23:03:00+00:00,-5.2537,-85.2221,5.0,24.958885,34.764535,204.421,6.615299747
TARA_G100009658,2011-04-21 23:03:00+00:00,-5.2537,-85.2221,5.0,24.958885,34.764535,204.421,6.615299747
TARA_G100009665,2011-04-21 23:03:00+00:00,-5.2537,-85.2221,5.0,24.958885,34.764535,204.421,6.615299747
TARA_G100009666,2011-04-21 23:03:00+00:00,-5.2537,-85.2221,5.0,24.958885,34.764535,204.421,6.615299747
TARA_N000001662,2011-04-21 23:03:00+00:00,-5.2537,-85.2221,5.0,24.958885,34.764535,204.421,6.615299747
TARA_N000001663,2011-04-21 23:03:00+00:00,-5.2537,-85.2221,5.0,24.958885,34.764535,204.421,6.615299747
TARA_N000001678,2011-04-21 23:03:00+00:00,-5.2537,-85.2221,5.0,24.958885,34.764535,204.421,6.615299747
TARA_N000001679,2011-04-21 23:03:00+00:00,-5.2537,-85.2221,5.0,24.958885,34.764535,204.421,6.615299747
TARA_G100009661,2011-04-21 23:03:00+00:00,-5.2537,-85.2221,5.0,24.958885,34.764535,204.421,6.615299747
TARA_G100009662,2011-04-21 23:03:00+00:00,-5.2537,-85.2221,5.0,24.958885,34.764535,204.421,6.615299747
TARA_B000001199,2011-04-22 12:08:00+00:00,-5.261,-85.1678,480.0,9.137438,34.692094,5.148,6.680479401
TARA_B000001200,2011-04-22 12:08:00+00:00,-5.261,-85.1678,480.0,9.137438,34.692094,5.148,6.680479401
TARA_B000001201,2011-04-22 12:08:00+00:00,-5.261,-85.1678,480.0,9.137438,34.692094,5.148,6.680479401
TARA_B000001202,2011-04-22 12:08:00+00:00,-5.261,-85.1678,480.0,9.137438,34.692094,5.148,6.680479401
TARA_Y100000503,2011-04-22 12:08:00+00:00,-5.261,-85.1678,480.0,9.137438,34.692094,5.148,6.680479401
TARA_Y100000504,2011-04-22 12:08:00+00:00,-5.261,-85.1678,480.0,9.137438,34.692094,5.148,6.680479401
TARA_Y000000182,2011-04-22 12:08:00+00:00,-5.261,-85.1678,480.0,9.137438,34.692094,5.148,6.680479401
TARA_Y000000183,2011-04-22 12:08:00+00:00,-5.261,-85.1678,480.0,9.137438,34.692094,5.148,6.680479401
TARA_R100001478,2011-04-22 12:08:00+00:00,-5.261,-85.1678,480.0,9.137438,34.692094,5.148,6.680479401
TARA_R100001479,2011-04-22 12:08:00+00:00,-5.261,-85.1678,480.0,9.137438,34.692094,5.148,6.680479401
TARA_R000001993,2011-04-22 12:08:00+00:00,-5.261,-85.1678,480.0,9.137438,34.692094,5.148,6.680479401
TARA_R000001994,2011-04-22 12:08:00+00:00,-5.261,-85.1678,480.0,9.137438,34.692094,5.148,6.680479401
TARA_R000001995,2011-04-22 12:08:00+00:00,-5.261,-85.1678,480.0,9.137438,34.692094,5.148,6.680479401
TARA_G100009671,2011-04-22 12:08:00+00:00,-5.261,-85.1678,480.0,9.137438,34.692094,5.148,6.680479401
TARA_G100009672,2011-04-22 12:08:00+00:00,-5.261,-85.1678,480.0,9.137438,34.692094,5.148,6.680479401
TARA_G100009679,2011-04-22 12:08:00+00:00,-5.261,-85.1678,480.0,9.137438,34.692094,5.148,6.680479401
TARA_G100009680,2011-04-22 12:08:00+00:00,-5.261,-85.1678,480.0,9.137438,34.692094,5.148,6.680479401
TARA_B000001195,2011-04-22 12:08:00+00:00,-5.261,-85.1678,480.0,9.137438,34.692094,5.148,6.680479401
TARA_B000001196,2011-04-22 12:08:00+00:00,-5.261,-85.1678,480.0,9.137438,34.692094,5.148,6.680479401
TARA_B000001197,2011-04-22 12:08:00+00:00,-5.261,-85.1678,480.0,9.137438,34.692094,5.148,6.680479401
TARA_B000001198,2011-04-22 12:08:00+00:00,-5.261,-85.1678,480.0,9.137438,34.692094,5.148,6.680479401
TARA_R000001990,2011-04-22 12:08:00+00:00,-5.261,-85.1678,480.0,9.137438,34.692094,5.148,6.680479401
TARA_R000001991,2011-04-22 12:08:00+00:00,-5.261,-85.1678,480.0,9.137438,34.692094,5.148,6.680479401
TARA_R000001992,2011-04-22 12:08:00+00:00,-5.261,-85.1678,480.0,9.137438,34.692094,5.148,6.680479401
TARA_R000001988,2011-04-22 12:08:00+00:00,-5.261,-85.1678,480.0,9.137438,34.692094,5.148,6.680479401
TARA_R000001989,2011-04-22 12:08:00+00:00,-5.261,-85.1678,480.0,9.137438,34.692094,5.148,6.680479401
TARA_G000002048,2011-04-22 12:08:00+00:00,-5.261,-85.1678,480.0,9.137438,34.692094,5.148,6.680479401
TARA_G000002049,2011-04-22 12:08:00+00:00,-5.261,-85.1678,480.0,9.137438,34.692094,5.148,6.680479401
TARA_G000002050,2011-04-22 12:08:00+00:00,-5.261,-85.1678,480.0,9.137438,34.692094,5.148,6.680479401
TARA_G100009677,2011-04-22 12:08:00+00:00,-5.261,-85.1678,480.0,9.137438,34.692094,5.148,6.680479401
TARA_G100009678,2011-04-22 12:08:00+00:00,-5.261,-85.1678,480.0,9.137438,34.692094,5.148,6.680479401
TARA_G100009681,2011-04-22 12:08:00+00:00,-5.261,-85.1678,480.0,9.137438,34.692094,5.148,6.680479401
TARA_G100009673,2011-04-22 12:08:00+00:00,-5.261,-85.1678,480.0,9.137438,34.692094,5.148,6.680479401
TARA_G100009674,2011-04-22 12:08:00+00:00,-5.261,-85.1678,480.0,9.137438,34.692094,5.148,6.680479401
TARA_B100000951,2011-04-22 12:08:00+00:00,-5.261,-85.1678,480.0,9.137438,34.692094,5.148,6.680479401
TARA_B100000952,2011-04-22 12:08:00+00:00,-5.261,-85.1678,480.0,9.137438,34.692094,5.148,6.680479401
TARA_R100001476,2011-04-22 12:08:00+00:00,-5.261,-85.1678,480.0,9.137438,34.692094,5.148,6.680479401
TARA_R100001477,2011-04-22 12:08:00+00:00,-5.261,-85.1678,480.0,9.137438,34.692094,5.148,6.680479401
TARA_G100009675,2011-04-22 12:08:00+00:00,-5.261,-85.1678,480.0,9.137438,34.692094,5.148,6.680479401
TARA_G100009676,2011-04-22 12:08:00+00:00,-5.261,-85.1678,480.0,9.137438,34.692094,5.148,6.680479401
TARA_R000001986,2011-04-22 12:08:00+00:00,-5.261,-85.1678,480.0,9.137438,34.692094,5.148,6.680479401
TARA_R000001987,2011-04-22 12:08:00+00:00,-5.261,-85.1678,480.0,9.137438,34.692094,5.148,6.680479401
TARA_R100001483,2011-04-22 12:08:00+00:00,-5.261,-85.1678,480.0,9.137438,34.692094,5.148,6.680479401
TARA_R100001484,2011-04-22 12:08:00+00:00,-5.261,-85.1678,480.0,9.137438,34.692094,5.148,6.680479401
TARA_B100000955,2011-04-22 12:08:00+00:00,-5.261,-85.1678,480.0,9.137438,34.692094,5.148,6.680479401
TARA_B100000956,2011-04-22 12:08:00+00:00,-5.261,-85.1678,480.0,9.137438,34.692094,5.148,6.680479401
TARA_B000001193,2011-04-22 12:08:00+00:00,-5.261,-85.1678,480.0,9.137438,34.692094,5.148,6.680479401
TARA_B000001194,2011-04-22 12:08:00+00:00,-5.261,-85.1678,480.0,9.137438,34.692094,5.148,6.680479401
TARA_N000001683,2011-04-22 12:08:00+00:00,-5.261,-85.1678,480.0,9.137438,34.692094,5.148,6.680479401
TARA_N000001685,2011-04-22 12:08:00+00:00,-5.261,-85.1678,480.0,9.137438,34.692094,5.148,6.680479401
TARA_N000001682,2011-04-22 12:08:00+00:00,-5.261,-85.1678,480.0,9.137438,34.692094,5.148,6.680479401
TARA_N000001684,2011-04-22 12:08:00+00:00,-5.261,-85.1678,480.0,9.137438,34.692094,5.148,6.680479401
TARA_B000001191,2011-04-22 12:08:00+00:00,-5.261,-85.1678,480.0,9.137438,34.692094,5.148,6.680479401
TARA_B000001192,2011-04-22 12:08:00+00:00,-5.261,-85.1678,480.0,9.137438,34.692094,5.148,6.680479401
TARA_B100000953,2011-04-22 12:08:00+00:00,-5.261,-85.1678,480.0,9.137438,34.692094,5.148,6.680479401
TARA_B100000954,2011-04-22 12:08:00+00:00,-5.261,-85.1678,480.0,9.137438,34.692094,5.148,6.680479401
TARA_Y100000502,2011-04-22 12:08:00+00:00,-5.261,-85.1678,480.0,9.137438,34.692094,5.148,6.680479401
TARA_Y100000500,2011-04-22 12:08:00+00:00,-5.261,-85.1678,480.0,9.137438,34.692094,5.148,6.680479401
TARA_Y100000501,2011-04-22 12:08:00+00:00,-5.261,-85.1678,480.0,9.137438,34.692094,5.148,6.680479401
TARA_Y100000498,2011-04-22 12:08:00+00:00,-5.261,-85.1678,480.0,9.137438,34.692094,5.148,6.680479401
TARA_Y100000499,2011-04-22 12:08:00+00:00,-5.261,-85.1678,480.0,9.137438,34.692094,5.148,6.680479401
TARA_R100001480,2011-04-22 12:08:00+00:00,-5.261,-85.1678,480.0,9.137438,34.692094,5.148,6.680479401
TARA_R100001481,2011-04-22 12:08:00+00:00,-5.261,-85.1678,480.0,9.137438,34.692094,5.148,6.680479401
TARA_R100001482,2011-04-22 12:08:00+00:00,-5.261,-85.1678,480.0,9.137438,34.692094,5.148,6.680479401
TARA_G000002046,2011-04-22 12:08:00+00:00,-5.261,-85.1678,480.0,9.137438,34.692094,5.148,6.680479401
TARA_G000002047,2011-04-22 12:08:00+00:00,-5.261,-85.1678,480.0,9.137438,34.692094,5.148,6.680479401
TARA_K100000213,2011-04-22 16:05:00+00:00,-5.2714,-85.2692,5.0,24.978755,34.75596,204.1236,6.615299747
TARA_P100001704,2011-04-22 19:20:00+00:00,-5.2692,-85.2121,40.0,19.781235,34.884385,104.9968,6.781488894
TARA_G100009655,2011-04-22 19:20:00+00:00,-5.2692,-85.2121,40.0,19.781235,34.884385,104.9968,6.781488894
TARA_G100009656,2011-04-22 19:20:00+00:00,-5.2692,-85.2121,40.0,19.781235,34.884385,104.9968,6.781488894
TARA_G100009670,2011-04-22 19:20:00+00:00,-5.2692,-85.2121,40.0,19.781235,34.884385,104.9968,6.781488894
TARA_G100009659,2011-04-22 19:20:00+00:00,-5.2692,-85.2121,40.0,19.781235,34.884385,104.9968,6.781488894
TARA_G100009660,2011-04-22 19:20:00+00:00,-5.2692,-85.2121,40.0,19.781235,34.884385,104.9968,6.781488894
TARA_G100009667,2011-04-22 19:20:00+00:00,-5.2692,-85.2121,40.0,19.781235,34.884385,104.9968,6.781488894
TARA_G100009668,2011-04-22 19:20:00+00:00,-5.2692,-85.2121,40.0,19.781235,34.884385,104.9968,6.781488894
TARA_N000001664,2011-04-22 19:20:00+00:00,-5.2692,-85.2121,40.0,19.781235,34.884385,104.9968,6.781488894
TARA_N000001665,2011-04-22 19:20:00+00:00,-5.2692,-85.2121,40.0,19.781235,34.884385,104.9968,6.781488894
TARA_N000001680,2011-04-22 19:20:00+00:00,-5.2692,-85.2121,40.0,19.781235,34.884385,104.9968,6.781488894
TARA_N000001681,2011-04-22 19:20:00+00:00,-5.2692,-85.2121,40.0,19.781235,34.884385,104.9968,6.781488894
TARA_G100009663,2011-04-22 19:20:00+00:00,-5.2692,-85.2121,40.0,19.781235,34.884385,104.9968,6.781488894
TARA_G100009664,2011-04-22 19:20:00+00:00,-5.2692,-85.2121,40.0,19.781235,34.884385,104.9968,6.781488894
TARA_P100001703,2011-04-22 20:17:00+00:00,-5.2686,-85.248,40.0,19.781235,34.884385,104.9968,6.781488894
TARA_G100009627,2011-04-22 20:17:00+00:00,-5.2686,-85.248,40.0,19.781235,34.884385,104.9968,6.781488894
TARA_G100009628,2011-04-22 20:17:00+00:00,-5.2686,-85.248,40.0,19.781235,34.884385,104.9968,6.781488894
TARA_G100009635,2011-04-22 20:17:00+00:00,-5.2686,-85.248,40.0,19.781235,34.884385,104.9968,6.781488894
TARA_G100009636,2011-04-22 20:17:00+00:00,-5.2686,-85.248,40.0,19.781235,34.884385,104.9968,6.781488894
TARA_G100009643,2011-04-22 20:17:00+00:00,-5.2686,-85.248,40.0,19.781235,34.884385,104.9968,6.781488894
TARA_G100009644,2011-04-22 20:17:00+00:00,-5.2686,-85.248,40.0,19.781235,34.884385,104.9968,6.781488894
TARA_G100009650,2011-04-22 20:17:00+00:00,-5.2686,-85.248,40.0,19.781235,34.884385,104.9968,6.781488894
TARA_G100009652,2011-04-22 20:17:00+00:00,-5.2686,-85.248,40.0,19.781235,34.884385,104.9968,6.781488894
TARA_G100009631,2011-04-22 20:17:00+00:00,-5.2686,-85.248,40.0,19.781235,34.884385,104.9968,6.781488894
TARA_G100009632,2011-04-22 20:17:00+00:00,-5.2686,-85.248,40.0,19.781235,34.884385,104.9968,6.781488894
TARA_G100009639,2011-04-22 20:17:00+00:00,-5.2686,-85.248,40.0,19.781235,34.884385,104.9968,6.781488894
TARA_G100009640,2011-04-22 20:17:00+00:00,-5.2686,-85.248,40.0,19.781235,34.884385,104.9968,6.781488894
TARA_N000001660,2011-04-22 20:17:00+00:00,-5.2686,-85.248,40.0,19.781235,34.884385,104.9968,6.781488894
TARA_N000001661,2011-04-22 20:17:00+00:00,-5.2686,-85.248,40.0,19.781235,34.884385,104.9968,6.781488894
TARA_N000001676,2011-04-22 20:17:00+00:00,-5.2686,-85.248,40.0,19.781235,34.884385,104.9968,6.781488894
TARA_N000001677,2011-04-22 20:17:00+00:00,-5.2686,-85.248,40.0,19.781235,34.884385,104.9968,6.781488894
TARA_G100009647,2011-04-22 20:17:00+00:00,-5.2686,-85.248,40.0,19.781235,34.884385,104.9968,6.781488894
TARA_G100009648,2011-04-22 20:17:00+00:00,-5.2686,-85.248,40.0,19.781235,34.884385,104.9968,6.781488894
TARA_B000001188,2011-04-22 21:13:00+00:00,-5.2669,-85.2732,40.0,19.781235,34.884385,104.9968,6.781488894
TARA_B000001189,2011-04-22 21:13:00+00:00,-5.2669,-85.2732,40.0,19.781235,34.884385,104.9968,6.781488894
TARA_B000001190,2011-04-22 21:13:00+00:00,-5.2669,-85.2732,40.0,19.781235,34.884385,104.9968,6.781488894
TARA_Y100000492,2011-04-22 21:13:00+00:00,-5.2669,-85.2732,40.0,19.781235,34.884385,104.9968,6.781488894
TARA_Y100000493,2011-04-22 21:13:00+00:00,-5.2669,-85.2732,40.0,19.781235,34.884385,104.9968,6.781488894
TARA_Y000000180,2011-04-22 21:13:00+00:00,-5.2669,-85.2732,40.0,19.781235,34.884385,104.9968,6.781488894
TARA_Y000000181,2011-04-22 21:13:00+00:00,-5.2669,-85.2732,40.0,19.781235,34.884385,104.9968,6.781488894
TARA_R100001458,2011-04-22 21:13:00+00:00,-5.2669,-85.2732,40.0,19.781235,34.884385,104.9968,6.781488894
TARA_R100001459,2011-04-22 21:13:00+00:00,-5.2669,-85.2732,40.0,19.781235,34.884385,104.9968,6.781488894
TARA_R000002015,2011-04-22 21:13:00+00:00,-5.2669,-85.2732,40.0,19.781235,34.884385,104.9968,6.781488894
TARA_R000002016,2011-04-22 21:13:00+00:00,-5.2669,-85.2732,40.0,19.781235,34.884385,104.9968,6.781488894
TARA_R000002017,2011-04-22 21:13:00+00:00,-5.2669,-85.2732,40.0,19.781235,34.884385,104.9968,6.781488894
TARA_G100009594,2011-04-22 21:13:00+00:00,-5.2669,-85.2732,40.0,19.781235,34.884385,104.9968,6.781488894
TARA_G100009595,2011-04-22 21:13:00+00:00,-5.2669,-85.2732,40.0,19.781235,34.884385,104.9968,6.781488894
TARA_G100009615,2011-04-22 21:13:00+00:00,-5.2669,-85.2732,40.0,19.781235,34.884385,104.9968,6.781488894
TARA_G100009616,2011-04-22 21:13:00+00:00,-5.2669,-85.2732,40.0,19.781235,34.884385,104.9968,6.781488894
TARA_G100009603,2011-04-22 21:13:00+00:00,-5.2669,-85.2732,40.0,19.781235,34.884385,104.9968,6.781488894
TARA_G100009604,2011-04-22 21:13:00+00:00,-5.2669,-85.2732,40.0,19.781235,34.884385,104.9968,6.781488894
TARA_G100009587,2011-04-22 21:13:00+00:00,-5.2669,-85.2732,40.0,19.781235,34.884385,104.9968,6.781488894
TARA_G100009588,2011-04-22 21:13:00+00:00,-5.2669,-85.2732,40.0,19.781235,34.884385,104.9968,6.781488894
TARA_G100009623,2011-04-22 21:13:00+00:00,-5.2669,-85.2732,40.0,19.781235,34.884385,104.9968,6.781488894
TARA_G100009624,2011-04-22 21:13:00+00:00,-5.2669,-85.2732,40.0,19.781235,34.884385,104.9968,6.781488894
TARA_B000001181,2011-04-22 21:13:00+00:00,-5.2669,-85.2732,40.0,19.781235,34.884385,104.9968,6.781488894
TARA_B000001182,2011-04-22 21:13:00+00:00,-5.2669,-85.2732,40.0,19.781235,34.884385,104.9968,6.781488894
TARA_B000001183,2011-04-22 21:13:00+00:00,-5.2669,-85.2732,40.0,19.781235,34.884385,104.9968,6.781488894
TARA_B000001184,2011-04-22 21:13:00+00:00,-5.2669,-85.2732,40.0,19.781235,34.884385,104.9968,6.781488894
TARA_R000001999,2011-04-22 21:13:00+00:00,-5.2669,-85.2732,40.0,19.781235,34.884385,104.9968,6.781488894
TARA_R000002000,2011-04-22 21:13:00+00:00,-5.2669,-85.2732,40.0,19.781235,34.884385,104.9968,6.781488894
TARA_R000002001,2011-04-22 21:13:00+00:00,-5.2669,-85.2732,40.0,19.781235,34.884385,104.9968,6.781488894
TARA_R000002010,2011-04-22 21:13:00+00:00,-5.2669,-85.2732,40.0,19.781235,34.884385,104.9968,6.781488894
TARA_R000002011,2011-04-22 21:13:00+00:00,-5.2669,-85.2732,40.0,19.781235,34.884385,104.9968,6.781488894
TARA_G000002041,2011-04-22 21:13:00+00:00,-5.2669,-85.2732,40.0,19.781235,34.884385,104.9968,6.781488894
TARA_G000002236,2011-04-22 21:13:00+00:00,-5.2669,-85.2732,40.0,19.781235,34.884385,104.9968,6.781488894
TARA_G000002237,2011-04-22 21:13:00+00:00,-5.2669,-85.2732,40.0,19.781235,34.884385,104.9968,6.781488894
TARA_G100009619,2011-04-22 21:13:00+00:00,-5.2669,-85.2732,40.0,19.781235,34.884385,104.9968,6.781488894
TARA_G100009620,2011-04-22 21:13:00+00:00,-5.2669,-85.2732,40.0,19.781235,34.884385,104.9968,6.781488894
TARA_G100009599,2011-04-22 21:13:00+00:00,-5.2669,-85.2732,40.0,19.781235,34.884385,104.9968,6.781488894
TARA_G100009600,2011-04-22 21:13:00+00:00,-5.2669,-85.2732,40.0,19.781235,34.884385,104.9968,6.781488894
TARA_B100000907,2011-04-22 21:13:00+00:00,-5.2669,-85.2732,40.0,19.781235,34.884385,104.9968,6.781488894
TARA_B100000908,2011-04-22 21:13:00+00:00,-5.2669,-85.2732,40.0,19.781235,34.884385,104.9968,6.781488894
TARA_B100000909,2011-04-22 21:13:00+00:00,-5.2669,-85.2732,40.0,19.781235,34.884385,104.9968,6.781488894
TARA_R100001473,2011-04-22 21:13:00+00:00,-5.2669,-85.2732,40.0,19.781235,34.884385,104.9968,6.781488894
TARA_R100001474,2011-04-22 21:13:00+00:00,-5.2669,-85.2732,40.0,19.781235,34.884385,104.9968,6.781488894
TARA_R100001475,2011-04-22 21:13:00+00:00,-5.2669,-85.2732,40.0,19.781235,34.884385,104.9968,6.781488894
TARA_G100009591,2011-04-22 21:13:00+00:00,-5.2669,-85.2732,40.0,19.781235,34.884385,104.9968,6.781488894
TARA_G100009592,2011-04-22 21:13:00+00:00,-5.2669,-85.2732,40.0,19.781235,34.884385,104.9968,6.781488894
TARA_G100009611,2011-04-22 21:13:00+00:00,-5.2669,-85.2732,40.0,19.781235,34.884385,104.9968,6.781488894
TARA_G100009612,2011-04-22 21:13:00+00:00,-5.2669,-85.2732,40.0,19.781235,34.884385,104.9968,6.781488894
TARA_G100009607,2011-04-22 21:13:00+00:00,-5.2669,-85.2732,40.0,19.781235,34.884385,104.9968,6.781488894
TARA_G100009608,2011-04-22 21:13:00+00:00,-5.2669,-85.2732,40.0,19.781235,34.884385,104.9968,6.781488894
TARA_R000002005,2011-04-22 21:13:00+00:00,-5.2669,-85.2732,40.0,19.781235,34.884385,104.9968,6.781488894
TARA_R000002006,2011-04-22 21:13:00+00:00,-5.2669,-85.2732,40.0,19.781235,34.884385,104.9968,6.781488894
TARA_R000002007,2011-04-22 21:13:00+00:00,-5.2669,-85.2732,40.0,19.781235,34.884385,104.9968,6.781488894
TARA_R100001468,2011-04-22 21:13:00+00:00,-5.2669,-85.2732,40.0,19.781235,34.884385,104.9968,6.781488894
TARA_R100001469,2011-04-22 21:13:00+00:00,-5.2669,-85.2732,40.0,19.781235,34.884385,104.9968,6.781488894
TARA_G100009583,2011-04-22 21:13:00+00:00,-5.2669,-85.2732,40.0,19.781235,34.884385,104.9968,6.781488894
TARA_G100009584,2011-04-22 21:13:00+00:00,-5.2669,-85.2732,40.0,19.781235,34.884385,104.9968,6.781488894
TARA_B100000898,2011-04-22 21:13:00+00:00,-5.2669,-85.2732,40.0,19.781235,34.884385,104.9968,6.781488894
TARA_B100000899,2011-04-22 21:13:00+00:00,-5.2669,-85.2732,40.0,19.781235,34.884385,104.9968,6.781488894
TARA_B000001514,2011-04-22 21:13:00+00:00,-5.2669,-85.2732,40.0,19.781235,34.884385,104.9968,6.781488894
TARA_B000001515,2011-04-22 21:13:00+00:00,-5.2669,-85.2732,40.0,19.781235,34.884385,104.9968,6.781488894
TARA_N000001648,2011-04-22 21:13:00+00:00,-5.2669,-85.2732,40.0,19.781235,34.884385,104.9968,6.781488894
TARA_N000001649,2011-04-22 21:13:00+00:00,-5.2669,-85.2732,40.0,19.781235,34.884385,104.9968,6.781488894
TARA_N000001652,2011-04-22 21:13:00+00:00,-5.2669,-85.2732,40.0,19.781235,34.884385,104.9968,6.781488894
TARA_N000001653,2011-04-22 21:13:00+00:00,-5.2669,-85.2732,40.0,19.781235,34.884385,104.9968,6.781488894
TARA_N000001668,2011-04-22 21:13:00+00:00,-5.2669,-85.2732,40.0,19.781235,34.884385,104.9968,6.781488894
TARA_N000001669,2011-04-22 21:13:00+00:00,-5.2669,-85.2732,40.0,19.781235,34.884385,104.9968,6.781488894
TARA_B000001512,2011-04-22 21:13:00+00:00,-5.2669,-85.2732,40.0,19.781235,34.884385,104.9968,6.781488894
TARA_B000001513,2011-04-22 21:13:00+00:00,-5.2669,-85.2732,40.0,19.781235,34.884385,104.9968,6.781488894
TARA_B100000902,2011-04-22 21:13:00+00:00,-5.2669,-85.2732,40.0,19.781235,34.884385,104.9968,6.781488894
TARA_B100000903,2011-04-22 21:13:00+00:00,-5.2669,-85.2732,40.0,19.781235,34.884385,104.9968,6.781488894
TARA_N000001656,2011-04-22 21:13:00+00:00,-5.2669,-85.2732,40.0,19.781235,34.884385,104.9968,6.781488894
TARA_N000001657,2011-04-22 21:13:00+00:00,-5.2669,-85.2732,40.0,19.781235,34.884385,104.9968,6.781488894
TARA_N000001672,2011-04-22 21:13:00+00:00,-5.2669,-85.2732,40.0,19.781235,34.884385,104.9968,6.781488894
TARA_N000001673,2011-04-22 21:13:00+00:00,-5.2669,-85.2732,40.0,19.781235,34.884385,104.9968,6.781488894
TARA_Y100000489,2011-04-22 21:13:00+00:00,-5.2669,-85.2732,40.0,19.781235,34.884385,104.9968,6.781488894
TARA_Y100000496,2011-04-22 21:13:00+00:00,-5.2669,-85.2732,40.0,19.781235,34.884385,104.9968,6.781488894
TARA_Y100000497,2011-04-22 21:13:00+00:00,-5.2669,-85.2732,40.0,19.781235,34.884385,104.9968,6.781488894
TARA_Y100000486,2011-04-22 21:13:00+00:00,-5.2669,-85.2732,40.0,19.781235,34.884385,104.9968,6.781488894
TARA_Y100000487,2011-04-22 21:13:00+00:00,-5.2669,-85.2732,40.0,19.781235,34.884385,104.9968,6.781488894
TARA_R100001463,2011-04-22 21:13:00+00:00,-5.2669,-85.2732,40.0,19.781235,34.884385,104.9968,6.781488894
TARA_R100001464,2011-04-22 21:13:00+00:00,-5.2669,-85.2732,40.0,19.781235,34.884385,104.9968,6.781488894
TARA_R100001465,2011-04-22 21:13:00+00:00,-5.2669,-85.2732,40.0,19.781235,34.884385,104.9968,6.781488894
TARA_G000002036,2011-04-22 21:13:00+00:00,-5.2669,-85.2732,40.0,19.781235,34.884385,104.9968,6.781488894
TARA_G000002037,2011-04-22 21:13:00+00:00,-5.2669,-85.2732,40.0,19.781235,34.884385,104.9968,6.781488894
TARA_G000002044,2011-04-22 21:13:00+00:00,-5.2669,-85.2732,40.0,19.781235,34.884385,104.9968,6.781488894
TARA_G000002045,2011-04-22 21:13:00+00:00,-5.2669,-85.2732,40.0,19.781235,34.884385,104.9968,6.781488894
TARA_B000001255,2011-05-13 16:08:00+00:00,2.0649,-84.5546,380.0,11.142362,34.791419,2.264562,6.832154721
TARA_B000001256,2011-05-13 16:08:00+00:00,2.0649,-84.5546,380.0,11.142362,34.791419,2.264562,6.832154721
TARA_B000001257,2011-05-13 16:08:00+00:00,2.0649,-84.5546,380.0,11.142362,34.791419,2.264562,6.832154721
TARA_Y100000530,2011-05-13 16:08:00+00:00,2.0649,-84.5546,380.0,11.142362,34.791419,2.264562,6.832154721
TARA_Y100000531,2011-05-13 16:08:00+00:00,2.0649,-84.5546,380.0,11.142362,34.791419,2.264562,6.832154721
TARA_Y000000194,2011-05-13 16:08:00+00:00,2.0649,-84.5546,380.0,11.142362,34.791419,2.264562,6.832154721
TARA_Y000000195,2011-05-13 16:08:00+00:00,2.0649,-84.5546,380.0,11.142362,34.791419,2.264562,6.832154721
TARA_R100001507,2011-05-13 16:08:00+00:00,2.0649,-84.5546,380.0,11.142362,34.791419,2.264562,6.832154721
TARA_R100001508,2011-05-13 16:08:00+00:00,2.0649,-84.5546,380.0,11.142362,34.791419,2.264562,6.832154721
TARA_R000001048,2011-05-13 16:08:00+00:00,2.0649,-84.5546,380.0,11.142362,34.791419,2.264562,6.832154721
TARA_R000001049,2011-05-13 16:08:00+00:00,2.0649,-84.5546,380.0,11.142362,34.791419,2.264562,6.832154721
TARA_R000001050,2011-05-13 16:08:00+00:00,2.0649,-84.5546,380.0,11.142362,34.791419,2.264562,6.832154721
TARA_G100009251,2011-05-13 16:08:00+00:00,2.0649,-84.5546,380.0,11.142362,34.791419,2.264562,6.832154721
TARA_G100009252,2011-05-13 16:08:00+00:00,2.0649,-84.5546,380.0,11.142362,34.791419,2.264562,6.832154721
TARA_G100009259,2011-05-13 16:08:00+00:00,2.0649,-84.5546,380.0,11.142362,34.791419,2.264562,6.832154721
TARA_G100009260,2011-05-13 16:08:00+00:00,2.0649,-84.5546,380.0,11.142362,34.791419,2.264562,6.832154721
TARA_B000001267,2011-05-13 16:08:00+00:00,2.0649,-84.5546,380.0,11.142362,34.791419,2.264562,6.832154721
TARA_B000001268,2011-05-13 16:08:00+00:00,2.0649,-84.5546,380.0,11.142362,34.791419,2.264562,6.832154721
TARA_B000001269,2011-05-13 16:08:00+00:00,2.0649,-84.5546,380.0,11.142362,34.791419,2.264562,6.832154721
TARA_B000001270,2011-05-13 16:08:00+00:00,2.0649,-84.5546,380.0,11.142362,34.791419,2.264562,6.832154721
TARA_R000001039,2011-05-13 16:08:00+00:00,2.0649,-84.5546,380.0,11.142362,34.791419,2.264562,6.832154721
TARA_R000001040,2011-05-13 16:08:00+00:00,2.0649,-84.5546,380.0,11.142362,34.791419,2.264562,6.832154721
TARA_R000001041,2011-05-13 16:08:00+00:00,2.0649,-84.5546,380.0,11.142362,34.791419,2.264562,6.832154721
TARA_R000001983,2011-05-13 16:08:00+00:00,2.0649,-84.5546,380.0,11.142362,34.791419,2.264562,6.832154721
TARA_R000001984,2011-05-13 16:08:00+00:00,2.0649,-84.5546,380.0,11.142362,34.791419,2.264562,6.832154721
TARA_G000000419,2011-05-13 16:08:00+00:00,2.0649,-84.5546,380.0,11.142362,34.791419,2.264562,6.832154721
TARA_G000000420,2011-05-13 16:08:00+00:00,2.0649,-84.5546,380.0,11.142362,34.791419,2.264562,6.832154721
TARA_G000000421,2011-05-13 16:08:00+00:00,2.0649,-84.5546,380.0,11.142362,34.791419,2.264562,6.832154721
TARA_G100009257,2011-05-13 16:08:00+00:00,2.0649,-84.5546,380.0,11.142362,34.791419,2.264562,6.832154721
TARA_G100009258,2011-05-13 16:08:00+00:00,2.0649,-84.5546,380.0,11.142362,34.791419,2.264562,6.832154721
TARA_G100009261,2011-05-13 16:08:00+00:00,2.0649,-84.5546,380.0,11.142362,34.791419,2.264562,6.832154721
TARA_G100009253,2011-05-13 16:08:00+00:00,2.0649,-84.5546,380.0,11.142362,34.791419,2.264562,6.832154721
TARA_G100009254,2011-05-13 16:08:00+00:00,2.0649,-84.5546,380.0,11.142362,34.791419,2.264562,6.832154721
TARA_B100000571,2011-05-13 16:08:00+00:00,2.0649,-84.5546,380.0,11.142362,34.791419,2.264562,6.832154721
TARA_R100001520,2011-05-13 16:08:00+00:00,2.0649,-84.5546,380.0,11.142362,34.791419,2.264562,6.832154721
TARA_G100009255,2011-05-13 16:08:00+00:00,2.0649,-84.5546,380.0,11.142362,34.791419,2.264562,6.832154721
TARA_G100009256,2011-05-13 16:08:00+00:00,2.0649,-84.5546,380.0,11.142362,34.791419,2.264562,6.832154721
TARA_R000001976,2011-05-13 16:08:00+00:00,2.0649,-84.5546,380.0,11.142362,34.791419,2.264562,6.832154721
TARA_R000001977,2011-05-13 16:08:00+00:00,2.0649,-84.5546,380.0,11.142362,34.791419,2.264562,6.832154721
TARA_R000001978,2011-05-13 16:08:00+00:00,2.0649,-84.5546,380.0,11.142362,34.791419,2.264562,6.832154721
TARA_R100001516,2011-05-13 16:08:00+00:00,2.0649,-84.5546,380.0,11.142362,34.791419,2.264562,6.832154721
TARA_R100001517,2011-05-13 16:08:00+00:00,2.0649,-84.5546,380.0,11.142362,34.791419,2.264562,6.832154721
TARA_B100000935,2011-05-13 16:08:00+00:00,2.0649,-84.5546,380.0,11.142362,34.791419,2.264562,6.832154721
TARA_B100000936,2011-05-13 16:08:00+00:00,2.0649,-84.5546,380.0,11.142362,34.791419,2.264562,6.832154721
TARA_B000001248,2011-05-13 16:08:00+00:00,2.0649,-84.5546,380.0,11.142362,34.791419,2.264562,6.832154721
TARA_B000001249,2011-05-13 16:08:00+00:00,2.0649,-84.5546,380.0,11.142362,34.791419,2.264562,6.832154721
TARA_N000001783,2011-05-13 16:08:00+00:00,2.0649,-84.5546,380.0,11.142362,34.791419,2.264562,6.832154721
TARA_N000001785,2011-05-13 16:08:00+00:00,2.0649,-84.5546,380.0,11.142362,34.791419,2.264562,6.832154721
TARA_N000001782,2011-05-13 16:08:00+00:00,2.0649,-84.5546,380.0,11.142362,34.791419,2.264562,6.832154721
TARA_N000001784,2011-05-13 16:08:00+00:00,2.0649,-84.5546,380.0,11.142362,34.791419,2.264562,6.832154721
TARA_B000001242,2011-05-13 16:08:00+00:00,2.0649,-84.5546,380.0,11.142362,34.791419,2.264562,6.832154721
TARA_B000001243,2011-05-13 16:08:00+00:00,2.0649,-84.5546,380.0,11.142362,34.791419,2.264562,6.832154721
TARA_B100000929,2011-05-13 16:08:00+00:00,2.0649,-84.5546,380.0,11.142362,34.791419,2.264562,6.832154721
TARA_B100000930,2011-05-13 16:08:00+00:00,2.0649,-84.5546,380.0,11.142362,34.791419,2.264562,6.832154721
TARA_Y100000537,2011-05-13 16:08:00+00:00,2.0649,-84.5546,380.0,11.142362,34.791419,2.264562,6.832154721
TARA_Y100000536,2011-05-13 16:08:00+00:00,2.0649,-84.5546,380.0,11.142362,34.791419,2.264562,6.832154721
TARA_Y100000535,2011-05-13 16:08:00+00:00,2.0649,-84.5546,380.0,11.142362,34.791419,2.264562,6.832154721
TARA_R100001511,2011-05-13 16:08:00+00:00,2.0649,-84.5546,380.0,11.142362,34.791419,2.264562,6.832154721
TARA_G000000417,2011-05-13 16:08:00+00:00,2.0649,-84.5546,380.0,11.142362,34.791419,2.264562,6.832154721
TARA_G000000418,2011-05-13 16:08:00+00:00,2.0649,-84.5546,380.0,11.142362,34.791419,2.264562,6.832154721
TARA_B000001597,2011-05-21 12:27:00+00:00,-2.0133,-84.589,5.0,23.88816,35.012435,191.91255,6.734784222
TARA_B000001598,2011-05-21 12:27:00+00:00,-2.0133,-84.589,5.0,23.88816,35.012435,191.91255,6.734784222
TARA_B000001599,2011-05-21 12:27:00+00:00,-2.0133,-84.589,5.0,23.88816,35.012435,191.91255,6.734784222
TARA_Y100001992,2011-05-21 12:27:00+00:00,-2.0133,-84.589,5.0,23.88816,35.012435,191.91255,6.734784222
TARA_Y100001993,2011-05-21 12:27:00+00:00,-2.0133,-84.589,5.0,23.88816,35.012435,191.91255,6.734784222
TARA_Y000000973,2011-05-21 12:27:00+00:00,-2.0133,-84.589,5.0,23.88816,35.012435,191.91255,6.734784222
TARA_Y000000974,2011-05-21 12:27:00+00:00,-2.0133,-84.589,5.0,23.88816,35.012435,191.91255,6.734784222
TARA_R100001561,2011-05-21 12:27:00+00:00,-2.0133,-84.589,5.0,23.88816,35.012435,191.91255,6.734784222
TARA_R100001562,2011-05-21 12:27:00+00:00,-2.0133,-84.589,5.0,23.88816,35.012435,191.91255,6.734784222
TARA_R000001164,2011-05-21 12:27:00+00:00,-2.0133,-84.589,5.0,23.88816,35.012435,191.91255,6.734784222
TARA_R000001165,2011-05-21 12:27:00+00:00,-2.0133,-84.589,5.0,23.88816,35.012435,191.91255,6.734784222
TARA_R000001166,2011-05-21 12:27:00+00:00,-2.0133,-84.589,5.0,23.88816,35.012435,191.91255,6.734784222
TARA_G100009240,2011-05-21 12:27:00+00:00,-2.0133,-84.589,5.0,23.88816,35.012435,191.91255,6.734784222
TARA_G100009241,2011-05-21 12:27:00+00:00,-2.0133,-84.589,5.0,23.88816,35.012435,191.91255,6.734784222
TARA_G100009753,2011-05-21 12:27:00+00:00,-2.0133,-84.589,5.0,23.88816,35.012435,191.91255,6.734784222
TARA_G100009754,2011-05-21 12:27:00+00:00,-2.0133,-84.589,5.0,23.88816,35.012435,191.91255,6.734784222
TARA_G100009741,2011-05-21 12:27:00+00:00,-2.0133,-84.589,5.0,23.88816,35.012435,191.91255,6.734784222
TARA_G100009742,2011-05-21 12:27:00+00:00,-2.0133,-84.589,5.0,23.88816,35.012435,191.91255,6.734784222
TARA_G100009232,2011-05-21 12:27:00+00:00,-2.0133,-84.589,5.0,23.88816,35.012435,191.91255,6.734784222
TARA_G100009233,2011-05-21 12:27:00+00:00,-2.0133,-84.589,5.0,23.88816,35.012435,191.91255,6.734784222
TARA_G100009761,2011-05-21 12:27:00+00:00,-2.0133,-84.589,5.0,23.88816,35.012435,191.91255,6.734784222
TARA_G100009762,2011-05-21 12:27:00+00:00,-2.0133,-84.589,5.0,23.88816,35.012435,191.91255,6.734784222
TARA_B000001585,2011-05-21 12:27:00+00:00,-2.0133,-84.589,5.0,23.88816,35.012435,191.91255,6.734784222
TARA_B000001586,2011-05-21 12:27:00+00:00,-2.0133,-84.589,5.0,23.88816,35.012435,191.91255,6.734784222
TARA_B000001587,2011-05-21 12:27:00+00:00,-2.0133,-84.589,5.0,23.88816,35.012435,191.91255,6.734784222
TARA_B000001588,2011-05-21 12:27:00+00:00,-2.0133,-84.589,5.0,23.88816,35.012435,191.91255,6.734784222
TARA_R000001158,2011-05-21 12:27:00+00:00,-2.0133,-84.589,5.0,23.88816,35.012435,191.91255,6.734784222
TARA_R000001159,2011-05-21 12:27:00+00:00,-2.0133,-84.589,5.0,23.88816,35.012435,191.91255,6.734784222
TARA_R000001160,2011-05-21 12:27:00+00:00,-2.0133,-84.589,5.0,23.88816,35.012435,191.91255,6.734784222
TARA_R000001154,2011-05-21 12:27:00+00:00,-2.0133,-84.589,5.0,23.88816,35.012435,191.91255,6.734784222
TARA_R000001155,2011-05-21 12:27:00+00:00,-2.0133,-84.589,5.0,23.88816,35.012435,191.91255,6.734784222
TARA_G000000393,2011-05-21 12:27:00+00:00,-2.0133,-84.589,5.0,23.88816,35.012435,191.91255,6.734784222
TARA_G000000394,2011-05-21 12:27:00+00:00,-2.0133,-84.589,5.0,23.88816,35.012435,191.91255,6.734784222
TARA_G000000395,2011-05-21 12:27:00+00:00,-2.0133,-84.589,5.0,23.88816,35.012435,191.91255,6.734784222
TARA_G100009757,2011-05-21 12:27:00+00:00,-2.0133,-84.589,5.0,23.88816,35.012435,191.91255,6.734784222
TARA_G100009758,2011-05-21 12:27:00+00:00,-2.0133,-84.589,5.0,23.88816,35.012435,191.91255,6.734784222
TARA_G100009737,2011-05-21 12:27:00+00:00,-2.0133,-84.589,5.0,23.88816,35.012435,191.91255,6.734784222
TARA_G100009738,2011-05-21 12:27:00+00:00,-2.0133,-84.589,5.0,23.88816,35.012435,191.91255,6.734784222
TARA_B100001073,2011-05-21 12:27:00+00:00,-2.0133,-84.589,5.0,23.88816,35.012435,191.91255,6.734784222
TARA_R100001571,2011-05-21 12:27:00+00:00,-2.0133,-84.589,5.0,23.88816,35.012435,191.91255,6.734784222
TARA_G100009236,2011-05-21 12:27:00+00:00,-2.0133,-84.589,5.0,23.88816,35.012435,191.91255,6.734784222
TARA_G100009237,2011-05-21 12:27:00+00:00,-2.0133,-84.589,5.0,23.88816,35.012435,191.91255,6.734784222
TARA_G100009749,2011-05-21 12:27:00+00:00,-2.0133,-84.589,5.0,23.88816,35.012435,191.91255,6.734784222
TARA_G100009750,2011-05-21 12:27:00+00:00,-2.0133,-84.589,5.0,23.88816,35.012435,191.91255,6.734784222
TARA_G100009745,2011-05-21 12:27:00+00:00,-2.0133,-84.589,5.0,23.88816,35.012435,191.91255,6.734784222
TARA_G100009746,2011-05-21 12:27:00+00:00,-2.0133,-84.589,5.0,23.88816,35.012435,191.91255,6.734784222
TARA_R000001148,2011-05-21 12:27:00+00:00,-2.0133,-84.589,5.0,23.88816,35.012435,191.91255,6.734784222
TARA_R000001149,2011-05-21 12:27:00+00:00,-2.0133,-84.589,5.0,23.88816,35.012435,191.91255,6.734784222
TARA_R000001150,2011-05-21 12:27:00+00:00,-2.0133,-84.589,5.0,23.88816,35.012435,191.91255,6.734784222
TARA_R100001567,2011-05-21 12:27:00+00:00,-2.0133,-84.589,5.0,23.88816,35.012435,191.91255,6.734784222
TARA_R100001568,2011-05-21 12:27:00+00:00,-2.0133,-84.589,5.0,23.88816,35.012435,191.91255,6.734784222
TARA_G100009228,2011-05-21 12:27:00+00:00,-2.0133,-84.589,5.0,23.88816,35.012435,191.91255,6.734784222
TARA_G100009229,2011-05-21 12:27:00+00:00,-2.0133,-84.589,5.0,23.88816,35.012435,191.91255,6.734784222
TARA_B100001109,2011-05-21 12:27:00+00:00,-2.0133,-84.589,5.0,23.88816,35.012435,191.91255,6.734784222
TARA_B100001110,2011-05-21 12:27:00+00:00,-2.0133,-84.589,5.0,23.88816,35.012435,191.91255,6.734784222
TARA_B000001579,2011-05-21 12:27:00+00:00,-2.0133,-84.589,5.0,23.88816,35.012435,191.91255,6.734784222
TARA_B000001580,2011-05-21 12:27:00+00:00,-2.0133,-84.589,5.0,23.88816,35.012435,191.91255,6.734784222
TARA_N000001746,2011-05-21 12:27:00+00:00,-2.0133,-84.589,5.0,23.88816,35.012435,191.91255,6.734784222
TARA_N000001747,2011-05-21 12:27:00+00:00,-2.0133,-84.589,5.0,23.88816,35.012435,191.91255,6.734784222
TARA_N000001750,2011-05-21 12:27:00+00:00,-2.0133,-84.589,5.0,23.88816,35.012435,191.91255,6.734784222
TARA_N000001751,2011-05-21 12:27:00+00:00,-2.0133,-84.589,5.0,23.88816,35.012435,191.91255,6.734784222
TARA_N000001766,2011-05-21 12:27:00+00:00,-2.0133,-84.589,5.0,23.88816,35.012435,191.91255,6.734784222
TARA_N000001767,2011-05-21 12:27:00+00:00,-2.0133,-84.589,5.0,23.88816,35.012435,191.91255,6.734784222
TARA_B000001577,2011-05-21 12:27:00+00:00,-2.0133,-84.589,5.0,23.88816,35.012435,191.91255,6.734784222
TARA_B000001578,2011-05-21 12:27:00+00:00,-2.0133,-84.589,5.0,23.88816,35.012435,191.91255,6.734784222
TARA_B100001107,2011-05-21 12:27:00+00:00,-2.0133,-84.589,5.0,23.88816,35.012435,191.91255,6.734784222
TARA_B100001108,2011-05-21 12:27:00+00:00,-2.0133,-84.589,5.0,23.88816,35.012435,191.91255,6.734784222
TARA_N000001754,2011-05-21 12:27:00+00:00,-2.0133,-84.589,5.0,23.88816,35.012435,191.91255,6.734784222
TARA_N000001770,2011-05-21 12:27:00+00:00,-2.0133,-84.589,5.0,23.88816,35.012435,191.91255,6.734784222
TARA_Y100001990,2011-05-21 12:27:00+00:00,-2.0133,-84.589,5.0,23.88816,35.012435,191.91255,6.734784222
TARA_Y100001984,2011-05-21 12:27:00+00:00,-2.0133,-84.589,5.0,23.88816,35.012435,191.91255,6.734784222
TARA_Y100001985,2011-05-21 12:27:00+00:00,-2.0133,-84.589,5.0,23.88816,35.012435,191.91255,6.734784222
TARA_Y100001982,2011-05-21 12:27:00+00:00,-2.0133,-84.589,5.0,23.88816,35.012435,191.91255,6.734784222
TARA_Y100001983,2011-05-21 12:27:00+00:00,-2.0133,-84.589,5.0,23.88816,35.012435,191.91255,6.734784222
TARA_R100001565,2011-05-21 12:27:00+00:00,-2.0133,-84.589,5.0,23.88816,35.012435,191.91255,6.734784222
TARA_G000000389,2011-05-21 12:27:00+00:00,-2.0133,-84.589,5.0,23.88816,35.012435,191.91255,6.734784222
TARA_G000000390,2011-05-21 12:27:00+00:00,-2.0133,-84.589,5.0,23.88816,35.012435,191.91255,6.734784222
TARA_G000000399,2011-05-21 12:27:00+00:00,-2.0133,-84.589,5.0,23.88816,35.012435,191.91255,6.734784222
TARA_G000000400,2011-05-21 12:27:00+00:00,-2.0133,-84.589,5.0,23.88816,35.012435,191.91255,6.734784222
TARA_P100001562,2011-05-21 14:32:00+00:00,-1.9778,-84.5992,5.0,23.88816,35.012435,191.91255,6.734784222
TARA_G100009765,2011-05-21 14:32:00+00:00,-1.9778,-84.5992,5.0,23.88816,35.012435,191.91255,6.734784222
TARA_G100009766,2011-05-21 14:32:00+00:00,-1.9778,-84.5992,5.0,23.88816,35.012435,191.91255,6.734784222
TARA_G100009773,2011-05-21 14:32:00+00:00,-1.9778,-84.5992,5.0,23.88816,35.012435,191.91255,6.734784222
TARA_G100009774,2011-05-21 14:32:00+00:00,-1.9778,-84.5992,5.0,23.88816,35.012435,191.91255,6.734784222
TARA_G100009781,2011-05-21 14:32:00+00:00,-1.9778,-84.5992,5.0,23.88816,35.012435,191.91255,6.734784222
TARA_G100009782,2011-05-21 14:32:00+00:00,-1.9778,-84.5992,5.0,23.88816,35.012435,191.91255,6.734784222
TARA_G100009789,2011-05-21 14:32:00+00:00,-1.9778,-84.5992,5.0,23.88816,35.012435,191.91255,6.734784222
TARA_G100009791,2011-05-21 14:32:00+00:00,-1.9778,-84.5992,5.0,23.88816,35.012435,191.91255,6.734784222
TARA_G100009769,2011-05-21 14:32:00+00:00,-1.9778,-84.5992,5.0,23.88816,35.012435,191.91255,6.734784222
TARA_G100009770,2011-05-21 14:32:00+00:00,-1.9778,-84.5992,5.0,23.88816,35.012435,191.91255,6.734784222
TARA_G100009777,2011-05-21 14:32:00+00:00,-1.9778,-84.5992,5.0,23.88816,35.012435,191.91255,6.734784222
TARA_G100009778,2011-05-21 14:32:00+00:00,-1.9778,-84.5992,5.0,23.88816,35.012435,191.91255,6.734784222
TARA_N000001758,2011-05-21 14:32:00+00:00,-1.9778,-84.5992,5.0,23.88816,35.012435,191.91255,6.734784222
TARA_N000001759,2011-05-21 14:32:00+00:00,-1.9778,-84.5992,5.0,23.88816,35.012435,191.91255,6.734784222
TARA_N000001774,2011-05-21 14:32:00+00:00,-1.9778,-84.5992,5.0,23.88816,35.012435,191.91255,6.734784222
TARA_N000001775,2011-05-21 14:32:00+00:00,-1.9778,-84.5992,5.0,23.88816,35.012435,191.91255,6.734784222
TARA_G100009785,2011-05-21 14:32:00+00:00,-1.9778,-84.5992,5.0,23.88816,35.012435,191.91255,6.734784222
TARA_G100009786,2011-05-21 14:32:00+00:00,-1.9778,-84.5992,5.0,23.88816,35.012435,191.91255,6.734784222
TARA_P100001565,2011-05-21 16:07:00+00:00,-1.9389,-84.611,5.0,23.88816,35.012435,191.91255,6.734784222
TARA_G100009793,2011-05-21 16:07:00+00:00,-1.9389,-84.611,5.0,23.88816,35.012435,191.91255,6.734784222
TARA_G100009794,2011-05-21 16:07:00+00:00,-1.9389,-84.611,5.0,23.88816,35.012435,191.91255,6.734784222
TARA_G100009809,2011-05-21 16:07:00+00:00,-1.9389,-84.611,5.0,23.88816,35.012435,191.91255,6.734784222
TARA_G100009797,2011-05-21 16:07:00+00:00,-1.9389,-84.611,5.0,23.88816,35.012435,191.91255,6.734784222
TARA_G100009798,2011-05-21 16:07:00+00:00,-1.9389,-84.611,5.0,23.88816,35.012435,191.91255,6.734784222
TARA_G100009805,2011-05-21 16:07:00+00:00,-1.9389,-84.611,5.0,23.88816,35.012435,191.91255,6.734784222
TARA_G100009806,2011-05-21 16:07:00+00:00,-1.9389,-84.611,5.0,23.88816,35.012435,191.91255,6.734784222
TARA_N000001762,2011-05-21 16:07:00+00:00,-1.9389,-84.611,5.0,23.88816,35.012435,191.91255,6.734784222
TARA_N000001763,2011-05-21 16:07:00+00:00,-1.9389,-84.611,5.0,23.88816,35.012435,191.91255,6.734784222
TARA_N000001778,2011-05-21 16:07:00+00:00,-1.9389,-84.611,5.0,23.88816,35.012435,191.91255,6.734784222
TARA_N000001779,2011-05-21 16:07:00+00:00,-1.9389,-84.611,5.0,23.88816,35.012435,191.91255,6.734784222
TARA_G100009801,2011-05-21 16:07:00+00:00,-1.9389,-84.611,5.0,23.88816,35.012435,191.91255,6.734784222
TARA_G100009802,2011-05-21 16:07:00+00:00,-1.9389,-84.611,5.0,23.88816,35.012435,191.91255,6.734784222
TARA_B000001600,2011-05-21 21:00:00+00:00,-1.9002,-84.6265,50.0,22.039785,35.112815,145.0818,6.796421877
TARA_B000001601,2011-05-21 21:00:00+00:00,-1.9002,-84.6265,50.0,22.039785,35.112815,145.0818,6.796421877
TARA_B000001602,2011-05-21 21:00:00+00:00,-1.9002,-84.6265,50.0,22.039785,35.112815,145.0818,6.796421877
TARA_Y100001994,2011-05-21 21:00:00+00:00,-1.9002,-84.6265,50.0,22.039785,35.112815,145.0818,6.796421877
TARA_Y100001995,2011-05-21 21:00:00+00:00,-1.9002,-84.6265,50.0,22.039785,35.112815,145.0818,6.796421877
TARA_Y000000975,2011-05-21 21:00:00+00:00,-1.9002,-84.6265,50.0,22.039785,35.112815,145.0818,6.796421877
TARA_Y000000976,2011-05-21 21:00:00+00:00,-1.9002,-84.6265,50.0,22.039785,35.112815,145.0818,6.796421877
TARA_R100001563,2011-05-21 21:00:00+00:00,-1.9002,-84.6265,50.0,22.039785,35.112815,145.0818,6.796421877
TARA_R100001564,2011-05-21 21:00:00+00:00,-1.9002,-84.6265,50.0,22.039785,35.112815,145.0818,6.796421877
TARA_R000001167,2011-05-21 21:00:00+00:00,-1.9002,-84.6265,50.0,22.039785,35.112815,145.0818,6.796421877
TARA_R000001168,2011-05-21 21:00:00+00:00,-1.9002,-84.6265,50.0,22.039785,35.112815,145.0818,6.796421877
TARA_R000001169,2011-05-21 21:00:00+00:00,-1.9002,-84.6265,50.0,22.039785,35.112815,145.0818,6.796421877
TARA_G100009242,2011-05-21 21:00:00+00:00,-1.9002,-84.6265,50.0,22.039785,35.112815,145.0818,6.796421877
TARA_G100009243,2011-05-21 21:00:00+00:00,-1.9002,-84.6265,50.0,22.039785,35.112815,145.0818,6.796421877
TARA_G100009755,2011-05-21 21:00:00+00:00,-1.9002,-84.6265,50.0,22.039785,35.112815,145.0818,6.796421877
TARA_G100009756,2011-05-21 21:00:00+00:00,-1.9002,-84.6265,50.0,22.039785,35.112815,145.0818,6.796421877
TARA_G100009743,2011-05-21 21:00:00+00:00,-1.9002,-84.6265,50.0,22.039785,35.112815,145.0818,6.796421877
TARA_G100009744,2011-05-21 21:00:00+00:00,-1.9002,-84.6265,50.0,22.039785,35.112815,145.0818,6.796421877
TARA_G100009234,2011-05-21 21:00:00+00:00,-1.9002,-84.6265,50.0,22.039785,35.112815,145.0818,6.796421877
TARA_G100009235,2011-05-21 21:00:00+00:00,-1.9002,-84.6265,50.0,22.039785,35.112815,145.0818,6.796421877
TARA_G100009763,2011-05-21 21:00:00+00:00,-1.9002,-84.6265,50.0,22.039785,35.112815,145.0818,6.796421877
TARA_G100009764,2011-05-21 21:00:00+00:00,-1.9002,-84.6265,50.0,22.039785,35.112815,145.0818,6.796421877
TARA_B000001589,2011-05-21 21:00:00+00:00,-1.9002,-84.6265,50.0,22.039785,35.112815,145.0818,6.796421877
TARA_B000001590,2011-05-21 21:00:00+00:00,-1.9002,-84.6265,50.0,22.039785,35.112815,145.0818,6.796421877
TARA_B000001591,2011-05-21 21:00:00+00:00,-1.9002,-84.6265,50.0,22.039785,35.112815,145.0818,6.796421877
TARA_B000001592,2011-05-21 21:00:00+00:00,-1.9002,-84.6265,50.0,22.039785,35.112815,145.0818,6.796421877
TARA_R000001161,2011-05-21 21:00:00+00:00,-1.9002,-84.6265,50.0,22.039785,35.112815,145.0818,6.796421877
TARA_R000001162,2011-05-21 21:00:00+00:00,-1.9002,-84.6265,50.0,22.039785,35.112815,145.0818,6.796421877
TARA_R000001163,2011-05-21 21:00:00+00:00,-1.9002,-84.6265,50.0,22.039785,35.112815,145.0818,6.796421877
TARA_R000001156,2011-05-21 21:00:00+00:00,-1.9002,-84.6265,50.0,22.039785,35.112815,145.0818,6.796421877
TARA_R000001157,2011-05-21 21:00:00+00:00,-1.9002,-84.6265,50.0,22.039785,35.112815,145.0818,6.796421877
TARA_G000000396,2011-05-21 21:00:00+00:00,-1.9002,-84.6265,50.0,22.039785,35.112815,145.0818,6.796421877
TARA_G000000397,2011-05-21 21:00:00+00:00,-1.9002,-84.6265,50.0,22.039785,35.112815,145.0818,6.796421877
TARA_G000000398,2011-05-21 21:00:00+00:00,-1.9002,-84.6265,50.0,22.039785,35.112815,145.0818,6.796421877
TARA_G100009759,2011-05-21 21:00:00+00:00,-1.9002,-84.6265,50.0,22.039785,35.112815,145.0818,6.796421877
TARA_G100009760,2011-05-21 21:00:00+00:00,-1.9002,-84.6265,50.0,22.039785,35.112815,145.0818,6.796421877
TARA_G100009739,2011-05-21 21:00:00+00:00,-1.9002,-84.6265,50.0,22.039785,35.112815,145.0818,6.796421877
TARA_G100009740,2011-05-21 21:00:00+00:00,-1.9002,-84.6265,50.0,22.039785,35.112815,145.0818,6.796421877
TARA_B100001075,2011-05-21 21:00:00+00:00,-1.9002,-84.6265,50.0,22.039785,35.112815,145.0818,6.796421877
TARA_R100001572,2011-05-21 21:00:00+00:00,-1.9002,-84.6265,50.0,22.039785,35.112815,145.0818,6.796421877
TARA_G100009238,2011-05-21 21:00:00+00:00,-1.9002,-84.6265,50.0,22.039785,35.112815,145.0818,6.796421877
TARA_G100009239,2011-05-21 21:00:00+00:00,-1.9002,-84.6265,50.0,22.039785,35.112815,145.0818,6.796421877
TARA_G100009751,2011-05-21 21:00:00+00:00,-1.9002,-84.6265,50.0,22.039785,35.112815,145.0818,6.796421877
TARA_G100009752,2011-05-21 21:00:00+00:00,-1.9002,-84.6265,50.0,22.039785,35.112815,145.0818,6.796421877
TARA_G100009747,2011-05-21 21:00:00+00:00,-1.9002,-84.6265,50.0,22.039785,35.112815,145.0818,6.796421877
TARA_G100009748,2011-05-21 21:00:00+00:00,-1.9002,-84.6265,50.0,22.039785,35.112815,145.0818,6.796421877
TARA_R000001151,2011-05-21 21:00:00+00:00,-1.9002,-84.6265,50.0,22.039785,35.112815,145.0818,6.796421877
TARA_R000001152,2011-05-21 21:00:00+00:00,-1.9002,-84.6265,50.0,22.039785,35.112815,145.0818,6.796421877
TARA_R000001153,2011-05-21 21:00:00+00:00,-1.9002,-84.6265,50.0,22.039785,35.112815,145.0818,6.796421877
TARA_R100001569,2011-05-21 21:00:00+00:00,-1.9002,-84.6265,50.0,22.039785,35.112815,145.0818,6.796421877
TARA_R100001570,2011-05-21 21:00:00+00:00,-1.9002,-84.6265,50.0,22.039785,35.112815,145.0818,6.796421877
TARA_G100009230,2011-05-21 21:00:00+00:00,-1.9002,-84.6265,50.0,22.039785,35.112815,145.0818,6.796421877
TARA_G100009231,2011-05-21 21:00:00+00:00,-1.9002,-84.6265,50.0,22.039785,35.112815,145.0818,6.796421877
TARA_B100001113,2011-05-21 21:00:00+00:00,-1.9002,-84.6265,50.0,22.039785,35.112815,145.0818,6.796421877
TARA_B100001114,2011-05-21 21:00:00+00:00,-1.9002,-84.6265,50.0,22.039785,35.112815,145.0818,6.796421877
TARA_B000001583,2011-05-21 21:00:00+00:00,-1.9002,-84.6265,50.0,22.039785,35.112815,145.0818,6.796421877
TARA_B000001584,2011-05-21 21:00:00+00:00,-1.9002,-84.6265,50.0,22.039785,35.112815,145.0818,6.796421877
TARA_N000001748,2011-05-21 21:00:00+00:00,-1.9002,-84.6265,50.0,22.039785,35.112815,145.0818,6.796421877
TARA_N000001749,2011-05-21 21:00:00+00:00,-1.9002,-84.6265,50.0,22.039785,35.112815,145.0818,6.796421877
TARA_N000001752,2011-05-21 21:00:00+00:00,-1.9002,-84.6265,50.0,22.039785,35.112815,145.0818,6.796421877
TARA_N000001753,2011-05-21 21:00:00+00:00,-1.9002,-84.6265,50.0,22.039785,35.112815,145.0818,6.796421877
TARA_N000001768,2011-05-21 21:00:00+00:00,-1.9002,-84.6265,50.0,22.039785,35.112815,145.0818,6.796421877
TARA_N000001769,2011-05-21 21:00:00+00:00,-1.9002,-84.6265,50.0,22.039785,35.112815,145.0818,6.796421877
TARA_B000001581,2011-05-21 21:00:00+00:00,-1.9002,-84.6265,50.0,22.039785,35.112815,145.0818,6.796421877
TARA_B000001582,2011-05-21 21:00:00+00:00,-1.9002,-84.6265,50.0,22.039785,35.112815,145.0818,6.796421877
TARA_B100001111,2011-05-21 21:00:00+00:00,-1.9002,-84.6265,50.0,22.039785,35.112815,145.0818,6.796421877
TARA_B100001112,2011-05-21 21:00:00+00:00,-1.9002,-84.6265,50.0,22.039785,35.112815,145.0818,6.796421877
TARA_N000001756,2011-05-21 21:00:00+00:00,-1.9002,-84.6265,50.0,22.039785,35.112815,145.0818,6.796421877
TARA_N000001772,2011-05-21 21:00:00+00:00,-1.9002,-84.6265,50.0,22.039785,35.112815,145.0818,6.796421877
TARA_Y100001991,2011-05-21 21:00:00+00:00,-1.9002,-84.6265,50.0,22.039785,35.112815,145.0818,6.796421877
TARA_Y100001988,2011-05-21 21:00:00+00:00,-1.9002,-84.6265,50.0,22.039785,35.112815,145.0818,6.796421877
TARA_Y100001989,2011-05-21 21:00:00+00:00,-1.9002,-84.6265,50.0,22.039785,35.112815,145.0818,6.796421877
TARA_Y100001986,2011-05-21 21:00:00+00:00,-1.9002,-84.6265,50.0,22.039785,35.112815,145.0818,6.796421877
TARA_Y100001987,2011-05-21 21:00:00+00:00,-1.9002,-84.6265,50.0,22.039785,35.112815,145.0818,6.796421877
TARA_R100001566,2011-05-21 21:00:00+00:00,-1.9002,-84.6265,50.0,22.039785,35.112815,145.0818,6.796421877
TARA_G000000391,2011-05-21 21:00:00+00:00,-1.9002,-84.6265,50.0,22.039785,35.112815,145.0818,6.796421877
TARA_G000000392,2011-05-21 21:00:00+00:00,-1.9002,-84.6265,50.0,22.039785,35.112815,145.0818,6.796421877
TARA_G000000401,2011-05-21 21:00:00+00:00,-1.9002,-84.6265,50.0,22.039785,35.112815,145.0818,6.796421877
TARA_G000000402,2011-05-21 21:00:00+00:00,-1.9002,-84.6265,50.0,22.039785,35.112815,145.0818,6.796421877
TARA_B000001611,2011-05-22 13:20:00+00:00,-1.8902,-84.6141,380.0,10.082375,34.747805,2.43975,7.181018104
TARA_B000001612,2011-05-22 13:20:00+00:00,-1.8902,-84.6141,380.0,10.082375,34.747805,2.43975,7.181018104
TARA_B000001613,2011-05-22 13:20:00+00:00,-1.8902,-84.6141,380.0,10.082375,34.747805,2.43975,7.181018104
TARA_B000001614,2011-05-22 13:20:00+00:00,-1.8902,-84.6141,380.0,10.082375,34.747805,2.43975,7.181018104
TARA_Y100001997,2011-05-22 13:20:00+00:00,-1.8902,-84.6141,380.0,10.082375,34.747805,2.43975,7.181018104
TARA_Y100001998,2011-05-22 13:20:00+00:00,-1.8902,-84.6141,380.0,10.082375,34.747805,2.43975,7.181018104
TARA_Y000000977,2011-05-22 13:20:00+00:00,-1.8902,-84.6141,380.0,10.082375,34.747805,2.43975,7.181018104
TARA_Y000000978,2011-05-22 13:20:00+00:00,-1.8902,-84.6141,380.0,10.082375,34.747805,2.43975,7.181018104
TARA_R100001573,2011-05-22 13:20:00+00:00,-1.8902,-84.6141,380.0,10.082375,34.747805,2.43975,7.181018104
TARA_R100001574,2011-05-22 13:20:00+00:00,-1.8902,-84.6141,380.0,10.082375,34.747805,2.43975,7.181018104
TARA_R000001051,2011-05-22 13:20:00+00:00,-1.8902,-84.6141,380.0,10.082375,34.747805,2.43975,7.181018104
TARA_R000001052,2011-05-22 13:20:00+00:00,-1.8902,-84.6141,380.0,10.082375,34.747805,2.43975,7.181018104
TARA_R000001053,2011-05-22 13:20:00+00:00,-1.8902,-84.6141,380.0,10.082375,34.747805,2.43975,7.181018104
TARA_G100009218,2011-05-22 13:20:00+00:00,-1.8902,-84.6141,380.0,10.082375,34.747805,2.43975,7.181018104
TARA_G100009219,2011-05-22 13:20:00+00:00,-1.8902,-84.6141,380.0,10.082375,34.747805,2.43975,7.181018104
TARA_G100009226,2011-05-22 13:20:00+00:00,-1.8902,-84.6141,380.0,10.082375,34.747805,2.43975,7.181018104
TARA_G100009227,2011-05-22 13:20:00+00:00,-1.8902,-84.6141,380.0,10.082375,34.747805,2.43975,7.181018104
TARA_B000001607,2011-05-22 13:20:00+00:00,-1.8902,-84.6141,380.0,10.082375,34.747805,2.43975,7.181018104
TARA_B000001608,2011-05-22 13:20:00+00:00,-1.8902,-84.6141,380.0,10.082375,34.747805,2.43975,7.181018104
TARA_B000001609,2011-05-22 13:20:00+00:00,-1.8902,-84.6141,380.0,10.082375,34.747805,2.43975,7.181018104
TARA_B000001610,2011-05-22 13:20:00+00:00,-1.8902,-84.6141,380.0,10.082375,34.747805,2.43975,7.181018104
TARA_R000001176,2011-05-22 13:20:00+00:00,-1.8902,-84.6141,380.0,10.082375,34.747805,2.43975,7.181018104
TARA_R000001177,2011-05-22 13:20:00+00:00,-1.8902,-84.6141,380.0,10.082375,34.747805,2.43975,7.181018104
TARA_R000001178,2011-05-22 13:20:00+00:00,-1.8902,-84.6141,380.0,10.082375,34.747805,2.43975,7.181018104
TARA_R000001173,2011-05-22 13:20:00+00:00,-1.8902,-84.6141,380.0,10.082375,34.747805,2.43975,7.181018104
TARA_R000001174,2011-05-22 13:20:00+00:00,-1.8902,-84.6141,380.0,10.082375,34.747805,2.43975,7.181018104
TARA_G000000386,2011-05-22 13:20:00+00:00,-1.8902,-84.6141,380.0,10.082375,34.747805,2.43975,7.181018104
TARA_G000000387,2011-05-22 13:20:00+00:00,-1.8902,-84.6141,380.0,10.082375,34.747805,2.43975,7.181018104
TARA_G000000388,2011-05-22 13:20:00+00:00,-1.8902,-84.6141,380.0,10.082375,34.747805,2.43975,7.181018104
TARA_G100009224,2011-05-22 13:20:00+00:00,-1.8902,-84.6141,380.0,10.082375,34.747805,2.43975,7.181018104
TARA_G100009225,2011-05-22 13:20:00+00:00,-1.8902,-84.6141,380.0,10.082375,34.747805,2.43975,7.181018104
TARA_G100009217,2011-05-22 13:20:00+00:00,-1.8902,-84.6141,380.0,10.082375,34.747805,2.43975,7.181018104
TARA_G100009220,2011-05-22 13:20:00+00:00,-1.8902,-84.6141,380.0,10.082375,34.747805,2.43975,7.181018104
TARA_G100009221,2011-05-22 13:20:00+00:00,-1.8902,-84.6141,380.0,10.082375,34.747805,2.43975,7.181018104
TARA_B100001080,2011-05-22 13:20:00+00:00,-1.8902,-84.6141,380.0,10.082375,34.747805,2.43975,7.181018104
TARA_R100001578,2011-05-22 13:20:00+00:00,-1.8902,-84.6141,380.0,10.082375,34.747805,2.43975,7.181018104
TARA_G100009222,2011-05-22 13:20:00+00:00,-1.8902,-84.6141,380.0,10.082375,34.747805,2.43975,7.181018104
TARA_G100009223,2011-05-22 13:20:00+00:00,-1.8902,-84.6141,380.0,10.082375,34.747805,2.43975,7.181018104
TARA_R000001170,2011-05-22 13:20:00+00:00,-1.8902,-84.6141,380.0,10.082375,34.747805,2.43975,7.181018104
TARA_R000001171,2011-05-22 13:20:00+00:00,-1.8902,-84.6141,380.0,10.082375,34.747805,2.43975,7.181018104
TARA_R000001172,2011-05-22 13:20:00+00:00,-1.8902,-84.6141,380.0,10.082375,34.747805,2.43975,7.181018104
TARA_R100001576,2011-05-22 13:20:00+00:00,-1.8902,-84.6141,380.0,10.082375,34.747805,2.43975,7.181018104
TARA_R100001577,2011-05-22 13:20:00+00:00,-1.8902,-84.6141,380.0,10.082375,34.747805,2.43975,7.181018104
TARA_B100001078,2011-05-22 13:20:00+00:00,-1.8902,-84.6141,380.0,10.082375,34.747805,2.43975,7.181018104
TARA_B100001079,2011-05-22 13:20:00+00:00,-1.8902,-84.6141,380.0,10.082375,34.747805,2.43975,7.181018104
TARA_B000001605,2011-05-22 13:20:00+00:00,-1.8902,-84.6141,380.0,10.082375,34.747805,2.43975,7.181018104
TARA_B000001606,2011-05-22 13:20:00+00:00,-1.8902,-84.6141,380.0,10.082375,34.747805,2.43975,7.181018104
TARA_N000001803,2011-05-22 13:20:00+00:00,-1.8902,-84.6141,380.0,10.082375,34.747805,2.43975,7.181018104
TARA_N000001805,2011-05-22 13:20:00+00:00,-1.8902,-84.6141,380.0,10.082375,34.747805,2.43975,7.181018104
TARA_N000001802,2011-05-22 13:20:00+00:00,-1.8902,-84.6141,380.0,10.082375,34.747805,2.43975,7.181018104
TARA_N000001804,2011-05-22 13:20:00+00:00,-1.8902,-84.6141,380.0,10.082375,34.747805,2.43975,7.181018104
TARA_B000001603,2011-05-22 13:20:00+00:00,-1.8902,-84.6141,380.0,10.082375,34.747805,2.43975,7.181018104
TARA_B000001604,2011-05-22 13:20:00+00:00,-1.8902,-84.6141,380.0,10.082375,34.747805,2.43975,7.181018104
TARA_B100001076,2011-05-22 13:20:00+00:00,-1.8902,-84.6141,380.0,10.082375,34.747805,2.43975,7.181018104
TARA_B100001077,2011-05-22 13:20:00+00:00,-1.8902,-84.6141,380.0,10.082375,34.747805,2.43975,7.181018104
TARA_Y100001996,2011-05-22 13:20:00+00:00,-1.8902,-84.6141,380.0,10.082375,34.747805,2.43975,7.181018104
TARA_Y100002002,2011-05-22 13:20:00+00:00,-1.8902,-84.6141,380.0,10.082375,34.747805,2.43975,7.181018104
TARA_Y100002003,2011-05-22 13:20:00+00:00,-1.8902,-84.6141,380.0,10.082375,34.747805,2.43975,7.181018104
TARA_Y100002000,2011-05-22 13:20:00+00:00,-1.8902,-84.6141,380.0,10.082375,34.747805,2.43975,7.181018104
TARA_Y100002001,2011-05-22 13:20:00+00:00,-1.8902,-84.6141,380.0,10.082375,34.747805,2.43975,7.181018104
TARA_R100001575,2011-05-22 13:20:00+00:00,-1.8902,-84.6141,380.0,10.082375,34.747805,2.43975,7.181018104
TARA_G000000384,2011-05-22 13:20:00+00:00,-1.8902,-84.6141,380.0,10.082375,34.747805,2.43975,7.181018104
TARA_G000000385,2011-05-22 13:20:00+00:00,-1.8902,-84.6141,380.0,10.082375,34.747805,2.43975,7.181018104
TARA_P100001589,2011-05-22 20:50:00+00:00,-1.8155,-84.629,50.0,22.267145,35.032215,154.55155,6.796421877
TARA_P100001590,2011-05-22 20:50:00+00:00,-1.8155,-84.629,50.0,22.267145,35.032215,154.55155,6.796421877
TARA_G100009795,2011-05-22 20:50:00+00:00,-1.8155,-84.629,50.0,22.267145,35.032215,154.55155,6.796421877
TARA_G100009796,2011-05-22 20:50:00+00:00,-1.8155,-84.629,50.0,22.267145,35.032215,154.55155,6.796421877
TARA_G100009810,2011-05-22 20:50:00+00:00,-1.8155,-84.629,50.0,22.267145,35.032215,154.55155,6.796421877
TARA_G100009799,2011-05-22 20:50:00+00:00,-1.8155,-84.629,50.0,22.267145,35.032215,154.55155,6.796421877
TARA_G100009800,2011-05-22 20:50:00+00:00,-1.8155,-84.629,50.0,22.267145,35.032215,154.55155,6.796421877
TARA_G100009807,2011-05-22 20:50:00+00:00,-1.8155,-84.629,50.0,22.267145,35.032215,154.55155,6.796421877
TARA_G100009808,2011-05-22 20:50:00+00:00,-1.8155,-84.629,50.0,22.267145,35.032215,154.55155,6.796421877
TARA_N000001764,2011-05-22 20:50:00+00:00,-1.8155,-84.629,50.0,22.267145,35.032215,154.55155,6.796421877
TARA_N000001765,2011-05-22 20:50:00+00:00,-1.8155,-84.629,50.0,22.267145,35.032215,154.55155,6.796421877
TARA_N000001780,2011-05-22 20:50:00+00:00,-1.8155,-84.629,50.0,22.267145,35.032215,154.55155,6.796421877
TARA_N000001781,2011-05-22 20:50:00+00:00,-1.8155,-84.629,50.0,22.267145,35.032215,154.55155,6.796421877
TARA_G100009803,2011-05-22 20:50:00+00:00,-1.8155,-84.629,50.0,22.267145,35.032215,154.55155,6.796421877
TARA_G100009804,2011-05-22 20:50:00+00:00,-1.8155,-84.629,50.0,22.267145,35.032215,154.55155,6.796421877
TARA_B000001283,2011-05-31 14:25:00+00:00,-16.9601,-100.6335,5.0,22.78183,35.98269,209.1003,6.628351803
TARA_B000001284,2011-05-31 14:25:00+00:00,-16.9601,-100.6335,5.0,22.78183,35.98269,209.1003,6.628351803
TARA_B000001285,2011-05-31 14:25:00+00:00,-16.9601,-100.6335,5.0,22.78183,35.98269,209.1003,6.628351803
TARA_Y100000548,2011-05-31 14:25:00+00:00,-16.9601,-100.6335,5.0,22.78183,35.98269,209.1003,6.628351803
TARA_Y100000549,2011-05-31 14:25:00+00:00,-16.9601,-100.6335,5.0,22.78183,35.98269,209.1003,6.628351803
TARA_Y000000196,2011-05-31 14:25:00+00:00,-16.9601,-100.6335,5.0,22.78183,35.98269,209.1003,6.628351803
TARA_Y000000197,2011-05-31 14:25:00+00:00,-16.9601,-100.6335,5.0,22.78183,35.98269,209.1003,6.628351803
TARA_R100000648,2011-05-31 14:25:00+00:00,-16.9601,-100.6335,5.0,22.78183,35.98269,209.1003,6.628351803
TARA_R100000649,2011-05-31 14:25:00+00:00,-16.9601,-100.6335,5.0,22.78183,35.98269,209.1003,6.628351803
TARA_R000001054,2011-05-31 14:25:00+00:00,-16.9601,-100.6335,5.0,22.78183,35.98269,209.1003,6.628351803
TARA_R000001055,2011-05-31 14:25:00+00:00,-16.9601,-100.6335,5.0,22.78183,35.98269,209.1003,6.628351803
TARA_R000001056,2011-05-31 14:25:00+00:00,-16.9601,-100.6335,5.0,22.78183,35.98269,209.1003,6.628351803
TARA_G100009841,2011-05-31 14:25:00+00:00,-16.9601,-100.6335,5.0,22.78183,35.98269,209.1003,6.628351803
TARA_G100009842,2011-05-31 14:25:00+00:00,-16.9601,-100.6335,5.0,22.78183,35.98269,209.1003,6.628351803
TARA_G100009861,2011-05-31 14:25:00+00:00,-16.9601,-100.6335,5.0,22.78183,35.98269,209.1003,6.628351803
TARA_G100009862,2011-05-31 14:25:00+00:00,-16.9601,-100.6335,5.0,22.78183,35.98269,209.1003,6.628351803
TARA_G100009849,2011-05-31 14:25:00+00:00,-16.9601,-100.6335,5.0,22.78183,35.98269,209.1003,6.628351803
TARA_G100009850,2011-05-31 14:25:00+00:00,-16.9601,-100.6335,5.0,22.78183,35.98269,209.1003,6.628351803
TARA_G100009833,2011-05-31 14:25:00+00:00,-16.9601,-100.6335,5.0,22.78183,35.98269,209.1003,6.628351803
TARA_G100009834,2011-05-31 14:25:00+00:00,-16.9601,-100.6335,5.0,22.78183,35.98269,209.1003,6.628351803
TARA_G100009869,2011-05-31 14:25:00+00:00,-16.9601,-100.6335,5.0,22.78183,35.98269,209.1003,6.628351803
TARA_G100009870,2011-05-31 14:25:00+00:00,-16.9601,-100.6335,5.0,22.78183,35.98269,209.1003,6.628351803
TARA_B000001292,2011-05-31 14:25:00+00:00,-16.9601,-100.6335,5.0,22.78183,35.98269,209.1003,6.628351803
TARA_B000001293,2011-05-31 14:25:00+00:00,-16.9601,-100.6335,5.0,22.78183,35.98269,209.1003,6.628351803
TARA_B000001294,2011-05-31 14:25:00+00:00,-16.9601,-100.6335,5.0,22.78183,35.98269,209.1003,6.628351803
TARA_B000001295,2011-05-31 14:25:00+00:00,-16.9601,-100.6335,5.0,22.78183,35.98269,209.1003,6.628351803
TARA_R000001078,2011-05-31 14:25:00+00:00,-16.9601,-100.6335,5.0,22.78183,35.98269,209.1003,6.628351803
TARA_R000001079,2011-05-31 14:25:00+00:00,-16.9601,-100.6335,5.0,22.78183,35.98269,209.1003,6.628351803
TARA_R000001080,2011-05-31 14:25:00+00:00,-16.9601,-100.6335,5.0,22.78183,35.98269,209.1003,6.628351803
TARA_R000001072,2011-05-31 14:25:00+00:00,-16.9601,-100.6335,5.0,22.78183,35.98269,209.1003,6.628351803
TARA_R000001073,2011-05-31 14:25:00+00:00,-16.9601,-100.6335,5.0,22.78183,35.98269,209.1003,6.628351803
TARA_G000002101,2011-05-31 14:25:00+00:00,-16.9601,-100.6335,5.0,22.78183,35.98269,209.1003,6.628351803
TARA_G000002111,2011-05-31 14:25:00+00:00,-16.9601,-100.6335,5.0,22.78183,35.98269,209.1003,6.628351803
TARA_G000002112,2011-05-31 14:25:00+00:00,-16.9601,-100.6335,5.0,22.78183,35.98269,209.1003,6.628351803
TARA_G100009865,2011-05-31 14:25:00+00:00,-16.9601,-100.6335,5.0,22.78183,35.98269,209.1003,6.628351803
TARA_G100009866,2011-05-31 14:25:00+00:00,-16.9601,-100.6335,5.0,22.78183,35.98269,209.1003,6.628351803
TARA_G100009845,2011-05-31 14:25:00+00:00,-16.9601,-100.6335,5.0,22.78183,35.98269,209.1003,6.628351803
TARA_G100009846,2011-05-31 14:25:00+00:00,-16.9601,-100.6335,5.0,22.78183,35.98269,209.1003,6.628351803
TARA_B100000587,2011-05-31 14:25:00+00:00,-16.9601,-100.6335,5.0,22.78183,35.98269,209.1003,6.628351803
TARA_R100000628,2011-05-31 14:25:00+00:00,-16.9601,-100.6335,5.0,22.78183,35.98269,209.1003,6.628351803
TARA_G100009837,2011-05-31 14:25:00+00:00,-16.9601,-100.6335,5.0,22.78183,35.98269,209.1003,6.628351803
TARA_G100009838,2011-05-31 14:25:00+00:00,-16.9601,-100.6335,5.0,22.78183,35.98269,209.1003,6.628351803
TARA_G100009857,2011-05-31 14:25:00+00:00,-16.9601,-100.6335,5.0,22.78183,35.98269,209.1003,6.628351803
TARA_G100009858,2011-05-31 14:25:00+00:00,-16.9601,-100.6335,5.0,22.78183,35.98269,209.1003,6.628351803
TARA_G100009853,2011-05-31 14:25:00+00:00,-16.9601,-100.6335,5.0,22.78183,35.98269,209.1003,6.628351803
TARA_G100009854,2011-05-31 14:25:00+00:00,-16.9601,-100.6335,5.0,22.78183,35.98269,209.1003,6.628351803
TARA_R000001063,2011-05-31 14:25:00+00:00,-16.9601,-100.6335,5.0,22.78183,35.98269,209.1003,6.628351803
TARA_R000001064,2011-05-31 14:25:00+00:00,-16.9601,-100.6335,5.0,22.78183,35.98269,209.1003,6.628351803
TARA_R000001087,2011-05-31 14:25:00+00:00,-16.9601,-100.6335,5.0,22.78183,35.98269,209.1003,6.628351803
TARA_R100000622,2011-05-31 14:25:00+00:00,-16.9601,-100.6335,5.0,22.78183,35.98269,209.1003,6.628351803
TARA_R100000623,2011-05-31 14:25:00+00:00,-16.9601,-100.6335,5.0,22.78183,35.98269,209.1003,6.628351803
TARA_G100009829,2011-05-31 14:25:00+00:00,-16.9601,-100.6335,5.0,22.78183,35.98269,209.1003,6.628351803
TARA_G100009830,2011-05-31 14:25:00+00:00,-16.9601,-100.6335,5.0,22.78183,35.98269,209.1003,6.628351803
TARA_B100000577,2011-05-31 14:25:00+00:00,-16.9601,-100.6335,5.0,22.78183,35.98269,209.1003,6.628351803
TARA_B100000578,2011-05-31 14:25:00+00:00,-16.9601,-100.6335,5.0,22.78183,35.98269,209.1003,6.628351803
TARA_B000001273,2011-05-31 14:25:00+00:00,-16.9601,-100.6335,5.0,22.78183,35.98269,209.1003,6.628351803
TARA_B000001274,2011-05-31 14:25:00+00:00,-16.9601,-100.6335,5.0,22.78183,35.98269,209.1003,6.628351803
TARA_N000001810,2011-05-31 14:25:00+00:00,-16.9601,-100.6335,5.0,22.78183,35.98269,209.1003,6.628351803
TARA_N000001811,2011-05-31 14:25:00+00:00,-16.9601,-100.6335,5.0,22.78183,35.98269,209.1003,6.628351803
TARA_N000001812,2011-05-31 14:25:00+00:00,-16.9601,-100.6335,5.0,22.78183,35.98269,209.1003,6.628351803
TARA_N000001813,2011-05-31 14:25:00+00:00,-16.9601,-100.6335,5.0,22.78183,35.98269,209.1003,6.628351803
TARA_N000001830,2011-05-31 14:25:00+00:00,-16.9601,-100.6335,5.0,22.78183,35.98269,209.1003,6.628351803
TARA_N000001831,2011-05-31 14:25:00+00:00,-16.9601,-100.6335,5.0,22.78183,35.98269,209.1003,6.628351803
TARA_B000001271,2011-05-31 14:25:00+00:00,-16.9601,-100.6335,5.0,22.78183,35.98269,209.1003,6.628351803
TARA_B000001272,2011-05-31 14:25:00+00:00,-16.9601,-100.6335,5.0,22.78183,35.98269,209.1003,6.628351803
TARA_B100000575,2011-05-31 14:25:00+00:00,-16.9601,-100.6335,5.0,22.78183,35.98269,209.1003,6.628351803
TARA_B100000576,2011-05-31 14:25:00+00:00,-16.9601,-100.6335,5.0,22.78183,35.98269,209.1003,6.628351803
TARA_N000001818,2011-05-31 14:25:00+00:00,-16.9601,-100.6335,5.0,22.78183,35.98269,209.1003,6.628351803
TARA_N000001834,2011-05-31 14:25:00+00:00,-16.9601,-100.6335,5.0,22.78183,35.98269,209.1003,6.628351803
TARA_Y100000542,2011-05-31 14:25:00+00:00,-16.9601,-100.6335,5.0,22.78183,35.98269,209.1003,6.628351803
TARA_Y100000540,2011-05-31 14:25:00+00:00,-16.9601,-100.6335,5.0,22.78183,35.98269,209.1003,6.628351803
TARA_Y100000541,2011-05-31 14:25:00+00:00,-16.9601,-100.6335,5.0,22.78183,35.98269,209.1003,6.628351803
TARA_Y100000538,2011-05-31 14:25:00+00:00,-16.9601,-100.6335,5.0,22.78183,35.98269,209.1003,6.628351803
TARA_Y100000539,2011-05-31 14:25:00+00:00,-16.9601,-100.6335,5.0,22.78183,35.98269,209.1003,6.628351803
TARA_R100000654,2011-05-31 14:25:00+00:00,-16.9601,-100.6335,5.0,22.78183,35.98269,209.1003,6.628351803
TARA_G000002107,2011-05-31 14:25:00+00:00,-16.9601,-100.6335,5.0,22.78183,35.98269,209.1003,6.628351803
TARA_G000002108,2011-05-31 14:25:00+00:00,-16.9601,-100.6335,5.0,22.78183,35.98269,209.1003,6.628351803
TARA_G000000403,2011-05-31 14:25:00+00:00,-16.9601,-100.6335,5.0,22.78183,35.98269,209.1003,6.628351803
TARA_G000000404,2011-05-31 14:25:00+00:00,-16.9601,-100.6335,5.0,22.78183,35.98269,209.1003,6.628351803
TARA_P100001563,2011-05-31 15:41:00+00:00,-16.9581,-100.6588,5.0,22.78183,35.98269,209.1003,6.628351803
TARA_G100009873,2011-05-31 15:41:00+00:00,-16.9581,-100.6588,5.0,22.78183,35.98269,209.1003,6.628351803
TARA_G100009874,2011-05-31 15:41:00+00:00,-16.9581,-100.6588,5.0,22.78183,35.98269,209.1003,6.628351803
TARA_G100009881,2011-05-31 15:41:00+00:00,-16.9581,-100.6588,5.0,22.78183,35.98269,209.1003,6.628351803
TARA_G100009882,2011-05-31 15:41:00+00:00,-16.9581,-100.6588,5.0,22.78183,35.98269,209.1003,6.628351803
TARA_G100009889,2011-05-31 15:41:00+00:00,-16.9581,-100.6588,5.0,22.78183,35.98269,209.1003,6.628351803
TARA_G100009890,2011-05-31 15:41:00+00:00,-16.9581,-100.6588,5.0,22.78183,35.98269,209.1003,6.628351803
TARA_G100010123,2011-05-31 15:41:00+00:00,-16.9581,-100.6588,5.0,22.78183,35.98269,209.1003,6.628351803
TARA_G100010126,2011-05-31 15:41:00+00:00,-16.9581,-100.6588,5.0,22.78183,35.98269,209.1003,6.628351803
TARA_G100009877,2011-05-31 15:41:00+00:00,-16.9581,-100.6588,5.0,22.78183,35.98269,209.1003,6.628351803
TARA_G100009878,2011-05-31 15:41:00+00:00,-16.9581,-100.6588,5.0,22.78183,35.98269,209.1003,6.628351803
TARA_G100009885,2011-05-31 15:41:00+00:00,-16.9581,-100.6588,5.0,22.78183,35.98269,209.1003,6.628351803
TARA_G100009886,2011-05-31 15:41:00+00:00,-16.9581,-100.6588,5.0,22.78183,35.98269,209.1003,6.628351803
TARA_N000001822,2011-05-31 15:41:00+00:00,-16.9581,-100.6588,5.0,22.78183,35.98269,209.1003,6.628351803
TARA_N000001823,2011-05-31 15:41:00+00:00,-16.9581,-100.6588,5.0,22.78183,35.98269,209.1003,6.628351803
TARA_N000001838,2011-05-31 15:41:00+00:00,-16.9581,-100.6588,5.0,22.78183,35.98269,209.1003,6.628351803
TARA_N000001839,2011-05-31 15:41:00+00:00,-16.9581,-100.6588,5.0,22.78183,35.98269,209.1003,6.628351803
TARA_G100009893,2011-05-31 15:41:00+00:00,-16.9581,-100.6588,5.0,22.78183,35.98269,209.1003,6.628351803
TARA_G100009894,2011-05-31 15:41:00+00:00,-16.9581,-100.6588,5.0,22.78183,35.98269,209.1003,6.628351803
TARA_P100001615,2011-05-31 17:08:00+00:00,-16.9554,-100.6911,5.0,22.78183,35.98269,209.1003,6.628351803
TARA_G100009932,2011-05-31 17:08:00+00:00,-16.9554,-100.6911,5.0,22.78183,35.98269,209.1003,6.628351803
TARA_G100009933,2011-05-31 17:08:00+00:00,-16.9554,-100.6911,5.0,22.78183,35.98269,209.1003,6.628351803
TARA_G100009948,2011-05-31 17:08:00+00:00,-16.9554,-100.6911,5.0,22.78183,35.98269,209.1003,6.628351803
TARA_G100009936,2011-05-31 17:08:00+00:00,-16.9554,-100.6911,5.0,22.78183,35.98269,209.1003,6.628351803
TARA_G100009937,2011-05-31 17:08:00+00:00,-16.9554,-100.6911,5.0,22.78183,35.98269,209.1003,6.628351803
TARA_G100009944,2011-05-31 17:08:00+00:00,-16.9554,-100.6911,5.0,22.78183,35.98269,209.1003,6.628351803
TARA_G100009945,2011-05-31 17:08:00+00:00,-16.9554,-100.6911,5.0,22.78183,35.98269,209.1003,6.628351803
TARA_N000001826,2011-05-31 17:08:00+00:00,-16.9554,-100.6911,5.0,22.78183,35.98269,209.1003,6.628351803
TARA_N000001827,2011-05-31 17:08:00+00:00,-16.9554,-100.6911,5.0,22.78183,35.98269,209.1003,6.628351803
TARA_N000001842,2011-05-31 17:08:00+00:00,-16.9554,-100.6911,5.0,22.78183,35.98269,209.1003,6.628351803
TARA_N000001843,2011-05-31 17:08:00+00:00,-16.9554,-100.6911,5.0,22.78183,35.98269,209.1003,6.628351803
TARA_G100009940,2011-05-31 17:08:00+00:00,-16.9554,-100.6911,5.0,22.78183,35.98269,209.1003,6.628351803
TARA_G100009941,2011-05-31 17:08:00+00:00,-16.9554,-100.6911,5.0,22.78183,35.98269,209.1003,6.628351803
TARA_B000001286,2011-05-31 20:28:00+00:00,-16.9587,-100.6751,90.0,19.783275,35.69581,208.54895,6.687022359
TARA_B000001287,2011-05-31 20:28:00+00:00,-16.9587,-100.6751,90.0,19.783275,35.69581,208.54895,6.687022359
TARA_B000001288,2011-05-31 20:28:00+00:00,-16.9587,-100.6751,90.0,19.783275,35.69581,208.54895,6.687022359
TARA_Y100000550,2011-05-31 20:28:00+00:00,-16.9587,-100.6751,90.0,19.783275,35.69581,208.54895,6.687022359
TARA_Y100000551,2011-05-31 20:28:00+00:00,-16.9587,-100.6751,90.0,19.783275,35.69581,208.54895,6.687022359
TARA_Y000000198,2011-05-31 20:28:00+00:00,-16.9587,-100.6751,90.0,19.783275,35.69581,208.54895,6.687022359
TARA_Y000000199,2011-05-31 20:28:00+00:00,-16.9587,-100.6751,90.0,19.783275,35.69581,208.54895,6.687022359
TARA_R100000650,2011-05-31 20:28:00+00:00,-16.9587,-100.6751,90.0,19.783275,35.69581,208.54895,6.687022359
TARA_R100000651,2011-05-31 20:28:00+00:00,-16.9587,-100.6751,90.0,19.783275,35.69581,208.54895,6.687022359
TARA_R000001057,2011-05-31 20:28:00+00:00,-16.9587,-100.6751,90.0,19.783275,35.69581,208.54895,6.687022359
TARA_R000001058,2011-05-31 20:28:00+00:00,-16.9587,-100.6751,90.0,19.783275,35.69581,208.54895,6.687022359
TARA_R000001059,2011-05-31 20:28:00+00:00,-16.9587,-100.6751,90.0,19.783275,35.69581,208.54895,6.687022359
TARA_G100009843,2011-05-31 20:28:00+00:00,-16.9587,-100.6751,90.0,19.783275,35.69581,208.54895,6.687022359
TARA_G100009844,2011-05-31 20:28:00+00:00,-16.9587,-100.6751,90.0,19.783275,35.69581,208.54895,6.687022359
TARA_G100009863,2011-05-31 20:28:00+00:00,-16.9587,-100.6751,90.0,19.783275,35.69581,208.54895,6.687022359
TARA_G100009851,2011-05-31 20:28:00+00:00,-16.9587,-100.6751,90.0,19.783275,35.69581,208.54895,6.687022359
TARA_G100009852,2011-05-31 20:28:00+00:00,-16.9587,-100.6751,90.0,19.783275,35.69581,208.54895,6.687022359
TARA_G100009835,2011-05-31 20:28:00+00:00,-16.9587,-100.6751,90.0,19.783275,35.69581,208.54895,6.687022359
TARA_G100009836,2011-05-31 20:28:00+00:00,-16.9587,-100.6751,90.0,19.783275,35.69581,208.54895,6.687022359
TARA_G100009871,2011-05-31 20:28:00+00:00,-16.9587,-100.6751,90.0,19.783275,35.69581,208.54895,6.687022359
TARA_G100009872,2011-05-31 20:28:00+00:00,-16.9587,-100.6751,90.0,19.783275,35.69581,208.54895,6.687022359
TARA_B000001296,2011-05-31 20:28:00+00:00,-16.9587,-100.6751,90.0,19.783275,35.69581,208.54895,6.687022359
TARA_B000001297,2011-05-31 20:28:00+00:00,-16.9587,-100.6751,90.0,19.783275,35.69581,208.54895,6.687022359
TARA_B000001298,2011-05-31 20:28:00+00:00,-16.9587,-100.6751,90.0,19.783275,35.69581,208.54895,6.687022359
TARA_B000001299,2011-05-31 20:28:00+00:00,-16.9587,-100.6751,90.0,19.783275,35.69581,208.54895,6.687022359
TARA_R000001081,2011-05-31 20:28:00+00:00,-16.9587,-100.6751,90.0,19.783275,35.69581,208.54895,6.687022359
TARA_R000001082,2011-05-31 20:28:00+00:00,-16.9587,-100.6751,90.0,19.783275,35.69581,208.54895,6.687022359
TARA_R000001083,2011-05-31 20:28:00+00:00,-16.9587,-100.6751,90.0,19.783275,35.69581,208.54895,6.687022359
TARA_R000001074,2011-05-31 20:28:00+00:00,-16.9587,-100.6751,90.0,19.783275,35.69581,208.54895,6.687022359
TARA_R000001075,2011-05-31 20:28:00+00:00,-16.9587,-100.6751,90.0,19.783275,35.69581,208.54895,6.687022359
TARA_G000002102,2011-05-31 20:28:00+00:00,-16.9587,-100.6751,90.0,19.783275,35.69581,208.54895,6.687022359
TARA_G000002103,2011-05-31 20:28:00+00:00,-16.9587,-100.6751,90.0,19.783275,35.69581,208.54895,6.687022359
TARA_G000002104,2011-05-31 20:28:00+00:00,-16.9587,-100.6751,90.0,19.783275,35.69581,208.54895,6.687022359
TARA_G100009867,2011-05-31 20:28:00+00:00,-16.9587,-100.6751,90.0,19.783275,35.69581,208.54895,6.687022359
TARA_G100009868,2011-05-31 20:28:00+00:00,-16.9587,-100.6751,90.0,19.783275,35.69581,208.54895,6.687022359
TARA_G100009847,2011-05-31 20:28:00+00:00,-16.9587,-100.6751,90.0,19.783275,35.69581,208.54895,6.687022359
TARA_G100009848,2011-05-31 20:28:00+00:00,-16.9587,-100.6751,90.0,19.783275,35.69581,208.54895,6.687022359
TARA_B100000588,2011-05-31 20:28:00+00:00,-16.9587,-100.6751,90.0,19.783275,35.69581,208.54895,6.687022359
TARA_R100000629,2011-05-31 20:28:00+00:00,-16.9587,-100.6751,90.0,19.783275,35.69581,208.54895,6.687022359
TARA_G100009839,2011-05-31 20:28:00+00:00,-16.9587,-100.6751,90.0,19.783275,35.69581,208.54895,6.687022359
TARA_G100009840,2011-05-31 20:28:00+00:00,-16.9587,-100.6751,90.0,19.783275,35.69581,208.54895,6.687022359
TARA_G100009859,2011-05-31 20:28:00+00:00,-16.9587,-100.6751,90.0,19.783275,35.69581,208.54895,6.687022359
TARA_G100009860,2011-05-31 20:28:00+00:00,-16.9587,-100.6751,90.0,19.783275,35.69581,208.54895,6.687022359
TARA_G100009855,2011-05-31 20:28:00+00:00,-16.9587,-100.6751,90.0,19.783275,35.69581,208.54895,6.687022359
TARA_G100009856,2011-05-31 20:28:00+00:00,-16.9587,-100.6751,90.0,19.783275,35.69581,208.54895,6.687022359
TARA_R000001066,2011-05-31 20:28:00+00:00,-16.9587,-100.6751,90.0,19.783275,35.69581,208.54895,6.687022359
TARA_R000001067,2011-05-31 20:28:00+00:00,-16.9587,-100.6751,90.0,19.783275,35.69581,208.54895,6.687022359
TARA_R000001068,2011-05-31 20:28:00+00:00,-16.9587,-100.6751,90.0,19.783275,35.69581,208.54895,6.687022359
TARA_R100000624,2011-05-31 20:28:00+00:00,-16.9587,-100.6751,90.0,19.783275,35.69581,208.54895,6.687022359
TARA_R100000625,2011-05-31 20:28:00+00:00,-16.9587,-100.6751,90.0,19.783275,35.69581,208.54895,6.687022359
TARA_G100009831,2011-05-31 20:28:00+00:00,-16.9587,-100.6751,90.0,19.783275,35.69581,208.54895,6.687022359
TARA_G100009832,2011-05-31 20:28:00+00:00,-16.9587,-100.6751,90.0,19.783275,35.69581,208.54895,6.687022359
TARA_B100000581,2011-05-31 20:28:00+00:00,-16.9587,-100.6751,90.0,19.783275,35.69581,208.54895,6.687022359
TARA_B100000582,2011-05-31 20:28:00+00:00,-16.9587,-100.6751,90.0,19.783275,35.69581,208.54895,6.687022359
TARA_B000001277,2011-05-31 20:28:00+00:00,-16.9587,-100.6751,90.0,19.783275,35.69581,208.54895,6.687022359
TARA_B000001278,2011-05-31 20:28:00+00:00,-16.9587,-100.6751,90.0,19.783275,35.69581,208.54895,6.687022359
TARA_N000001814,2011-05-31 20:28:00+00:00,-16.9587,-100.6751,90.0,19.783275,35.69581,208.54895,6.687022359
TARA_N000001815,2011-05-31 20:28:00+00:00,-16.9587,-100.6751,90.0,19.783275,35.69581,208.54895,6.687022359
TARA_N000001816,2011-05-31 20:28:00+00:00,-16.9587,-100.6751,90.0,19.783275,35.69581,208.54895,6.687022359
TARA_N000001832,2011-05-31 20:28:00+00:00,-16.9587,-100.6751,90.0,19.783275,35.69581,208.54895,6.687022359
TARA_B000001275,2011-05-31 20:28:00+00:00,-16.9587,-100.6751,90.0,19.783275,35.69581,208.54895,6.687022359
TARA_B000001276,2011-05-31 20:28:00+00:00,-16.9587,-100.6751,90.0,19.783275,35.69581,208.54895,6.687022359
TARA_B100000579,2011-05-31 20:28:00+00:00,-16.9587,-100.6751,90.0,19.783275,35.69581,208.54895,6.687022359
TARA_B100000580,2011-05-31 20:28:00+00:00,-16.9587,-100.6751,90.0,19.783275,35.69581,208.54895,6.687022359
TARA_N000001820,2011-05-31 20:28:00+00:00,-16.9587,-100.6751,90.0,19.783275,35.69581,208.54895,6.687022359
TARA_N000001836,2011-05-31 20:28:00+00:00,-16.9587,-100.6751,90.0,19.783275,35.69581,208.54895,6.687022359
TARA_Y100000547,2011-05-31 20:28:00+00:00,-16.9587,-100.6751,90.0,19.783275,35.69581,208.54895,6.687022359
TARA_Y100000545,2011-05-31 20:28:00+00:00,-16.9587,-100.6751,90.0,19.783275,35.69581,208.54895,6.687022359
TARA_Y100000546,2011-05-31 20:28:00+00:00,-16.9587,-100.6751,90.0,19.783275,35.69581,208.54895,6.687022359
TARA_Y100000543,2011-05-31 20:28:00+00:00,-16.9587,-100.6751,90.0,19.783275,35.69581,208.54895,6.687022359
TARA_Y100000544,2011-05-31 20:28:00+00:00,-16.9587,-100.6751,90.0,19.783275,35.69581,208.54895,6.687022359
TARA_R100000655,2011-05-31 20:28:00+00:00,-16.9587,-100.6751,90.0,19.783275,35.69581,208.54895,6.687022359
TARA_G000002109,2011-05-31 20:28:00+00:00,-16.9587,-100.6751,90.0,19.783275,35.69581,208.54895,6.687022359
TARA_G000002110,2011-05-31 20:28:00+00:00,-16.9587,-100.6751,90.0,19.783275,35.69581,208.54895,6.687022359
TARA_G000000405,2011-05-31 20:28:00+00:00,-16.9587,-100.6751,90.0,19.783275,35.69581,208.54895,6.687022359
TARA_G000000406,2011-05-31 20:28:00+00:00,-16.9587,-100.6751,90.0,19.783275,35.69581,208.54895,6.687022359
TARA_B000001289,2011-06-01 16:00:00+00:00,-16.9486,-100.6715,350.0,10.69894,34.7072,4.7047,6.674822174
TARA_B000001290,2011-06-01 16:00:00+00:00,-16.9486,-100.6715,350.0,10.69894,34.7072,4.7047,6.674822174
TARA_B000001291,2011-06-01 16:00:00+00:00,-16.9486,-100.6715,350.0,10.69894,34.7072,4.7047,6.674822174
TARA_Y100000552,2011-06-01 16:00:00+00:00,-16.9486,-100.6715,350.0,10.69894,34.7072,4.7047,6.674822174
TARA_Y100000553,2011-06-01 16:00:00+00:00,-16.9486,-100.6715,350.0,10.69894,34.7072,4.7047,6.674822174
TARA_Y000000200,2011-06-01 16:00:00+00:00,-16.9486,-100.6715,350.0,10.69894,34.7072,4.7047,6.674822174
TARA_Y000000201,2011-06-01 16:00:00+00:00,-16.9486,-100.6715,350.0,10.69894,34.7072,4.7047,6.674822174
TARA_R100000652,2011-06-01 16:00:00+00:00,-16.9486,-100.6715,350.0,10.69894,34.7072,4.7047,6.674822174
TARA_R100000653,2011-06-01 16:00:00+00:00,-16.9486,-100.6715,350.0,10.69894,34.7072,4.7047,6.674822174
TARA_R000001060,2011-06-01 16:00:00+00:00,-16.9486,-100.6715,350.0,10.69894,34.7072,4.7047,6.674822174
TARA_R000001061,2011-06-01 16:00:00+00:00,-16.9486,-100.6715,350.0,10.69894,34.7072,4.7047,6.674822174
TARA_R000001062,2011-06-01 16:00:00+00:00,-16.9486,-100.6715,350.0,10.69894,34.7072,4.7047,6.674822174
TARA_G100009819,2011-06-01 16:00:00+00:00,-16.9486,-100.6715,350.0,10.69894,34.7072,4.7047,6.674822174
TARA_G100009820,2011-06-01 16:00:00+00:00,-16.9486,-100.6715,350.0,10.69894,34.7072,4.7047,6.674822174
TARA_G100009827,2011-06-01 16:00:00+00:00,-16.9486,-100.6715,350.0,10.69894,34.7072,4.7047,6.674822174
TARA_G100009828,2011-06-01 16:00:00+00:00,-16.9486,-100.6715,350.0,10.69894,34.7072,4.7047,6.674822174
TARA_B000001300,2011-06-01 16:00:00+00:00,-16.9486,-100.6715,350.0,10.69894,34.7072,4.7047,6.674822174
TARA_B000001301,2011-06-01 16:00:00+00:00,-16.9486,-100.6715,350.0,10.69894,34.7072,4.7047,6.674822174
TARA_B000001302,2011-06-01 16:00:00+00:00,-16.9486,-100.6715,350.0,10.69894,34.7072,4.7047,6.674822174
TARA_B000001303,2011-06-01 16:00:00+00:00,-16.9486,-100.6715,350.0,10.69894,34.7072,4.7047,6.674822174
TARA_R000001084,2011-06-01 16:00:00+00:00,-16.9486,-100.6715,350.0,10.69894,34.7072,4.7047,6.674822174
TARA_R000001085,2011-06-01 16:00:00+00:00,-16.9486,-100.6715,350.0,10.69894,34.7072,4.7047,6.674822174
TARA_R000001086,2011-06-01 16:00:00+00:00,-16.9486,-100.6715,350.0,10.69894,34.7072,4.7047,6.674822174
TARA_R000001076,2011-06-01 16:00:00+00:00,-16.9486,-100.6715,350.0,10.69894,34.7072,4.7047,6.674822174
TARA_R000001077,2011-06-01 16:00:00+00:00,-16.9486,-100.6715,350.0,10.69894,34.7072,4.7047,6.674822174
TARA_G000002097,2011-06-01 16:00:00+00:00,-16.9486,-100.6715,350.0,10.69894,34.7072,4.7047,6.674822174
TARA_G000002098,2011-06-01 16:00:00+00:00,-16.9486,-100.6715,350.0,10.69894,34.7072,4.7047,6.674822174
TARA_G000002099,2011-06-01 16:00:00+00:00,-16.9486,-100.6715,350.0,10.69894,34.7072,4.7047,6.674822174
TARA_G100009825,2011-06-01 16:00:00+00:00,-16.9486,-100.6715,350.0,10.69894,34.7072,4.7047,6.674822174
TARA_G100009826,2011-06-01 16:00:00+00:00,-16.9486,-100.6715,350.0,10.69894,34.7072,4.7047,6.674822174
TARA_G000002100,2011-06-01 16:00:00+00:00,-16.9486,-100.6715,350.0,10.69894,34.7072,4.7047,6.674822174
TARA_G100009821,2011-06-01 16:00:00+00:00,-16.9486,-100.6715,350.0,10.69894,34.7072,4.7047,6.674822174
TARA_G100009822,2011-06-01 16:00:00+00:00,-16.9486,-100.6715,350.0,10.69894,34.7072,4.7047,6.674822174
TARA_B100000589,2011-06-01 16:00:00+00:00,-16.9486,-100.6715,350.0,10.69894,34.7072,4.7047,6.674822174
TARA_R100000630,2011-06-01 16:00:00+00:00,-16.9486,-100.6715,350.0,10.69894,34.7072,4.7047,6.674822174
TARA_G100009823,2011-06-01 16:00:00+00:00,-16.9486,-100.6715,350.0,10.69894,34.7072,4.7047,6.674822174
TARA_G100009824,2011-06-01 16:00:00+00:00,-16.9486,-100.6715,350.0,10.69894,34.7072,4.7047,6.674822174
TARA_R000001069,2011-06-01 16:00:00+00:00,-16.9486,-100.6715,350.0,10.69894,34.7072,4.7047,6.674822174
TARA_R000001070,2011-06-01 16:00:00+00:00,-16.9486,-100.6715,350.0,10.69894,34.7072,4.7047,6.674822174
TARA_R000001071,2011-06-01 16:00:00+00:00,-16.9486,-100.6715,350.0,10.69894,34.7072,4.7047,6.674822174
TARA_R100000626,2011-06-01 16:00:00+00:00,-16.9486,-100.6715,350.0,10.69894,34.7072,4.7047,6.674822174
TARA_R100000627,2011-06-01 16:00:00+00:00,-16.9486,-100.6715,350.0,10.69894,34.7072,4.7047,6.674822174
TARA_B100000585,2011-06-01 16:00:00+00:00,-16.9486,-100.6715,350.0,10.69894,34.7072,4.7047,6.674822174
TARA_B100000586,2011-06-01 16:00:00+00:00,-16.9486,-100.6715,350.0,10.69894,34.7072,4.7047,6.674822174
TARA_B000001281,2011-06-01 16:00:00+00:00,-16.9486,-100.6715,350.0,10.69894,34.7072,4.7047,6.674822174
TARA_B000001282,2011-06-01 16:00:00+00:00,-16.9486,-100.6715,350.0,10.69894,34.7072,4.7047,6.674822174
TARA_N000001807,2011-06-01 16:00:00+00:00,-16.9486,-100.6715,350.0,10.69894,34.7072,4.7047,6.674822174
TARA_N000001809,2011-06-01 16:00:00+00:00,-16.9486,-100.6715,350.0,10.69894,34.7072,4.7047,6.674822174
TARA_N000001806,2011-06-01 16:00:00+00:00,-16.9486,-100.6715,350.0,10.69894,34.7072,4.7047,6.674822174
TARA_N000001808,2011-06-01 16:00:00+00:00,-16.9486,-100.6715,350.0,10.69894,34.7072,4.7047,6.674822174
TARA_B000001279,2011-06-01 16:00:00+00:00,-16.9486,-100.6715,350.0,10.69894,34.7072,4.7047,6.674822174
TARA_B000001280,2011-06-01 16:00:00+00:00,-16.9486,-100.6715,350.0,10.69894,34.7072,4.7047,6.674822174
TARA_B100000583,2011-06-01 16:00:00+00:00,-16.9486,-100.6715,350.0,10.69894,34.7072,4.7047,6.674822174
TARA_B100000584,2011-06-01 16:00:00+00:00,-16.9486,-100.6715,350.0,10.69894,34.7072,4.7047,6.674822174
TARA_Y100000558,2011-06-01 16:00:00+00:00,-16.9486,-100.6715,350.0,10.69894,34.7072,4.7047,6.674822174
TARA_Y100000556,2011-06-01 16:00:00+00:00,-16.9486,-100.6715,350.0,10.69894,34.7072,4.7047,6.674822174
TARA_Y100000557,2011-06-01 16:00:00+00:00,-16.9486,-100.6715,350.0,10.69894,34.7072,4.7047,6.674822174
TARA_Y100000554,2011-06-01 16:00:00+00:00,-16.9486,-100.6715,350.0,10.69894,34.7072,4.7047,6.674822174
TARA_Y100000555,2011-06-01 16:00:00+00:00,-16.9486,-100.6715,350.0,10.69894,34.7072,4.7047,6.674822174
TARA_R100000656,2011-06-01 16:00:00+00:00,-16.9486,-100.6715,350.0,10.69894,34.7072,4.7047,6.674822174
TARA_G000002095,2011-06-01 16:00:00+00:00,-16.9486,-100.6715,350.0,10.69894,34.7072,4.7047,6.674822174
TARA_G000002096,2011-06-01 16:00:00+00:00,-16.9486,-100.6715,350.0,10.69894,34.7072,4.7047,6.674822174
TARA_P100001623,2011-06-01 21:56:00+00:00,-16.9741,-100.6683,90.0,19.95204,35.705045,208.99125,6.687022359
TARA_G100009934,2011-06-01 21:56:00+00:00,-16.9741,-100.6683,90.0,19.95204,35.705045,208.99125,6.687022359
TARA_G100009935,2011-06-01 21:56:00+00:00,-16.9741,-100.6683,90.0,19.95204,35.705045,208.99125,6.687022359
TARA_G100009949,2011-06-01 21:56:00+00:00,-16.9741,-100.6683,90.0,19.95204,35.705045,208.99125,6.687022359
TARA_G100009938,2011-06-01 21:56:00+00:00,-16.9741,-100.6683,90.0,19.95204,35.705045,208.99125,6.687022359
TARA_G100009939,2011-06-01 21:56:00+00:00,-16.9741,-100.6683,90.0,19.95204,35.705045,208.99125,6.687022359
TARA_G100009946,2011-06-01 21:56:00+00:00,-16.9741,-100.6683,90.0,19.95204,35.705045,208.99125,6.687022359
TARA_G100009947,2011-06-01 21:56:00+00:00,-16.9741,-100.6683,90.0,19.95204,35.705045,208.99125,6.687022359
TARA_N000001828,2011-06-01 21:56:00+00:00,-16.9741,-100.6683,90.0,19.95204,35.705045,208.99125,6.687022359
TARA_N000001829,2011-06-01 21:56:00+00:00,-16.9741,-100.6683,90.0,19.95204,35.705045,208.99125,6.687022359
TARA_N000001844,2011-06-01 21:56:00+00:00,-16.9741,-100.6683,90.0,19.95204,35.705045,208.99125,6.687022359
TARA_N000001845,2011-06-01 21:56:00+00:00,-16.9741,-100.6683,90.0,19.95204,35.705045,208.99125,6.687022359
TARA_G100009942,2011-06-01 21:56:00+00:00,-16.9741,-100.6683,90.0,19.95204,35.705045,208.99125,6.687022359
TARA_G100009943,2011-06-01 21:56:00+00:00,-16.9741,-100.6683,90.0,19.95204,35.705045,208.99125,6.687022359
TARA_P100001624,2011-06-01 22:20:00+00:00,-16.9763,-100.6794,90.0,19.95204,35.705045,208.99125,6.687022359
TARA_G100009875,2011-06-01 22:20:00+00:00,-16.9763,-100.6794,90.0,19.95204,35.705045,208.99125,6.687022359
TARA_G100009876,2011-06-01 22:20:00+00:00,-16.9763,-100.6794,90.0,19.95204,35.705045,208.99125,6.687022359
TARA_G100009883,2011-06-01 22:20:00+00:00,-16.9763,-100.6794,90.0,19.95204,35.705045,208.99125,6.687022359
TARA_G100009884,2011-06-01 22:20:00+00:00,-16.9763,-100.6794,90.0,19.95204,35.705045,208.99125,6.687022359
TARA_G100009891,2011-06-01 22:20:00+00:00,-16.9763,-100.6794,90.0,19.95204,35.705045,208.99125,6.687022359
TARA_G100009892,2011-06-01 22:20:00+00:00,-16.9763,-100.6794,90.0,19.95204,35.705045,208.99125,6.687022359
TARA_G100010125,2011-06-01 22:20:00+00:00,-16.9763,-100.6794,90.0,19.95204,35.705045,208.99125,6.687022359
TARA_G100010127,2011-06-01 22:20:00+00:00,-16.9763,-100.6794,90.0,19.95204,35.705045,208.99125,6.687022359
TARA_G100009879,2011-06-01 22:20:00+00:00,-16.9763,-100.6794,90.0,19.95204,35.705045,208.99125,6.687022359
TARA_G100009880,2011-06-01 22:20:00+00:00,-16.9763,-100.6794,90.0,19.95204,35.705045,208.99125,6.687022359
TARA_G100009887,2011-06-01 22:20:00+00:00,-16.9763,-100.6794,90.0,19.95204,35.705045,208.99125,6.687022359
TARA_G100009888,2011-06-01 22:20:00+00:00,-16.9763,-100.6794,90.0,19.95204,35.705045,208.99125,6.687022359
TARA_N000001824,2011-06-01 22:20:00+00:00,-16.9763,-100.6794,90.0,19.95204,35.705045,208.99125,6.687022359
TARA_N000001825,2011-06-01 22:20:00+00:00,-16.9763,-100.6794,90.0,19.95204,35.705045,208.99125,6.687022359
TARA_N000001840,2011-06-01 22:20:00+00:00,-16.9763,-100.6794,90.0,19.95204,35.705045,208.99125,6.687022359
TARA_N000001841,2011-06-01 22:20:00+00:00,-16.9763,-100.6794,90.0,19.95204,35.705045,208.99125,6.687022359
TARA_G100009895,2011-06-01 22:20:00+00:00,-16.9763,-100.6794,90.0,19.95204,35.705045,208.99125,6.687022359
TARA_G100010128,2011-06-01 22:20:00+00:00,-16.9763,-100.6794,90.0,19.95204,35.705045,208.99125,6.687022359
TARA_B000001520,2011-06-14 16:45:00+00:00,-23.2811,-129.3947,5.0,24.26287,36.43917,201.6702,6.520954544
TARA_B000001521,2011-06-14 16:45:00+00:00,-23.2811,-129.3947,5.0,24.26287,36.43917,201.6702,6.520954544
TARA_B000001522,2011-06-14 16:45:00+00:00,-23.2811,-129.3947,5.0,24.26287,36.43917,201.6702,6.520954544
TARA_Y100000574,2011-06-14 16:45:00+00:00,-23.2811,-129.3947,5.0,24.26287,36.43917,201.6702,6.520954544
TARA_Y100000575,2011-06-14 16:45:00+00:00,-23.2811,-129.3947,5.0,24.26287,36.43917,201.6702,6.520954544
TARA_Y000000202,2011-06-14 16:45:00+00:00,-23.2811,-129.3947,5.0,24.26287,36.43917,201.6702,6.520954544
TARA_Y000000203,2011-06-14 16:45:00+00:00,-23.2811,-129.3947,5.0,24.26287,36.43917,201.6702,6.520954544
TARA_R100001521,2011-06-14 16:45:00+00:00,-23.2811,-129.3947,5.0,24.26287,36.43917,201.6702,6.520954544
TARA_R100001522,2011-06-14 16:45:00+00:00,-23.2811,-129.3947,5.0,24.26287,36.43917,201.6702,6.520954544
TARA_R000001088,2011-06-14 16:45:00+00:00,-23.2811,-129.3947,5.0,24.26287,36.43917,201.6702,6.520954544
TARA_R000001089,2011-06-14 16:45:00+00:00,-23.2811,-129.3947,5.0,24.26287,36.43917,201.6702,6.520954544
TARA_R000001090,2011-06-14 16:45:00+00:00,-23.2811,-129.3947,5.0,24.26287,36.43917,201.6702,6.520954544
TARA_G100010043,2011-06-14 16:45:00+00:00,-23.2811,-129.3947,5.0,24.26287,36.43917,201.6702,6.520954544
TARA_G100010063,2011-06-14 16:45:00+00:00,-23.2811,-129.3947,5.0,24.26287,36.43917,201.6702,6.520954544
TARA_G100010064,2011-06-14 16:45:00+00:00,-23.2811,-129.3947,5.0,24.26287,36.43917,201.6702,6.520954544
TARA_G100010051,2011-06-14 16:45:00+00:00,-23.2811,-129.3947,5.0,24.26287,36.43917,201.6702,6.520954544
TARA_G100010052,2011-06-14 16:45:00+00:00,-23.2811,-129.3947,5.0,24.26287,36.43917,201.6702,6.520954544
TARA_G100010035,2011-06-14 16:45:00+00:00,-23.2811,-129.3947,5.0,24.26287,36.43917,201.6702,6.520954544
TARA_G100010036,2011-06-14 16:45:00+00:00,-23.2811,-129.3947,5.0,24.26287,36.43917,201.6702,6.520954544
TARA_G100010071,2011-06-14 16:45:00+00:00,-23.2811,-129.3947,5.0,24.26287,36.43917,201.6702,6.520954544
TARA_B000001541,2011-06-14 16:45:00+00:00,-23.2811,-129.3947,5.0,24.26287,36.43917,201.6702,6.520954544
TARA_B000001542,2011-06-14 16:45:00+00:00,-23.2811,-129.3947,5.0,24.26287,36.43917,201.6702,6.520954544
TARA_B000001543,2011-06-14 16:45:00+00:00,-23.2811,-129.3947,5.0,24.26287,36.43917,201.6702,6.520954544
TARA_B000001544,2011-06-14 16:45:00+00:00,-23.2811,-129.3947,5.0,24.26287,36.43917,201.6702,6.520954544
TARA_R000001121,2011-06-14 16:45:00+00:00,-23.2811,-129.3947,5.0,24.26287,36.43917,201.6702,6.520954544
TARA_R000001122,2011-06-14 16:45:00+00:00,-23.2811,-129.3947,5.0,24.26287,36.43917,201.6702,6.520954544
TARA_R000001123,2011-06-14 16:45:00+00:00,-23.2811,-129.3947,5.0,24.26287,36.43917,201.6702,6.520954544
TARA_R000001106,2011-06-14 16:45:00+00:00,-23.2811,-129.3947,5.0,24.26287,36.43917,201.6702,6.520954544
TARA_R000001107,2011-06-14 16:45:00+00:00,-23.2811,-129.3947,5.0,24.26287,36.43917,201.6702,6.520954544
TARA_G000002055,2011-06-14 16:45:00+00:00,-23.2811,-129.3947,5.0,24.26287,36.43917,201.6702,6.520954544
TARA_G000002056,2011-06-14 16:45:00+00:00,-23.2811,-129.3947,5.0,24.26287,36.43917,201.6702,6.520954544
TARA_G000002057,2011-06-14 16:45:00+00:00,-23.2811,-129.3947,5.0,24.26287,36.43917,201.6702,6.520954544
TARA_G100010067,2011-06-14 16:45:00+00:00,-23.2811,-129.3947,5.0,24.26287,36.43917,201.6702,6.520954544
TARA_G100010068,2011-06-14 16:45:00+00:00,-23.2811,-129.3947,5.0,24.26287,36.43917,201.6702,6.520954544
TARA_G100010047,2011-06-14 16:45:00+00:00,-23.2811,-129.3947,5.0,24.26287,36.43917,201.6702,6.520954544
TARA_G100010048,2011-06-14 16:45:00+00:00,-23.2811,-129.3947,5.0,24.26287,36.43917,201.6702,6.520954544
TARA_B100000590,2011-06-14 16:45:00+00:00,-23.2811,-129.3947,5.0,24.26287,36.43917,201.6702,6.520954544
TARA_R100001579,2011-06-14 16:45:00+00:00,-23.2811,-129.3947,5.0,24.26287,36.43917,201.6702,6.520954544
TARA_G100010039,2011-06-14 16:45:00+00:00,-23.2811,-129.3947,5.0,24.26287,36.43917,201.6702,6.520954544
TARA_G100010040,2011-06-14 16:45:00+00:00,-23.2811,-129.3947,5.0,24.26287,36.43917,201.6702,6.520954544
TARA_G100010059,2011-06-14 16:45:00+00:00,-23.2811,-129.3947,5.0,24.26287,36.43917,201.6702,6.520954544
TARA_G100010060,2011-06-14 16:45:00+00:00,-23.2811,-129.3947,5.0,24.26287,36.43917,201.6702,6.520954544
TARA_G100010055,2011-06-14 16:45:00+00:00,-23.2811,-129.3947,5.0,24.26287,36.43917,201.6702,6.520954544
TARA_G100010056,2011-06-14 16:45:00+00:00,-23.2811,-129.3947,5.0,24.26287,36.43917,201.6702,6.520954544
TARA_R000001097,2011-06-14 16:45:00+00:00,-23.2811,-129.3947,5.0,24.26287,36.43917,201.6702,6.520954544
TARA_R000001098,2011-06-14 16:45:00+00:00,-23.2811,-129.3947,5.0,24.26287,36.43917,201.6702,6.520954544
TARA_R000001099,2011-06-14 16:45:00+00:00,-23.2811,-129.3947,5.0,24.26287,36.43917,201.6702,6.520954544
TARA_R100000634,2011-06-14 16:45:00+00:00,-23.2811,-129.3947,5.0,24.26287,36.43917,201.6702,6.520954544
TARA_R100000635,2011-06-14 16:45:00+00:00,-23.2811,-129.3947,5.0,24.26287,36.43917,201.6702,6.520954544
TARA_G100010031,2011-06-14 16:45:00+00:00,-23.2811,-129.3947,5.0,24.26287,36.43917,201.6702,6.520954544
TARA_G100010032,2011-06-14 16:45:00+00:00,-23.2811,-129.3947,5.0,24.26287,36.43917,201.6702,6.520954544
TARA_B100000941,2011-06-14 16:45:00+00:00,-23.2811,-129.3947,5.0,24.26287,36.43917,201.6702,6.520954544
TARA_B100000942,2011-06-14 16:45:00+00:00,-23.2811,-129.3947,5.0,24.26287,36.43917,201.6702,6.520954544
TARA_B000001306,2011-06-14 16:45:00+00:00,-23.2811,-129.3947,5.0,24.26287,36.43917,201.6702,6.520954544
TARA_B000001307,2011-06-14 16:45:00+00:00,-23.2811,-129.3947,5.0,24.26287,36.43917,201.6702,6.520954544
TARA_N000001850,2011-06-14 16:45:00+00:00,-23.2811,-129.3947,5.0,24.26287,36.43917,201.6702,6.520954544
TARA_N000001851,2011-06-14 16:45:00+00:00,-23.2811,-129.3947,5.0,24.26287,36.43917,201.6702,6.520954544
TARA_N000001854,2011-06-14 16:45:00+00:00,-23.2811,-129.3947,5.0,24.26287,36.43917,201.6702,6.520954544
TARA_N000001855,2011-06-14 16:45:00+00:00,-23.2811,-129.3947,5.0,24.26287,36.43917,201.6702,6.520954544
TARA_N000001870,2011-06-14 16:45:00+00:00,-23.2811,-129.3947,5.0,24.26287,36.43917,201.6702,6.520954544
TARA_N000001871,2011-06-14 16:45:00+00:00,-23.2811,-129.3947,5.0,24.26287,36.43917,201.6702,6.520954544
TARA_B000001304,2011-06-14 16:45:00+00:00,-23.2811,-129.3947,5.0,24.26287,36.43917,201.6702,6.520954544
TARA_B000001305,2011-06-14 16:45:00+00:00,-23.2811,-129.3947,5.0,24.26287,36.43917,201.6702,6.520954544
TARA_B100000939,2011-06-14 16:45:00+00:00,-23.2811,-129.3947,5.0,24.26287,36.43917,201.6702,6.520954544
TARA_B100000940,2011-06-14 16:45:00+00:00,-23.2811,-129.3947,5.0,24.26287,36.43917,201.6702,6.520954544
TARA_N000001858,2011-06-14 16:45:00+00:00,-23.2811,-129.3947,5.0,24.26287,36.43917,201.6702,6.520954544
TARA_N000001859,2011-06-14 16:45:00+00:00,-23.2811,-129.3947,5.0,24.26287,36.43917,201.6702,6.520954544
TARA_N000001874,2011-06-14 16:45:00+00:00,-23.2811,-129.3947,5.0,24.26287,36.43917,201.6702,6.520954544
TARA_N000001875,2011-06-14 16:45:00+00:00,-23.2811,-129.3947,5.0,24.26287,36.43917,201.6702,6.520954544
TARA_Y100000571,2011-06-14 16:45:00+00:00,-23.2811,-129.3947,5.0,24.26287,36.43917,201.6702,6.520954544
TARA_Y100000561,2011-06-14 16:45:00+00:00,-23.2811,-129.3947,5.0,24.26287,36.43917,201.6702,6.520954544
TARA_Y100000559,2011-06-14 16:45:00+00:00,-23.2811,-129.3947,5.0,24.26287,36.43917,201.6702,6.520954544
TARA_R100000631,2011-06-14 16:45:00+00:00,-23.2811,-129.3947,5.0,24.26287,36.43917,201.6702,6.520954544
TARA_Y100000580,2011-06-14 16:45:00+00:00,-23.2811,-129.3947,5.0,24.26287,36.43917,201.6702,6.520954544
TARA_G000002051,2011-06-14 16:45:00+00:00,-23.2811,-129.3947,5.0,24.26287,36.43917,201.6702,6.520954544
TARA_G000002052,2011-06-14 16:45:00+00:00,-23.2811,-129.3947,5.0,24.26287,36.43917,201.6702,6.520954544
TARA_G000000407,2011-06-14 16:45:00+00:00,-23.2811,-129.3947,5.0,24.26287,36.43917,201.6702,6.520954544
TARA_G000000408,2011-06-14 16:45:00+00:00,-23.2811,-129.3947,5.0,24.26287,36.43917,201.6702,6.520954544
TARA_P100001602,2011-06-14 18:50:00+00:00,-23.2545,-129.4465,5.0,24.26287,36.43917,201.6702,6.520954544
TARA_G100010103,2011-06-14 18:50:00+00:00,-23.2545,-129.4465,5.0,24.26287,36.43917,201.6702,6.520954544
TARA_G100010104,2011-06-14 18:50:00+00:00,-23.2545,-129.4465,5.0,24.26287,36.43917,201.6702,6.520954544
TARA_G100010119,2011-06-14 18:50:00+00:00,-23.2545,-129.4465,5.0,24.26287,36.43917,201.6702,6.520954544
TARA_G100010107,2011-06-14 18:50:00+00:00,-23.2545,-129.4465,5.0,24.26287,36.43917,201.6702,6.520954544
TARA_G100010108,2011-06-14 18:50:00+00:00,-23.2545,-129.4465,5.0,24.26287,36.43917,201.6702,6.520954544
TARA_G100010115,2011-06-14 18:50:00+00:00,-23.2545,-129.4465,5.0,24.26287,36.43917,201.6702,6.520954544
TARA_G100010116,2011-06-14 18:50:00+00:00,-23.2545,-129.4465,5.0,24.26287,36.43917,201.6702,6.520954544
TARA_N000001866,2011-06-14 18:50:00+00:00,-23.2545,-129.4465,5.0,24.26287,36.43917,201.6702,6.520954544
TARA_N000001867,2011-06-14 18:50:00+00:00,-23.2545,-129.4465,5.0,24.26287,36.43917,201.6702,6.520954544
TARA_N000001882,2011-06-14 18:50:00+00:00,-23.2545,-129.4465,5.0,24.26287,36.43917,201.6702,6.520954544
TARA_N000001883,2011-06-14 18:50:00+00:00,-23.2545,-129.4465,5.0,24.26287,36.43917,201.6702,6.520954544
TARA_G100010111,2011-06-14 18:50:00+00:00,-23.2545,-129.4465,5.0,24.26287,36.43917,201.6702,6.520954544
TARA_G100010112,2011-06-14 18:50:00+00:00,-23.2545,-129.4465,5.0,24.26287,36.43917,201.6702,6.520954544
TARA_P100001604,2011-06-14 19:20:00+00:00,-23.2488,-129.4608,165.0,21.65917,35.90061,205.16335,6.577501662
TARA_G100010105,2011-06-14 19:20:00+00:00,-23.2488,-129.4608,165.0,21.65917,35.90061,205.16335,6.577501662
TARA_G100010106,2011-06-14 19:20:00+00:00,-23.2488,-129.4608,165.0,21.65917,35.90061,205.16335,6.577501662
TARA_G100010120,2011-06-14 19:20:00+00:00,-23.2488,-129.4608,165.0,21.65917,35.90061,205.16335,6.577501662
TARA_G100010109,2011-06-14 19:20:00+00:00,-23.2488,-129.4608,165.0,21.65917,35.90061,205.16335,6.577501662
TARA_G100010110,2011-06-14 19:20:00+00:00,-23.2488,-129.4608,165.0,21.65917,35.90061,205.16335,6.577501662
TARA_G100010117,2011-06-14 19:20:00+00:00,-23.2488,-129.4608,165.0,21.65917,35.90061,205.16335,6.577501662
TARA_G100010118,2011-06-14 19:20:00+00:00,-23.2488,-129.4608,165.0,21.65917,35.90061,205.16335,6.577501662
TARA_N000001868,2011-06-14 19:20:00+00:00,-23.2488,-129.4608,165.0,21.65917,35.90061,205.16335,6.577501662
TARA_N000001869,2011-06-14 19:20:00+00:00,-23.2488,-129.4608,165.0,21.65917,35.90061,205.16335,6.577501662
TARA_N000001884,2011-06-14 19:20:00+00:00,-23.2488,-129.4608,165.0,21.65917,35.90061,205.16335,6.577501662
TARA_N000001885,2011-06-14 19:20:00+00:00,-23.2488,-129.4608,165.0,21.65917,35.90061,205.16335,6.577501662
TARA_G100010113,2011-06-14 19:20:00+00:00,-23.2488,-129.4608,165.0,21.65917,35.90061,205.16335,6.577501662
TARA_G100010114,2011-06-14 19:20:00+00:00,-23.2488,-129.4608,165.0,21.65917,35.90061,205.16335,6.577501662
TARA_B000001523,2011-06-15 00:55:00+00:00,-23.2189,-129.4997,155.0,21.94937,35.90434,206.4346,6.577501662
TARA_B000001524,2011-06-15 00:55:00+00:00,-23.2189,-129.4997,155.0,21.94937,35.90434,206.4346,6.577501662
TARA_B000001525,2011-06-15 00:55:00+00:00,-23.2189,-129.4997,155.0,21.94937,35.90434,206.4346,6.577501662
TARA_Y100000576,2011-06-15 00:55:00+00:00,-23.2189,-129.4997,155.0,21.94937,35.90434,206.4346,6.577501662
TARA_Y100000577,2011-06-15 00:55:00+00:00,-23.2189,-129.4997,155.0,21.94937,35.90434,206.4346,6.577501662
TARA_Y000000204,2011-06-15 00:55:00+00:00,-23.2189,-129.4997,155.0,21.94937,35.90434,206.4346,6.577501662
TARA_Y000000205,2011-06-15 00:55:00+00:00,-23.2189,-129.4997,155.0,21.94937,35.90434,206.4346,6.577501662
TARA_R100001523,2011-06-15 00:55:00+00:00,-23.2189,-129.4997,155.0,21.94937,35.90434,206.4346,6.577501662
TARA_R100001524,2011-06-15 00:55:00+00:00,-23.2189,-129.4997,155.0,21.94937,35.90434,206.4346,6.577501662
TARA_R000001091,2011-06-15 00:55:00+00:00,-23.2189,-129.4997,155.0,21.94937,35.90434,206.4346,6.577501662
TARA_R000001092,2011-06-15 00:55:00+00:00,-23.2189,-129.4997,155.0,21.94937,35.90434,206.4346,6.577501662
TARA_R000001093,2011-06-15 00:55:00+00:00,-23.2189,-129.4997,155.0,21.94937,35.90434,206.4346,6.577501662
TARA_G100010045,2011-06-15 00:55:00+00:00,-23.2189,-129.4997,155.0,21.94937,35.90434,206.4346,6.577501662
TARA_G100010046,2011-06-15 00:55:00+00:00,-23.2189,-129.4997,155.0,21.94937,35.90434,206.4346,6.577501662
TARA_G100010065,2011-06-15 00:55:00+00:00,-23.2189,-129.4997,155.0,21.94937,35.90434,206.4346,6.577501662
TARA_G100010066,2011-06-15 00:55:00+00:00,-23.2189,-129.4997,155.0,21.94937,35.90434,206.4346,6.577501662
TARA_G100010053,2011-06-15 00:55:00+00:00,-23.2189,-129.4997,155.0,21.94937,35.90434,206.4346,6.577501662
TARA_G100010054,2011-06-15 00:55:00+00:00,-23.2189,-129.4997,155.0,21.94937,35.90434,206.4346,6.577501662
TARA_G100010037,2011-06-15 00:55:00+00:00,-23.2189,-129.4997,155.0,21.94937,35.90434,206.4346,6.577501662
TARA_G100010038,2011-06-15 00:55:00+00:00,-23.2189,-129.4997,155.0,21.94937,35.90434,206.4346,6.577501662
TARA_G100010073,2011-06-15 00:55:00+00:00,-23.2189,-129.4997,155.0,21.94937,35.90434,206.4346,6.577501662
TARA_G100010074,2011-06-15 00:55:00+00:00,-23.2189,-129.4997,155.0,21.94937,35.90434,206.4346,6.577501662
TARA_B000001533,2011-06-15 00:55:00+00:00,-23.2189,-129.4997,155.0,21.94937,35.90434,206.4346,6.577501662
TARA_B000001534,2011-06-15 00:55:00+00:00,-23.2189,-129.4997,155.0,21.94937,35.90434,206.4346,6.577501662
TARA_B000001535,2011-06-15 00:55:00+00:00,-23.2189,-129.4997,155.0,21.94937,35.90434,206.4346,6.577501662
TARA_B000001536,2011-06-15 00:55:00+00:00,-23.2189,-129.4997,155.0,21.94937,35.90434,206.4346,6.577501662
TARA_R000001115,2011-06-15 00:55:00+00:00,-23.2189,-129.4997,155.0,21.94937,35.90434,206.4346,6.577501662
TARA_R000001116,2011-06-15 00:55:00+00:00,-23.2189,-129.4997,155.0,21.94937,35.90434,206.4346,6.577501662
TARA_R000001117,2011-06-15 00:55:00+00:00,-23.2189,-129.4997,155.0,21.94937,35.90434,206.4346,6.577501662
TARA_R000001108,2011-06-15 00:55:00+00:00,-23.2189,-129.4997,155.0,21.94937,35.90434,206.4346,6.577501662
TARA_R000001109,2011-06-15 00:55:00+00:00,-23.2189,-129.4997,155.0,21.94937,35.90434,206.4346,6.577501662
TARA_G000002058,2011-06-15 00:55:00+00:00,-23.2189,-129.4997,155.0,21.94937,35.90434,206.4346,6.577501662
TARA_G000002059,2011-06-15 00:55:00+00:00,-23.2189,-129.4997,155.0,21.94937,35.90434,206.4346,6.577501662
TARA_G000002060,2011-06-15 00:55:00+00:00,-23.2189,-129.4997,155.0,21.94937,35.90434,206.4346,6.577501662
TARA_G100010069,2011-06-15 00:55:00+00:00,-23.2189,-129.4997,155.0,21.94937,35.90434,206.4346,6.577501662
TARA_G100010070,2011-06-15 00:55:00+00:00,-23.2189,-129.4997,155.0,21.94937,35.90434,206.4346,6.577501662
TARA_G100010049,2011-06-15 00:55:00+00:00,-23.2189,-129.4997,155.0,21.94937,35.90434,206.4346,6.577501662
TARA_G100010050,2011-06-15 00:55:00+00:00,-23.2189,-129.4997,155.0,21.94937,35.90434,206.4346,6.577501662
TARA_B100000591,2011-06-15 00:55:00+00:00,-23.2189,-129.4997,155.0,21.94937,35.90434,206.4346,6.577501662
TARA_R100001580,2011-06-15 00:55:00+00:00,-23.2189,-129.4997,155.0,21.94937,35.90434,206.4346,6.577501662
TARA_G100010041,2011-06-15 00:55:00+00:00,-23.2189,-129.4997,155.0,21.94937,35.90434,206.4346,6.577501662
TARA_G100010042,2011-06-15 00:55:00+00:00,-23.2189,-129.4997,155.0,21.94937,35.90434,206.4346,6.577501662
TARA_G100010061,2011-06-15 00:55:00+00:00,-23.2189,-129.4997,155.0,21.94937,35.90434,206.4346,6.577501662
TARA_G100010062,2011-06-15 00:55:00+00:00,-23.2189,-129.4997,155.0,21.94937,35.90434,206.4346,6.577501662
TARA_G100010057,2011-06-15 00:55:00+00:00,-23.2189,-129.4997,155.0,21.94937,35.90434,206.4346,6.577501662
TARA_G100010058,2011-06-15 00:55:00+00:00,-23.2189,-129.4997,155.0,21.94937,35.90434,206.4346,6.577501662
TARA_R000001100,2011-06-15 00:55:00+00:00,-23.2189,-129.4997,155.0,21.94937,35.90434,206.4346,6.577501662
TARA_R000001101,2011-06-15 00:55:00+00:00,-23.2189,-129.4997,155.0,21.94937,35.90434,206.4346,6.577501662
TARA_R000001102,2011-06-15 00:55:00+00:00,-23.2189,-129.4997,155.0,21.94937,35.90434,206.4346,6.577501662
TARA_R100000636,2011-06-15 00:55:00+00:00,-23.2189,-129.4997,155.0,21.94937,35.90434,206.4346,6.577501662
TARA_R100000637,2011-06-15 00:55:00+00:00,-23.2189,-129.4997,155.0,21.94937,35.90434,206.4346,6.577501662
TARA_G100010033,2011-06-15 00:55:00+00:00,-23.2189,-129.4997,155.0,21.94937,35.90434,206.4346,6.577501662
TARA_G100010034,2011-06-15 00:55:00+00:00,-23.2189,-129.4997,155.0,21.94937,35.90434,206.4346,6.577501662
TARA_B100000945,2011-06-15 00:55:00+00:00,-23.2189,-129.4997,155.0,21.94937,35.90434,206.4346,6.577501662
TARA_B100000946,2011-06-15 00:55:00+00:00,-23.2189,-129.4997,155.0,21.94937,35.90434,206.4346,6.577501662
TARA_B000001311,2011-06-15 00:55:00+00:00,-23.2189,-129.4997,155.0,21.94937,35.90434,206.4346,6.577501662
TARA_B000001312,2011-06-15 00:55:00+00:00,-23.2189,-129.4997,155.0,21.94937,35.90434,206.4346,6.577501662
TARA_N000001852,2011-06-15 00:55:00+00:00,-23.2189,-129.4997,155.0,21.94937,35.90434,206.4346,6.577501662
TARA_N000001853,2011-06-15 00:55:00+00:00,-23.2189,-129.4997,155.0,21.94937,35.90434,206.4346,6.577501662
TARA_N000001872,2011-06-15 00:55:00+00:00,-23.2189,-129.4997,155.0,21.94937,35.90434,206.4346,6.577501662
TARA_N000001873,2011-06-15 00:55:00+00:00,-23.2189,-129.4997,155.0,21.94937,35.90434,206.4346,6.577501662
TARA_B000001308,2011-06-15 00:55:00+00:00,-23.2189,-129.4997,155.0,21.94937,35.90434,206.4346,6.577501662
TARA_B000001310,2011-06-15 00:55:00+00:00,-23.2189,-129.4997,155.0,21.94937,35.90434,206.4346,6.577501662
TARA_B100000943,2011-06-15 00:55:00+00:00,-23.2189,-129.4997,155.0,21.94937,35.90434,206.4346,6.577501662
TARA_B100000944,2011-06-15 00:55:00+00:00,-23.2189,-129.4997,155.0,21.94937,35.90434,206.4346,6.577501662
TARA_N000001860,2011-06-15 00:55:00+00:00,-23.2189,-129.4997,155.0,21.94937,35.90434,206.4346,6.577501662
TARA_N000001861,2011-06-15 00:55:00+00:00,-23.2189,-129.4997,155.0,21.94937,35.90434,206.4346,6.577501662
TARA_N000001876,2011-06-15 00:55:00+00:00,-23.2189,-129.4997,155.0,21.94937,35.90434,206.4346,6.577501662
TARA_N000001877,2011-06-15 00:55:00+00:00,-23.2189,-129.4997,155.0,21.94937,35.90434,206.4346,6.577501662
TARA_Y100000572,2011-06-15 00:55:00+00:00,-23.2189,-129.4997,155.0,21.94937,35.90434,206.4346,6.577501662
TARA_Y100000565,2011-06-15 00:55:00+00:00,-23.2189,-129.4997,155.0,21.94937,35.90434,206.4346,6.577501662
TARA_Y100000563,2011-06-15 00:55:00+00:00,-23.2189,-129.4997,155.0,21.94937,35.90434,206.4346,6.577501662
TARA_R100000632,2011-06-15 00:55:00+00:00,-23.2189,-129.4997,155.0,21.94937,35.90434,206.4346,6.577501662
TARA_Y100000581,2011-06-15 00:55:00+00:00,-23.2189,-129.4997,155.0,21.94937,35.90434,206.4346,6.577501662
TARA_G000002053,2011-06-15 00:55:00+00:00,-23.2189,-129.4997,155.0,21.94937,35.90434,206.4346,6.577501662
TARA_G000002054,2011-06-15 00:55:00+00:00,-23.2189,-129.4997,155.0,21.94937,35.90434,206.4346,6.577501662
TARA_G000000409,2011-06-15 00:55:00+00:00,-23.2189,-129.4997,155.0,21.94937,35.90434,206.4346,6.577501662
TARA_G000000410,2011-06-15 00:55:00+00:00,-23.2189,-129.4997,155.0,21.94937,35.90434,206.4346,6.577501662
TARA_B000001526,2011-06-15 18:43:00+00:00,-23.2232,-129.5986,696.0,5.749106,34.306075,200.470625,6.721536169
TARA_B000001527,2011-06-15 18:43:00+00:00,-23.2232,-129.5986,696.0,5.749106,34.306075,200.470625,6.721536169
TARA_B000001528,2011-06-15 18:43:00+00:00,-23.2232,-129.5986,696.0,5.749106,34.306075,200.470625,6.721536169
TARA_Y100000578,2011-06-15 18:43:00+00:00,-23.2232,-129.5986,696.0,5.749106,34.306075,200.470625,6.721536169
TARA_Y100000579,2011-06-15 18:43:00+00:00,-23.2232,-129.5986,696.0,5.749106,34.306075,200.470625,6.721536169
TARA_Y000000206,2011-06-15 18:43:00+00:00,-23.2232,-129.5986,696.0,5.749106,34.306075,200.470625,6.721536169
TARA_Y000000207,2011-06-15 18:43:00+00:00,-23.2232,-129.5986,696.0,5.749106,34.306075,200.470625,6.721536169
TARA_R100001525,2011-06-15 18:43:00+00:00,-23.2232,-129.5986,696.0,5.749106,34.306075,200.470625,6.721536169
TARA_R100001526,2011-06-15 18:43:00+00:00,-23.2232,-129.5986,696.0,5.749106,34.306075,200.470625,6.721536169
TARA_R000001094,2011-06-15 18:43:00+00:00,-23.2232,-129.5986,696.0,5.749106,34.306075,200.470625,6.721536169
TARA_R000001095,2011-06-15 18:43:00+00:00,-23.2232,-129.5986,696.0,5.749106,34.306075,200.470625,6.721536169
TARA_R000001096,2011-06-15 18:43:00+00:00,-23.2232,-129.5986,696.0,5.749106,34.306075,200.470625,6.721536169
TARA_G100010020,2011-06-15 18:43:00+00:00,-23.2232,-129.5986,696.0,5.749106,34.306075,200.470625,6.721536169
TARA_G100010021,2011-06-15 18:43:00+00:00,-23.2232,-129.5986,696.0,5.749106,34.306075,200.470625,6.721536169
TARA_G100010028,2011-06-15 18:43:00+00:00,-23.2232,-129.5986,696.0,5.749106,34.306075,200.470625,6.721536169
TARA_G100010029,2011-06-15 18:43:00+00:00,-23.2232,-129.5986,696.0,5.749106,34.306075,200.470625,6.721536169
TARA_B000001537,2011-06-15 18:43:00+00:00,-23.2232,-129.5986,696.0,5.749106,34.306075,200.470625,6.721536169
TARA_B000001538,2011-06-15 18:43:00+00:00,-23.2232,-129.5986,696.0,5.749106,34.306075,200.470625,6.721536169
TARA_B000001539,2011-06-15 18:43:00+00:00,-23.2232,-129.5986,696.0,5.749106,34.306075,200.470625,6.721536169
TARA_B000001540,2011-06-15 18:43:00+00:00,-23.2232,-129.5986,696.0,5.749106,34.306075,200.470625,6.721536169
TARA_R000001118,2011-06-15 18:43:00+00:00,-23.2232,-129.5986,696.0,5.749106,34.306075,200.470625,6.721536169
TARA_R000001119,2011-06-15 18:43:00+00:00,-23.2232,-129.5986,696.0,5.749106,34.306075,200.470625,6.721536169
TARA_R000001120,2011-06-15 18:43:00+00:00,-23.2232,-129.5986,696.0,5.749106,34.306075,200.470625,6.721536169
TARA_R000001110,2011-06-15 18:43:00+00:00,-23.2232,-129.5986,696.0,5.749106,34.306075,200.470625,6.721536169
TARA_R000001111,2011-06-15 18:43:00+00:00,-23.2232,-129.5986,696.0,5.749106,34.306075,200.470625,6.721536169
TARA_G000001765,2011-06-15 18:43:00+00:00,-23.2232,-129.5986,696.0,5.749106,34.306075,200.470625,6.721536169
TARA_G000001766,2011-06-15 18:43:00+00:00,-23.2232,-129.5986,696.0,5.749106,34.306075,200.470625,6.721536169
TARA_G000001767,2011-06-15 18:43:00+00:00,-23.2232,-129.5986,696.0,5.749106,34.306075,200.470625,6.721536169
TARA_G100010026,2011-06-15 18:43:00+00:00,-23.2232,-129.5986,696.0,5.749106,34.306075,200.470625,6.721536169
TARA_G100010027,2011-06-15 18:43:00+00:00,-23.2232,-129.5986,696.0,5.749106,34.306075,200.470625,6.721536169
TARA_G100010030,2011-06-15 18:43:00+00:00,-23.2232,-129.5986,696.0,5.749106,34.306075,200.470625,6.721536169
TARA_G100010022,2011-06-15 18:43:00+00:00,-23.2232,-129.5986,696.0,5.749106,34.306075,200.470625,6.721536169
TARA_G100010023,2011-06-15 18:43:00+00:00,-23.2232,-129.5986,696.0,5.749106,34.306075,200.470625,6.721536169
TARA_B100000592,2011-06-15 18:43:00+00:00,-23.2232,-129.5986,696.0,5.749106,34.306075,200.470625,6.721536169
TARA_R100001581,2011-06-15 18:43:00+00:00,-23.2232,-129.5986,696.0,5.749106,34.306075,200.470625,6.721536169
TARA_G100010024,2011-06-15 18:43:00+00:00,-23.2232,-129.5986,696.0,5.749106,34.306075,200.470625,6.721536169
TARA_G100010025,2011-06-15 18:43:00+00:00,-23.2232,-129.5986,696.0,5.749106,34.306075,200.470625,6.721536169
TARA_R000001103,2011-06-15 18:43:00+00:00,-23.2232,-129.5986,696.0,5.749106,34.306075,200.470625,6.721536169
TARA_R000001104,2011-06-15 18:43:00+00:00,-23.2232,-129.5986,696.0,5.749106,34.306075,200.470625,6.721536169
TARA_R000001105,2011-06-15 18:43:00+00:00,-23.2232,-129.5986,696.0,5.749106,34.306075,200.470625,6.721536169
TARA_R100000638,2011-06-15 18:43:00+00:00,-23.2232,-129.5986,696.0,5.749106,34.306075,200.470625,6.721536169
TARA_R100000639,2011-06-15 18:43:00+00:00,-23.2232,-129.5986,696.0,5.749106,34.306075,200.470625,6.721536169
TARA_B100000949,2011-06-15 18:43:00+00:00,-23.2232,-129.5986,696.0,5.749106,34.306075,200.470625,6.721536169
TARA_B100000950,2011-06-15 18:43:00+00:00,-23.2232,-129.5986,696.0,5.749106,34.306075,200.470625,6.721536169
TARA_B000001518,2011-06-15 18:43:00+00:00,-23.2232,-129.5986,696.0,5.749106,34.306075,200.470625,6.721536169
TARA_B000001519,2011-06-15 18:43:00+00:00,-23.2232,-129.5986,696.0,5.749106,34.306075,200.470625,6.721536169
TARA_N000001847,2011-06-15 18:43:00+00:00,-23.2232,-129.5986,696.0,5.749106,34.306075,200.470625,6.721536169
TARA_N000001849,2011-06-15 18:43:00+00:00,-23.2232,-129.5986,696.0,5.749106,34.306075,200.470625,6.721536169
TARA_N000001846,2011-06-15 18:43:00+00:00,-23.2232,-129.5986,696.0,5.749106,34.306075,200.470625,6.721536169
TARA_N000001848,2011-06-15 18:43:00+00:00,-23.2232,-129.5986,696.0,5.749106,34.306075,200.470625,6.721536169
TARA_B000001516,2011-06-15 18:43:00+00:00,-23.2232,-129.5986,696.0,5.749106,34.306075,200.470625,6.721536169
TARA_B000001517,2011-06-15 18:43:00+00:00,-23.2232,-129.5986,696.0,5.749106,34.306075,200.470625,6.721536169
TARA_B100000947,2011-06-15 18:43:00+00:00,-23.2232,-129.5986,696.0,5.749106,34.306075,200.470625,6.721536169
TARA_B100000948,2011-06-15 18:43:00+00:00,-23.2232,-129.5986,696.0,5.749106,34.306075,200.470625,6.721536169
TARA_Y100000573,2011-06-15 18:43:00+00:00,-23.2232,-129.5986,696.0,5.749106,34.306075,200.470625,6.721536169
TARA_Y100000569,2011-06-15 18:43:00+00:00,-23.2232,-129.5986,696.0,5.749106,34.306075,200.470625,6.721536169
TARA_Y100000570,2011-06-15 18:43:00+00:00,-23.2232,-129.5986,696.0,5.749106,34.306075,200.470625,6.721536169
TARA_Y100000567,2011-06-15 18:43:00+00:00,-23.2232,-129.5986,696.0,5.749106,34.306075,200.470625,6.721536169
TARA_Y100000568,2011-06-15 18:43:00+00:00,-23.2232,-129.5986,696.0,5.749106,34.306075,200.470625,6.721536169
TARA_R100000633,2011-06-15 18:43:00+00:00,-23.2232,-129.5986,696.0,5.749106,34.306075,200.470625,6.721536169
TARA_Y100000582,2011-06-15 18:43:00+00:00,-23.2232,-129.5986,696.0,5.749106,34.306075,200.470625,6.721536169
TARA_G000001763,2011-06-15 18:43:00+00:00,-23.2232,-129.5986,696.0,5.749106,34.306075,200.470625,6.721536169
TARA_G000001764,2011-06-15 18:43:00+00:00,-23.2232,-129.5986,696.0,5.749106,34.306075,200.470625,6.721536169
TARA_P100001601,2011-06-15 20:34:00+00:00,-23.2166,-129.6234,5.0,24.36001,36.45545,201.1453,6.520954544
TARA_G100010075,2011-06-15 20:34:00+00:00,-23.2166,-129.6234,5.0,24.36001,36.45545,201.1453,6.520954544
TARA_G100010076,2011-06-15 20:34:00+00:00,-23.2166,-129.6234,5.0,24.36001,36.45545,201.1453,6.520954544
TARA_G100010083,2011-06-15 20:34:00+00:00,-23.2166,-129.6234,5.0,24.36001,36.45545,201.1453,6.520954544
TARA_G100010084,2011-06-15 20:34:00+00:00,-23.2166,-129.6234,5.0,24.36001,36.45545,201.1453,6.520954544
TARA_G100010091,2011-06-15 20:34:00+00:00,-23.2166,-129.6234,5.0,24.36001,36.45545,201.1453,6.520954544
TARA_G100010092,2011-06-15 20:34:00+00:00,-23.2166,-129.6234,5.0,24.36001,36.45545,201.1453,6.520954544
TARA_G100010099,2011-06-15 20:34:00+00:00,-23.2166,-129.6234,5.0,24.36001,36.45545,201.1453,6.520954544
TARA_G100010101,2011-06-15 20:34:00+00:00,-23.2166,-129.6234,5.0,24.36001,36.45545,201.1453,6.520954544
TARA_G100010079,2011-06-15 20:34:00+00:00,-23.2166,-129.6234,5.0,24.36001,36.45545,201.1453,6.520954544
TARA_G100010080,2011-06-15 20:34:00+00:00,-23.2166,-129.6234,5.0,24.36001,36.45545,201.1453,6.520954544
TARA_G100010087,2011-06-15 20:34:00+00:00,-23.2166,-129.6234,5.0,24.36001,36.45545,201.1453,6.520954544
TARA_G100010088,2011-06-15 20:34:00+00:00,-23.2166,-129.6234,5.0,24.36001,36.45545,201.1453,6.520954544
TARA_N000001862,2011-06-15 20:34:00+00:00,-23.2166,-129.6234,5.0,24.36001,36.45545,201.1453,6.520954544
TARA_N000001863,2011-06-15 20:34:00+00:00,-23.2166,-129.6234,5.0,24.36001,36.45545,201.1453,6.520954544
TARA_N000001878,2011-06-15 20:34:00+00:00,-23.2166,-129.6234,5.0,24.36001,36.45545,201.1453,6.520954544
TARA_N000001879,2011-06-15 20:34:00+00:00,-23.2166,-129.6234,5.0,24.36001,36.45545,201.1453,6.520954544
TARA_G100010095,2011-06-15 20:34:00+00:00,-23.2166,-129.6234,5.0,24.36001,36.45545,201.1453,6.520954544
TARA_G100010096,2011-06-15 20:34:00+00:00,-23.2166,-129.6234,5.0,24.36001,36.45545,201.1453,6.520954544
TARA_P100001607,2011-06-15 21:00:00+00:00,-23.2142,-129.6312,170.0,21.405295,35.833775,206.1212,6.577501662
TARA_G100010077,2011-06-15 21:00:00+00:00,-23.2142,-129.6312,170.0,21.405295,35.833775,206.1212,6.577501662
TARA_G100010078,2011-06-15 21:00:00+00:00,-23.2142,-129.6312,170.0,21.405295,35.833775,206.1212,6.577501662
TARA_G100010085,2011-06-15 21:00:00+00:00,-23.2142,-129.6312,170.0,21.405295,35.833775,206.1212,6.577501662
TARA_G100010086,2011-06-15 21:00:00+00:00,-23.2142,-129.6312,170.0,21.405295,35.833775,206.1212,6.577501662
TARA_G100010093,2011-06-15 21:00:00+00:00,-23.2142,-129.6312,170.0,21.405295,35.833775,206.1212,6.577501662
TARA_G100010094,2011-06-15 21:00:00+00:00,-23.2142,-129.6312,170.0,21.405295,35.833775,206.1212,6.577501662
TARA_G100010100,2011-06-15 21:00:00+00:00,-23.2142,-129.6312,170.0,21.405295,35.833775,206.1212,6.577501662
TARA_G100010102,2011-06-15 21:00:00+00:00,-23.2142,-129.6312,170.0,21.405295,35.833775,206.1212,6.577501662
TARA_G100010081,2011-06-15 21:00:00+00:00,-23.2142,-129.6312,170.0,21.405295,35.833775,206.1212,6.577501662
TARA_G100010082,2011-06-15 21:00:00+00:00,-23.2142,-129.6312,170.0,21.405295,35.833775,206.1212,6.577501662
TARA_G100010089,2011-06-15 21:00:00+00:00,-23.2142,-129.6312,170.0,21.405295,35.833775,206.1212,6.577501662
TARA_G100010090,2011-06-15 21:00:00+00:00,-23.2142,-129.6312,170.0,21.405295,35.833775,206.1212,6.577501662
TARA_N000001864,2011-06-15 21:00:00+00:00,-23.2142,-129.6312,170.0,21.405295,35.833775,206.1212,6.577501662
TARA_N000001865,2011-06-15 21:00:00+00:00,-23.2142,-129.6312,170.0,21.405295,35.833775,206.1212,6.577501662
TARA_N000001880,2011-06-15 21:00:00+00:00,-23.2142,-129.6312,170.0,21.405295,35.833775,206.1212,6.577501662
TARA_N000001881,2011-06-15 21:00:00+00:00,-23.2142,-129.6312,170.0,21.405295,35.833775,206.1212,6.577501662
TARA_G100010097,2011-06-15 21:00:00+00:00,-23.2142,-129.6312,170.0,21.405295,35.833775,206.1212,6.577501662
TARA_G100010098,2011-06-15 21:00:00+00:00,-23.2142,-129.6312,170.0,21.405295,35.833775,206.1212,6.577501662
TARA_B000001890,2011-09-04 18:00:00+00:00,0.0003,-153.6759,5.0,26.218438,35.129025,180.67375,6.667961575
TARA_B000001891,2011-09-04 18:00:00+00:00,0.0003,-153.6759,5.0,26.218438,35.129025,180.67375,6.667961575
TARA_B000001892,2011-09-04 18:00:00+00:00,0.0003,-153.6759,5.0,26.218438,35.129025,180.67375,6.667961575
TARA_Y100000947,2011-09-04 18:00:00+00:00,0.0003,-153.6759,5.0,26.218438,35.129025,180.67375,6.667961575
TARA_Y100000948,2011-09-04 18:00:00+00:00,0.0003,-153.6759,5.0,26.218438,35.129025,180.67375,6.667961575
TARA_Y000000380,2011-09-04 18:00:00+00:00,0.0003,-153.6759,5.0,26.218438,35.129025,180.67375,6.667961575
TARA_Y000000381,2011-09-04 18:00:00+00:00,0.0003,-153.6759,5.0,26.218438,35.129025,180.67375,6.667961575
TARA_R100001634,2011-09-04 18:00:00+00:00,0.0003,-153.6759,5.0,26.218438,35.129025,180.67375,6.667961575
TARA_R100001635,2011-09-04 18:00:00+00:00,0.0003,-153.6759,5.0,26.218438,35.129025,180.67375,6.667961575
TARA_R000001805,2011-09-04 18:00:00+00:00,0.0003,-153.6759,5.0,26.218438,35.129025,180.67375,6.667961575
TARA_R000001806,2011-09-04 18:00:00+00:00,0.0003,-153.6759,5.0,26.218438,35.129025,180.67375,6.667961575
TARA_R000001807,2011-09-04 18:00:00+00:00,0.0003,-153.6759,5.0,26.218438,35.129025,180.67375,6.667961575
TARA_G100008713,2011-09-04 18:00:00+00:00,0.0003,-153.6759,5.0,26.218438,35.129025,180.67375,6.667961575
TARA_G100008714,2011-09-04 18:00:00+00:00,0.0003,-153.6759,5.0,26.218438,35.129025,180.67375,6.667961575
TARA_G100010854,2011-09-04 18:00:00+00:00,0.0003,-153.6759,5.0,26.218438,35.129025,180.67375,6.667961575
TARA_G100010855,2011-09-04 18:00:00+00:00,0.0003,-153.6759,5.0,26.218438,35.129025,180.67375,6.667961575
TARA_B000001896,2011-09-04 18:00:00+00:00,0.0003,-153.6759,5.0,26.218438,35.129025,180.67375,6.667961575
TARA_B000001897,2011-09-04 18:00:00+00:00,0.0003,-153.6759,5.0,26.218438,35.129025,180.67375,6.667961575
TARA_B000001898,2011-09-04 18:00:00+00:00,0.0003,-153.6759,5.0,26.218438,35.129025,180.67375,6.667961575
TARA_B000001899,2011-09-04 18:00:00+00:00,0.0003,-153.6759,5.0,26.218438,35.129025,180.67375,6.667961575
TARA_R000001821,2011-09-04 18:00:00+00:00,0.0003,-153.6759,5.0,26.218438,35.129025,180.67375,6.667961575
TARA_R000001822,2011-09-04 18:00:00+00:00,0.0003,-153.6759,5.0,26.218438,35.129025,180.67375,6.667961575
TARA_R000001823,2011-09-04 18:00:00+00:00,0.0003,-153.6759,5.0,26.218438,35.129025,180.67375,6.667961575
TARA_R000001817,2011-09-04 18:00:00+00:00,0.0003,-153.6759,5.0,26.218438,35.129025,180.67375,6.667961575
TARA_R000001818,2011-09-04 18:00:00+00:00,0.0003,-153.6759,5.0,26.218438,35.129025,180.67375,6.667961575
TARA_G000000701,2011-09-04 18:00:00+00:00,0.0003,-153.6759,5.0,26.218438,35.129025,180.67375,6.667961575
TARA_G000000702,2011-09-04 18:00:00+00:00,0.0003,-153.6759,5.0,26.218438,35.129025,180.67375,6.667961575
TARA_G000000703,2011-09-04 18:00:00+00:00,0.0003,-153.6759,5.0,26.218438,35.129025,180.67375,6.667961575
TARA_B100000616,2011-09-04 18:00:00+00:00,0.0003,-153.6759,5.0,26.218438,35.129025,180.67375,6.667961575
TARA_B100000617,2011-09-04 18:00:00+00:00,0.0003,-153.6759,5.0,26.218438,35.129025,180.67375,6.667961575
TARA_B100000618,2011-09-04 18:00:00+00:00,0.0003,-153.6759,5.0,26.218438,35.129025,180.67375,6.667961575
TARA_R100001648,2011-09-04 18:00:00+00:00,0.0003,-153.6759,5.0,26.218438,35.129025,180.67375,6.667961575
TARA_R100001649,2011-09-04 18:00:00+00:00,0.0003,-153.6759,5.0,26.218438,35.129025,180.67375,6.667961575
TARA_R100001650,2011-09-04 18:00:00+00:00,0.0003,-153.6759,5.0,26.218438,35.129025,180.67375,6.667961575
TARA_G100008709,2011-09-04 18:00:00+00:00,0.0003,-153.6759,5.0,26.218438,35.129025,180.67375,6.667961575
TARA_G100008710,2011-09-04 18:00:00+00:00,0.0003,-153.6759,5.0,26.218438,35.129025,180.67375,6.667961575
TARA_R000001811,2011-09-04 18:00:00+00:00,0.0003,-153.6759,5.0,26.218438,35.129025,180.67375,6.667961575
TARA_R000001812,2011-09-04 18:00:00+00:00,0.0003,-153.6759,5.0,26.218438,35.129025,180.67375,6.667961575
TARA_R000001813,2011-09-04 18:00:00+00:00,0.0003,-153.6759,5.0,26.218438,35.129025,180.67375,6.667961575
TARA_R100001639,2011-09-04 18:00:00+00:00,0.0003,-153.6759,5.0,26.218438,35.129025,180.67375,6.667961575
TARA_R100001640,2011-09-04 18:00:00+00:00,0.0003,-153.6759,5.0,26.218438,35.129025,180.67375,6.667961575
TARA_G100008705,2011-09-04 18:00:00+00:00,0.0003,-153.6759,5.0,26.218438,35.129025,180.67375,6.667961575
TARA_G100008706,2011-09-04 18:00:00+00:00,0.0003,-153.6759,5.0,26.218438,35.129025,180.67375,6.667961575
TARA_B100000609,2011-09-04 18:00:00+00:00,0.0003,-153.6759,5.0,26.218438,35.129025,180.67375,6.667961575
TARA_B100000610,2011-09-04 18:00:00+00:00,0.0003,-153.6759,5.0,26.218438,35.129025,180.67375,6.667961575
TARA_B000001884,2011-09-04 18:00:00+00:00,0.0003,-153.6759,5.0,26.218438,35.129025,180.67375,6.667961575
TARA_B000001885,2011-09-04 18:00:00+00:00,0.0003,-153.6759,5.0,26.218438,35.129025,180.67375,6.667961575
TARA_N000002285,2011-09-04 18:00:00+00:00,0.0003,-153.6759,5.0,26.218438,35.129025,180.67375,6.667961575
TARA_N000002286,2011-09-04 18:00:00+00:00,0.0003,-153.6759,5.0,26.218438,35.129025,180.67375,6.667961575
TARA_N000002269,2011-09-04 18:00:00+00:00,0.0003,-153.6759,5.0,26.218438,35.129025,180.67375,6.667961575
TARA_N000002270,2011-09-04 18:00:00+00:00,0.0003,-153.6759,5.0,26.218438,35.129025,180.67375,6.667961575
TARA_N000002289,2011-09-04 18:00:00+00:00,0.0003,-153.6759,5.0,26.218438,35.129025,180.67375,6.667961575
TARA_N000002290,2011-09-04 18:00:00+00:00,0.0003,-153.6759,5.0,26.218438,35.129025,180.67375,6.667961575
TARA_B000001882,2011-09-04 18:00:00+00:00,0.0003,-153.6759,5.0,26.218438,35.129025,180.67375,6.667961575
TARA_B000001883,2011-09-04 18:00:00+00:00,0.0003,-153.6759,5.0,26.218438,35.129025,180.67375,6.667961575
TARA_B100000603,2011-09-04 18:00:00+00:00,0.0003,-153.6759,5.0,26.218438,35.129025,180.67375,6.667961575
TARA_B100000604,2011-09-04 18:00:00+00:00,0.0003,-153.6759,5.0,26.218438,35.129025,180.67375,6.667961575
TARA_Y100000943,2011-09-04 18:00:00+00:00,0.0003,-153.6759,5.0,26.218438,35.129025,180.67375,6.667961575
TARA_Y100000942,2011-09-04 18:00:00+00:00,0.0003,-153.6759,5.0,26.218438,35.129025,180.67375,6.667961575
TARA_Y100000941,2011-09-04 18:00:00+00:00,0.0003,-153.6759,5.0,26.218438,35.129025,180.67375,6.667961575
TARA_R100001636,2011-09-04 18:00:00+00:00,0.0003,-153.6759,5.0,26.218438,35.129025,180.67375,6.667961575
TARA_R100001637,2011-09-04 18:00:00+00:00,0.0003,-153.6759,5.0,26.218438,35.129025,180.67375,6.667961575
TARA_R100001638,2011-09-04 18:00:00+00:00,0.0003,-153.6759,5.0,26.218438,35.129025,180.67375,6.667961575
TARA_G000000691,2011-09-04 18:00:00+00:00,0.0003,-153.6759,5.0,26.218438,35.129025,180.67375,6.667961575
TARA_G000000692,2011-09-04 18:00:00+00:00,0.0003,-153.6759,5.0,26.218438,35.129025,180.67375,6.667961575
TARA_P000000780,2011-09-04 20:50:00+00:00,0.0193,-153.7487,5.0,26.218438,35.129025,180.67375,6.667961575
TARA_G100010883,2011-09-04 20:50:00+00:00,0.0193,-153.7487,5.0,26.218438,35.129025,180.67375,6.667961575
TARA_G100010884,2011-09-04 20:50:00+00:00,0.0193,-153.7487,5.0,26.218438,35.129025,180.67375,6.667961575
TARA_G100010850,2011-09-04 20:50:00+00:00,0.0193,-153.7487,5.0,26.218438,35.129025,180.67375,6.667961575
TARA_G100010780,2011-09-04 20:50:00+00:00,0.0193,-153.7487,5.0,26.218438,35.129025,180.67375,6.667961575
TARA_G100010781,2011-09-04 20:50:00+00:00,0.0193,-153.7487,5.0,26.218438,35.129025,180.67375,6.667961575
TARA_G100010887,2011-09-04 20:50:00+00:00,0.0193,-153.7487,5.0,26.218438,35.129025,180.67375,6.667961575
TARA_G100010888,2011-09-04 20:50:00+00:00,0.0193,-153.7487,5.0,26.218438,35.129025,180.67375,6.667961575
TARA_N000002281,2011-09-04 20:50:00+00:00,0.0193,-153.7487,5.0,26.218438,35.129025,180.67375,6.667961575
TARA_N000002282,2011-09-04 20:50:00+00:00,0.0193,-153.7487,5.0,26.218438,35.129025,180.67375,6.667961575
TARA_N000002301,2011-09-04 20:50:00+00:00,0.0193,-153.7487,5.0,26.218438,35.129025,180.67375,6.667961575
TARA_N000002302,2011-09-04 20:50:00+00:00,0.0193,-153.7487,5.0,26.218438,35.129025,180.67375,6.667961575
TARA_G100010846,2011-09-04 20:50:00+00:00,0.0193,-153.7487,5.0,26.218438,35.129025,180.67375,6.667961575
TARA_G100010847,2011-09-04 20:50:00+00:00,0.0193,-153.7487,5.0,26.218438,35.129025,180.67375,6.667961575
TARA_P000000772,2011-09-05 00:07:00+00:00,0.008,-153.7022,5.0,26.218438,35.129025,180.67375,6.667961575
TARA_G100010875,2011-09-05 00:07:00+00:00,0.008,-153.7022,5.0,26.218438,35.129025,180.67375,6.667961575
TARA_G100010876,2011-09-05 00:07:00+00:00,0.008,-153.7022,5.0,26.218438,35.129025,180.67375,6.667961575
TARA_G100010862,2011-09-05 00:07:00+00:00,0.008,-153.7022,5.0,26.218438,35.129025,180.67375,6.667961575
TARA_G100010863,2011-09-05 00:07:00+00:00,0.008,-153.7022,5.0,26.218438,35.129025,180.67375,6.667961575
TARA_G100010895,2011-09-05 00:07:00+00:00,0.008,-153.7022,5.0,26.218438,35.129025,180.67375,6.667961575
TARA_G100010896,2011-09-05 00:07:00+00:00,0.008,-153.7022,5.0,26.218438,35.129025,180.67375,6.667961575
TARA_G100010842,2011-09-05 00:07:00+00:00,0.008,-153.7022,5.0,26.218438,35.129025,180.67375,6.667961575
TARA_G100010844,2011-09-05 00:07:00+00:00,0.008,-153.7022,5.0,26.218438,35.129025,180.67375,6.667961575
TARA_G100010776,2011-09-05 00:07:00+00:00,0.008,-153.7022,5.0,26.218438,35.129025,180.67375,6.667961575
TARA_G100010777,2011-09-05 00:07:00+00:00,0.008,-153.7022,5.0,26.218438,35.129025,180.67375,6.667961575
TARA_G100010879,2011-09-05 00:07:00+00:00,0.008,-153.7022,5.0,26.218438,35.129025,180.67375,6.667961575
TARA_G100010880,2011-09-05 00:07:00+00:00,0.008,-153.7022,5.0,26.218438,35.129025,180.67375,6.667961575
TARA_N000002277,2011-09-05 00:07:00+00:00,0.008,-153.7022,5.0,26.218438,35.129025,180.67375,6.667961575
TARA_N000002278,2011-09-05 00:07:00+00:00,0.008,-153.7022,5.0,26.218438,35.129025,180.67375,6.667961575
TARA_N000002297,2011-09-05 00:07:00+00:00,0.008,-153.7022,5.0,26.218438,35.129025,180.67375,6.667961575
TARA_N000002298,2011-09-05 00:07:00+00:00,0.008,-153.7022,5.0,26.218438,35.129025,180.67375,6.667961575
TARA_G100010838,2011-09-05 00:07:00+00:00,0.008,-153.7022,5.0,26.218438,35.129025,180.67375,6.667961575
TARA_G100010839,2011-09-05 00:07:00+00:00,0.008,-153.7022,5.0,26.218438,35.129025,180.67375,6.667961575
TARA_P000000776,2011-09-05 02:29:00+00:00,0.0348,-153.7857,40.0,26.139288,35.146525,177.673063,6.74178415
TARA_G100010885,2011-09-05 02:29:00+00:00,0.0348,-153.7857,40.0,26.139288,35.146525,177.673063,6.74178415
TARA_G100010886,2011-09-05 02:29:00+00:00,0.0348,-153.7857,40.0,26.139288,35.146525,177.673063,6.74178415
TARA_G100010851,2011-09-05 02:29:00+00:00,0.0348,-153.7857,40.0,26.139288,35.146525,177.673063,6.74178415
TARA_G100010782,2011-09-05 02:29:00+00:00,0.0348,-153.7857,40.0,26.139288,35.146525,177.673063,6.74178415
TARA_G100010783,2011-09-05 02:29:00+00:00,0.0348,-153.7857,40.0,26.139288,35.146525,177.673063,6.74178415
TARA_G100010889,2011-09-05 02:29:00+00:00,0.0348,-153.7857,40.0,26.139288,35.146525,177.673063,6.74178415
TARA_G100010890,2011-09-05 02:29:00+00:00,0.0348,-153.7857,40.0,26.139288,35.146525,177.673063,6.74178415
TARA_N000002283,2011-09-05 02:29:00+00:00,0.0348,-153.7857,40.0,26.139288,35.146525,177.673063,6.74178415
TARA_N000002284,2011-09-05 02:29:00+00:00,0.0348,-153.7857,40.0,26.139288,35.146525,177.673063,6.74178415
TARA_N000002303,2011-09-05 02:29:00+00:00,0.0348,-153.7857,40.0,26.139288,35.146525,177.673063,6.74178415
TARA_N000002304,2011-09-05 02:29:00+00:00,0.0348,-153.7857,40.0,26.139288,35.146525,177.673063,6.74178415
TARA_G100010848,2011-09-05 02:29:00+00:00,0.0348,-153.7857,40.0,26.139288,35.146525,177.673063,6.74178415
TARA_G100010849,2011-09-05 02:29:00+00:00,0.0348,-153.7857,40.0,26.139288,35.146525,177.673063,6.74178415
TARA_P000000778,2011-09-05 03:00:00+00:00,0.0396,-153.8066,40.0,26.139288,35.146525,177.673063,6.74178415
TARA_G100010877,2011-09-05 03:00:00+00:00,0.0396,-153.8066,40.0,26.139288,35.146525,177.673063,6.74178415
TARA_G100010878,2011-09-05 03:00:00+00:00,0.0396,-153.8066,40.0,26.139288,35.146525,177.673063,6.74178415
TARA_G100010864,2011-09-05 03:00:00+00:00,0.0396,-153.8066,40.0,26.139288,35.146525,177.673063,6.74178415
TARA_G100010865,2011-09-05 03:00:00+00:00,0.0396,-153.8066,40.0,26.139288,35.146525,177.673063,6.74178415
TARA_G100010897,2011-09-05 03:00:00+00:00,0.0396,-153.8066,40.0,26.139288,35.146525,177.673063,6.74178415
TARA_G100010898,2011-09-05 03:00:00+00:00,0.0396,-153.8066,40.0,26.139288,35.146525,177.673063,6.74178415
TARA_G100010843,2011-09-05 03:00:00+00:00,0.0396,-153.8066,40.0,26.139288,35.146525,177.673063,6.74178415
TARA_G100010845,2011-09-05 03:00:00+00:00,0.0396,-153.8066,40.0,26.139288,35.146525,177.673063,6.74178415
TARA_G100010778,2011-09-05 03:00:00+00:00,0.0396,-153.8066,40.0,26.139288,35.146525,177.673063,6.74178415
TARA_G100010779,2011-09-05 03:00:00+00:00,0.0396,-153.8066,40.0,26.139288,35.146525,177.673063,6.74178415
TARA_G100010881,2011-09-05 03:00:00+00:00,0.0396,-153.8066,40.0,26.139288,35.146525,177.673063,6.74178415
TARA_G100010882,2011-09-05 03:00:00+00:00,0.0396,-153.8066,40.0,26.139288,35.146525,177.673063,6.74178415
TARA_N000002279,2011-09-05 03:00:00+00:00,0.0396,-153.8066,40.0,26.139288,35.146525,177.673063,6.74178415
TARA_N000002280,2011-09-05 03:00:00+00:00,0.0396,-153.8066,40.0,26.139288,35.146525,177.673063,6.74178415
TARA_N000002299,2011-09-05 03:00:00+00:00,0.0396,-153.8066,40.0,26.139288,35.146525,177.673063,6.74178415
TARA_N000002300,2011-09-05 03:00:00+00:00,0.0396,-153.8066,40.0,26.139288,35.146525,177.673063,6.74178415
TARA_G100010840,2011-09-05 03:00:00+00:00,0.0396,-153.8066,40.0,26.139288,35.146525,177.673063,6.74178415
TARA_G100010841,2011-09-05 03:00:00+00:00,0.0396,-153.8066,40.0,26.139288,35.146525,177.673063,6.74178415
TARA_G100010852,2011-09-05 16:38:00+00:00,0.0078,-153.6265,5.0,26.218438,35.129025,180.67375,6.667961575
TARA_G100010853,2011-09-05 16:38:00+00:00,0.0078,-153.6265,5.0,26.218438,35.129025,180.67375,6.667961575
TARA_G100010866,2011-09-05 16:38:00+00:00,0.0078,-153.6265,5.0,26.218438,35.129025,180.67375,6.667961575
TARA_G100010867,2011-09-05 16:38:00+00:00,0.0078,-153.6265,5.0,26.218438,35.129025,180.67375,6.667961575
TARA_G100010858,2011-09-05 16:38:00+00:00,0.0078,-153.6265,5.0,26.218438,35.129025,180.67375,6.667961575
TARA_G100010859,2011-09-05 16:38:00+00:00,0.0078,-153.6265,5.0,26.218438,35.129025,180.67375,6.667961575
TARA_G100010891,2011-09-05 16:38:00+00:00,0.0078,-153.6265,5.0,26.218438,35.129025,180.67375,6.667961575
TARA_G100010892,2011-09-05 16:38:00+00:00,0.0078,-153.6265,5.0,26.218438,35.129025,180.67375,6.667961575
TARA_G100010773,2011-09-05 16:38:00+00:00,0.0078,-153.6265,5.0,26.218438,35.129025,180.67375,6.667961575
TARA_G100010774,2011-09-05 16:38:00+00:00,0.0078,-153.6265,5.0,26.218438,35.129025,180.67375,6.667961575
TARA_G100010767,2011-09-05 16:38:00+00:00,0.0078,-153.6265,5.0,26.218438,35.129025,180.67375,6.667961575
TARA_G100010768,2011-09-05 16:38:00+00:00,0.0078,-153.6265,5.0,26.218438,35.129025,180.67375,6.667961575
TARA_G100010871,2011-09-05 16:38:00+00:00,0.0078,-153.6265,5.0,26.218438,35.129025,180.67375,6.667961575
TARA_G100010872,2011-09-05 16:38:00+00:00,0.0078,-153.6265,5.0,26.218438,35.129025,180.67375,6.667961575
TARA_N000002273,2011-09-05 16:38:00+00:00,0.0078,-153.6265,5.0,26.218438,35.129025,180.67375,6.667961575
TARA_N000002274,2011-09-05 16:38:00+00:00,0.0078,-153.6265,5.0,26.218438,35.129025,180.67375,6.667961575
TARA_N000002293,2011-09-05 16:38:00+00:00,0.0078,-153.6265,5.0,26.218438,35.129025,180.67375,6.667961575
TARA_N000002294,2011-09-05 16:38:00+00:00,0.0078,-153.6265,5.0,26.218438,35.129025,180.67375,6.667961575
TARA_G000000695,2011-09-05 16:38:00+00:00,0.0078,-153.6265,5.0,26.218438,35.129025,180.67375,6.667961575
TARA_G000000696,2011-09-05 16:38:00+00:00,0.0078,-153.6265,5.0,26.218438,35.129025,180.67375,6.667961575
TARA_G100010771,2011-09-05 17:07:00+00:00,0.001,-153.6387,40.0,26.139288,35.146525,177.673063,6.74178415
TARA_G100010772,2011-09-05 17:07:00+00:00,0.001,-153.6387,40.0,26.139288,35.146525,177.673063,6.74178415
TARA_G100010868,2011-09-05 17:07:00+00:00,0.001,-153.6387,40.0,26.139288,35.146525,177.673063,6.74178415
TARA_G100010869,2011-09-05 17:07:00+00:00,0.001,-153.6387,40.0,26.139288,35.146525,177.673063,6.74178415
TARA_G100010860,2011-09-05 17:07:00+00:00,0.001,-153.6387,40.0,26.139288,35.146525,177.673063,6.74178415
TARA_G100010861,2011-09-05 17:07:00+00:00,0.001,-153.6387,40.0,26.139288,35.146525,177.673063,6.74178415
TARA_G100010893,2011-09-05 17:07:00+00:00,0.001,-153.6387,40.0,26.139288,35.146525,177.673063,6.74178415
TARA_G100010894,2011-09-05 17:07:00+00:00,0.001,-153.6387,40.0,26.139288,35.146525,177.673063,6.74178415
TARA_G100008717,2011-09-05 17:07:00+00:00,0.001,-153.6387,40.0,26.139288,35.146525,177.673063,6.74178415
TARA_G100010775,2011-09-05 17:07:00+00:00,0.001,-153.6387,40.0,26.139288,35.146525,177.673063,6.74178415
TARA_G100010769,2011-09-05 17:07:00+00:00,0.001,-153.6387,40.0,26.139288,35.146525,177.673063,6.74178415
TARA_G100010770,2011-09-05 17:07:00+00:00,0.001,-153.6387,40.0,26.139288,35.146525,177.673063,6.74178415
TARA_G100010873,2011-09-05 17:07:00+00:00,0.001,-153.6387,40.0,26.139288,35.146525,177.673063,6.74178415
TARA_G100010874,2011-09-05 17:07:00+00:00,0.001,-153.6387,40.0,26.139288,35.146525,177.673063,6.74178415
TARA_N000002275,2011-09-05 17:07:00+00:00,0.001,-153.6387,40.0,26.139288,35.146525,177.673063,6.74178415
TARA_N000002276,2011-09-05 17:07:00+00:00,0.001,-153.6387,40.0,26.139288,35.146525,177.673063,6.74178415
TARA_N000002295,2011-09-05 17:07:00+00:00,0.001,-153.6387,40.0,26.139288,35.146525,177.673063,6.74178415
TARA_N000002296,2011-09-05 17:07:00+00:00,0.001,-153.6387,40.0,26.139288,35.146525,177.673063,6.74178415
TARA_G000000697,2011-09-05 17:07:00+00:00,0.001,-153.6387,40.0,26.139288,35.146525,177.673063,6.74178415
TARA_G000000698,2011-09-05 17:07:00+00:00,0.001,-153.6387,40.0,26.139288,35.146525,177.673063,6.74178415
TARA_B000001893,2011-09-05 18:40:00+00:00,0.0222,-153.6858,40.0,26.139288,35.146525,177.673063,6.74178415
TARA_B000001894,2011-09-05 18:40:00+00:00,0.0222,-153.6858,40.0,26.139288,35.146525,177.673063,6.74178415
TARA_B000001895,2011-09-05 18:40:00+00:00,0.0222,-153.6858,40.0,26.139288,35.146525,177.673063,6.74178415
TARA_Y100000949,2011-09-05 18:40:00+00:00,0.0222,-153.6858,40.0,26.139288,35.146525,177.673063,6.74178415
TARA_Y100000950,2011-09-05 18:40:00+00:00,0.0222,-153.6858,40.0,26.139288,35.146525,177.673063,6.74178415
TARA_Y000000382,2011-09-05 18:40:00+00:00,0.0222,-153.6858,40.0,26.139288,35.146525,177.673063,6.74178415
TARA_Y000000383,2011-09-05 18:40:00+00:00,0.0222,-153.6858,40.0,26.139288,35.146525,177.673063,6.74178415
TARA_R100001641,2011-09-05 18:40:00+00:00,0.0222,-153.6858,40.0,26.139288,35.146525,177.673063,6.74178415
TARA_R100001642,2011-09-05 18:40:00+00:00,0.0222,-153.6858,40.0,26.139288,35.146525,177.673063,6.74178415
TARA_R000001808,2011-09-05 18:40:00+00:00,0.0222,-153.6858,40.0,26.139288,35.146525,177.673063,6.74178415
TARA_R000001809,2011-09-05 18:40:00+00:00,0.0222,-153.6858,40.0,26.139288,35.146525,177.673063,6.74178415
TARA_R000001810,2011-09-05 18:40:00+00:00,0.0222,-153.6858,40.0,26.139288,35.146525,177.673063,6.74178415
TARA_G100008715,2011-09-05 18:40:00+00:00,0.0222,-153.6858,40.0,26.139288,35.146525,177.673063,6.74178415
TARA_G100008716,2011-09-05 18:40:00+00:00,0.0222,-153.6858,40.0,26.139288,35.146525,177.673063,6.74178415
TARA_G100010856,2011-09-05 18:40:00+00:00,0.0222,-153.6858,40.0,26.139288,35.146525,177.673063,6.74178415
TARA_G100010857,2011-09-05 18:40:00+00:00,0.0222,-153.6858,40.0,26.139288,35.146525,177.673063,6.74178415
TARA_B000001900,2011-09-05 18:40:00+00:00,0.0222,-153.6858,40.0,26.139288,35.146525,177.673063,6.74178415
TARA_B000001901,2011-09-05 18:40:00+00:00,0.0222,-153.6858,40.0,26.139288,35.146525,177.673063,6.74178415
TARA_B000001902,2011-09-05 18:40:00+00:00,0.0222,-153.6858,40.0,26.139288,35.146525,177.673063,6.74178415
TARA_B000001903,2011-09-05 18:40:00+00:00,0.0222,-153.6858,40.0,26.139288,35.146525,177.673063,6.74178415
TARA_R000001824,2011-09-05 18:40:00+00:00,0.0222,-153.6858,40.0,26.139288,35.146525,177.673063,6.74178415
TARA_R000001825,2011-09-05 18:40:00+00:00,0.0222,-153.6858,40.0,26.139288,35.146525,177.673063,6.74178415
TARA_R000001826,2011-09-05 18:40:00+00:00,0.0222,-153.6858,40.0,26.139288,35.146525,177.673063,6.74178415
TARA_R000001819,2011-09-05 18:40:00+00:00,0.0222,-153.6858,40.0,26.139288,35.146525,177.673063,6.74178415
TARA_R000001820,2011-09-05 18:40:00+00:00,0.0222,-153.6858,40.0,26.139288,35.146525,177.673063,6.74178415
TARA_G000000704,2011-09-05 18:40:00+00:00,0.0222,-153.6858,40.0,26.139288,35.146525,177.673063,6.74178415
TARA_G000000705,2011-09-05 18:40:00+00:00,0.0222,-153.6858,40.0,26.139288,35.146525,177.673063,6.74178415
TARA_G000000706,2011-09-05 18:40:00+00:00,0.0222,-153.6858,40.0,26.139288,35.146525,177.673063,6.74178415
TARA_B100000619,2011-09-05 18:40:00+00:00,0.0222,-153.6858,40.0,26.139288,35.146525,177.673063,6.74178415
TARA_B100000620,2011-09-05 18:40:00+00:00,0.0222,-153.6858,40.0,26.139288,35.146525,177.673063,6.74178415
TARA_B100000621,2011-09-05 18:40:00+00:00,0.0222,-153.6858,40.0,26.139288,35.146525,177.673063,6.74178415
TARA_R100001651,2011-09-05 18:40:00+00:00,0.0222,-153.6858,40.0,26.139288,35.146525,177.673063,6.74178415
TARA_R100001652,2011-09-05 18:40:00+00:00,0.0222,-153.6858,40.0,26.139288,35.146525,177.673063,6.74178415
TARA_R100001653,2011-09-05 18:40:00+00:00,0.0222,-153.6858,40.0,26.139288,35.146525,177.673063,6.74178415
TARA_G100008711,2011-09-05 18:40:00+00:00,0.0222,-153.6858,40.0,26.139288,35.146525,177.673063,6.74178415
TARA_G100008712,2011-09-05 18:40:00+00:00,0.0222,-153.6858,40.0,26.139288,35.146525,177.673063,6.74178415
TARA_R000001814,2011-09-05 18:40:00+00:00,0.0222,-153.6858,40.0,26.139288,35.146525,177.673063,6.74178415
TARA_R000001815,2011-09-05 18:40:00+00:00,0.0222,-153.6858,40.0,26.139288,35.146525,177.673063,6.74178415
TARA_R000001816,2011-09-05 18:40:00+00:00,0.0222,-153.6858,40.0,26.139288,35.146525,177.673063,6.74178415
TARA_R100001646,2011-09-05 18:40:00+00:00,0.0222,-153.6858,40.0,26.139288,35.146525,177.673063,6.74178415
TARA_R100001647,2011-09-05 18:40:00+00:00,0.0222,-153.6858,40.0,26.139288,35.146525,177.673063,6.74178415
TARA_G100008707,2011-09-05 18:40:00+00:00,0.0222,-153.6858,40.0,26.139288,35.146525,177.673063,6.74178415
TARA_G100008708,2011-09-05 18:40:00+00:00,0.0222,-153.6858,40.0,26.139288,35.146525,177.673063,6.74178415
TARA_B100000614,2011-09-05 18:40:00+00:00,0.0222,-153.6858,40.0,26.139288,35.146525,177.673063,6.74178415
TARA_B100000615,2011-09-05 18:40:00+00:00,0.0222,-153.6858,40.0,26.139288,35.146525,177.673063,6.74178415
TARA_B000001888,2011-09-05 18:40:00+00:00,0.0222,-153.6858,40.0,26.139288,35.146525,177.673063,6.74178415
TARA_B000001889,2011-09-05 18:40:00+00:00,0.0222,-153.6858,40.0,26.139288,35.146525,177.673063,6.74178415
TARA_N000002287,2011-09-05 18:40:00+00:00,0.0222,-153.6858,40.0,26.139288,35.146525,177.673063,6.74178415
TARA_N000002288,2011-09-05 18:40:00+00:00,0.0222,-153.6858,40.0,26.139288,35.146525,177.673063,6.74178415
TARA_N000002271,2011-09-05 18:40:00+00:00,0.0222,-153.6858,40.0,26.139288,35.146525,177.673063,6.74178415
TARA_N000002272,2011-09-05 18:40:00+00:00,0.0222,-153.6858,40.0,26.139288,35.146525,177.673063,6.74178415
TARA_N000002291,2011-09-05 18:40:00+00:00,0.0222,-153.6858,40.0,26.139288,35.146525,177.673063,6.74178415
TARA_N000002292,2011-09-05 18:40:00+00:00,0.0222,-153.6858,40.0,26.139288,35.146525,177.673063,6.74178415
TARA_B000001886,2011-09-05 18:40:00+00:00,0.0222,-153.6858,40.0,26.139288,35.146525,177.673063,6.74178415
TARA_B000001887,2011-09-05 18:40:00+00:00,0.0222,-153.6858,40.0,26.139288,35.146525,177.673063,6.74178415
TARA_B100000611,2011-09-05 18:40:00+00:00,0.0222,-153.6858,40.0,26.139288,35.146525,177.673063,6.74178415
TARA_B100000612,2011-09-05 18:40:00+00:00,0.0222,-153.6858,40.0,26.139288,35.146525,177.673063,6.74178415
TARA_Y100000946,2011-09-05 18:40:00+00:00,0.0222,-153.6858,40.0,26.139288,35.146525,177.673063,6.74178415
TARA_Y100000945,2011-09-05 18:40:00+00:00,0.0222,-153.6858,40.0,26.139288,35.146525,177.673063,6.74178415
TARA_Y100000944,2011-09-05 18:40:00+00:00,0.0222,-153.6858,40.0,26.139288,35.146525,177.673063,6.74178415
TARA_R100001643,2011-09-05 18:40:00+00:00,0.0222,-153.6858,40.0,26.139288,35.146525,177.673063,6.74178415
TARA_R100001644,2011-09-05 18:40:00+00:00,0.0222,-153.6858,40.0,26.139288,35.146525,177.673063,6.74178415
TARA_R100001645,2011-09-05 18:40:00+00:00,0.0222,-153.6858,40.0,26.139288,35.146525,177.673063,6.74178415
TARA_G000000693,2011-09-05 18:40:00+00:00,0.0222,-153.6858,40.0,26.139288,35.146525,177.673063,6.74178415
TARA_G000000694,2011-09-05 18:40:00+00:00,0.0222,-153.6858,40.0,26.139288,35.146525,177.673063,6.74178415
TARA_B000001834,2011-10-04 17:46:00+00:00,31.5213,-158.9958,5.0,25.164595,35.19025,197.7245,6.429348162
TARA_B000001835,2011-10-04 17:46:00+00:00,31.5213,-158.9958,5.0,25.164595,35.19025,197.7245,6.429348162
TARA_B000001836,2011-10-04 17:46:00+00:00,31.5213,-158.9958,5.0,25.164595,35.19025,197.7245,6.429348162
TARA_Y100001928,2011-10-04 17:46:00+00:00,31.5213,-158.9958,5.0,25.164595,35.19025,197.7245,6.429348162
TARA_Y100001929,2011-10-04 17:46:00+00:00,31.5213,-158.9958,5.0,25.164595,35.19025,197.7245,6.429348162
TARA_Y000000491,2011-10-04 17:46:00+00:00,31.5213,-158.9958,5.0,25.164595,35.19025,197.7245,6.429348162
TARA_Y000000492,2011-10-04 17:46:00+00:00,31.5213,-158.9958,5.0,25.164595,35.19025,197.7245,6.429348162
TARA_R100001694,2011-10-04 17:46:00+00:00,31.5213,-158.9958,5.0,25.164595,35.19025,197.7245,6.429348162
TARA_R100001695,2011-10-04 17:46:00+00:00,31.5213,-158.9958,5.0,25.164595,35.19025,197.7245,6.429348162
TARA_R000001335,2011-10-04 17:46:00+00:00,31.5213,-158.9958,5.0,25.164595,35.19025,197.7245,6.429348162
TARA_R000001336,2011-10-04 17:46:00+00:00,31.5213,-158.9958,5.0,25.164595,35.19025,197.7245,6.429348162
TARA_R000001337,2011-10-04 17:46:00+00:00,31.5213,-158.9958,5.0,25.164595,35.19025,197.7245,6.429348162
TARA_G100006984,2011-10-04 17:46:00+00:00,31.5213,-158.9958,5.0,25.164595,35.19025,197.7245,6.429348162
TARA_G100006985,2011-10-04 17:46:00+00:00,31.5213,-158.9958,5.0,25.164595,35.19025,197.7245,6.429348162
TARA_G100006980,2011-10-04 17:46:00+00:00,31.5213,-158.9958,5.0,25.164595,35.19025,197.7245,6.429348162
TARA_G100006981,2011-10-04 17:46:00+00:00,31.5213,-158.9958,5.0,25.164595,35.19025,197.7245,6.429348162
TARA_B000001994,2011-10-04 17:46:00+00:00,31.5213,-158.9958,5.0,25.164595,35.19025,197.7245,6.429348162
TARA_B000001995,2011-10-04 17:46:00+00:00,31.5213,-158.9958,5.0,25.164595,35.19025,197.7245,6.429348162
TARA_B000001996,2011-10-04 17:46:00+00:00,31.5213,-158.9958,5.0,25.164595,35.19025,197.7245,6.429348162
TARA_B000001997,2011-10-04 17:46:00+00:00,31.5213,-158.9958,5.0,25.164595,35.19025,197.7245,6.429348162
TARA_R000001328,2011-10-04 17:46:00+00:00,31.5213,-158.9958,5.0,25.164595,35.19025,197.7245,6.429348162
TARA_R000001329,2011-10-04 17:46:00+00:00,31.5213,-158.9958,5.0,25.164595,35.19025,197.7245,6.429348162
TARA_R000001330,2011-10-04 17:46:00+00:00,31.5213,-158.9958,5.0,25.164595,35.19025,197.7245,6.429348162
TARA_R000001324,2011-10-04 17:46:00+00:00,31.5213,-158.9958,5.0,25.164595,35.19025,197.7245,6.429348162
TARA_R000001325,2011-10-04 17:46:00+00:00,31.5213,-158.9958,5.0,25.164595,35.19025,197.7245,6.429348162
TARA_G000000813,2011-10-04 17:46:00+00:00,31.5213,-158.9958,5.0,25.164595,35.19025,197.7245,6.429348162
TARA_G000000814,2011-10-04 17:46:00+00:00,31.5213,-158.9958,5.0,25.164595,35.19025,197.7245,6.429348162
TARA_G000000815,2011-10-04 17:46:00+00:00,31.5213,-158.9958,5.0,25.164595,35.19025,197.7245,6.429348162
TARA_B100001252,2011-10-04 17:46:00+00:00,31.5213,-158.9958,5.0,25.164595,35.19025,197.7245,6.429348162
TARA_B100001253,2011-10-04 17:46:00+00:00,31.5213,-158.9958,5.0,25.164595,35.19025,197.7245,6.429348162
TARA_B100001254,2011-10-04 17:46:00+00:00,31.5213,-158.9958,5.0,25.164595,35.19025,197.7245,6.429348162
TARA_R100001704,2011-10-04 17:46:00+00:00,31.5213,-158.9958,5.0,25.164595,35.19025,197.7245,6.429348162
TARA_R100001705,2011-10-04 17:46:00+00:00,31.5213,-158.9958,5.0,25.164595,35.19025,197.7245,6.429348162
TARA_R100001706,2011-10-04 17:46:00+00:00,31.5213,-158.9958,5.0,25.164595,35.19025,197.7245,6.429348162
TARA_G100006996,2011-10-04 17:46:00+00:00,31.5213,-158.9958,5.0,25.164595,35.19025,197.7245,6.429348162
TARA_G100006997,2011-10-04 17:46:00+00:00,31.5213,-158.9958,5.0,25.164595,35.19025,197.7245,6.429348162
TARA_R000001318,2011-10-04 17:46:00+00:00,31.5213,-158.9958,5.0,25.164595,35.19025,197.7245,6.429348162
TARA_R000001319,2011-10-04 17:46:00+00:00,31.5213,-158.9958,5.0,25.164595,35.19025,197.7245,6.429348162
TARA_R000001320,2011-10-04 17:46:00+00:00,31.5213,-158.9958,5.0,25.164595,35.19025,197.7245,6.429348162
TARA_R100001700,2011-10-04 17:46:00+00:00,31.5213,-158.9958,5.0,25.164595,35.19025,197.7245,6.429348162
TARA_R100001701,2011-10-04 17:46:00+00:00,31.5213,-158.9958,5.0,25.164595,35.19025,197.7245,6.429348162
TARA_G100008548,2011-10-04 17:46:00+00:00,31.5213,-158.9958,5.0,25.164595,35.19025,197.7245,6.429348162
TARA_G100008549,2011-10-04 17:46:00+00:00,31.5213,-158.9958,5.0,25.164595,35.19025,197.7245,6.429348162
TARA_B100001248,2011-10-04 17:46:00+00:00,31.5213,-158.9958,5.0,25.164595,35.19025,197.7245,6.429348162
TARA_B100001249,2011-10-04 17:46:00+00:00,31.5213,-158.9958,5.0,25.164595,35.19025,197.7245,6.429348162
TARA_B000001990,2011-10-04 17:46:00+00:00,31.5213,-158.9958,5.0,25.164595,35.19025,197.7245,6.429348162
TARA_B000001991,2011-10-04 17:46:00+00:00,31.5213,-158.9958,5.0,25.164595,35.19025,197.7245,6.429348162
TARA_N000002420,2011-10-04 17:46:00+00:00,31.5213,-158.9958,5.0,25.164595,35.19025,197.7245,6.429348162
TARA_N000002421,2011-10-04 17:46:00+00:00,31.5213,-158.9958,5.0,25.164595,35.19025,197.7245,6.429348162
TARA_N000002396,2011-10-04 17:46:00+00:00,31.5213,-158.9958,5.0,25.164595,35.19025,197.7245,6.429348162
TARA_N000002397,2011-10-04 17:46:00+00:00,31.5213,-158.9958,5.0,25.164595,35.19025,197.7245,6.429348162
TARA_N000002416,2011-10-04 17:46:00+00:00,31.5213,-158.9958,5.0,25.164595,35.19025,197.7245,6.429348162
TARA_N000002417,2011-10-04 17:46:00+00:00,31.5213,-158.9958,5.0,25.164595,35.19025,197.7245,6.429348162
TARA_B000001986,2011-10-04 17:46:00+00:00,31.5213,-158.9958,5.0,25.164595,35.19025,197.7245,6.429348162
TARA_B000001987,2011-10-04 17:46:00+00:00,31.5213,-158.9958,5.0,25.164595,35.19025,197.7245,6.429348162
TARA_B100000658,2011-10-04 17:46:00+00:00,31.5213,-158.9958,5.0,25.164595,35.19025,197.7245,6.429348162
TARA_B100000659,2011-10-04 17:46:00+00:00,31.5213,-158.9958,5.0,25.164595,35.19025,197.7245,6.429348162
TARA_Y100001926,2011-10-04 17:46:00+00:00,31.5213,-158.9958,5.0,25.164595,35.19025,197.7245,6.429348162
TARA_Y100001924,2011-10-04 17:46:00+00:00,31.5213,-158.9958,5.0,25.164595,35.19025,197.7245,6.429348162
TARA_Y100001922,2011-10-04 17:46:00+00:00,31.5213,-158.9958,5.0,25.164595,35.19025,197.7245,6.429348162
TARA_R100001698,2011-10-04 17:46:00+00:00,31.5213,-158.9958,5.0,25.164595,35.19025,197.7245,6.429348162
TARA_G000000819,2011-10-04 17:46:00+00:00,31.5213,-158.9958,5.0,25.164595,35.19025,197.7245,6.429348162
TARA_G000000820,2011-10-04 17:46:00+00:00,31.5213,-158.9958,5.0,25.164595,35.19025,197.7245,6.429348162
TARA_G100008576,2011-10-04 20:12:00+00:00,31.5024,-159.0393,5.0,25.164595,35.19025,197.7245,6.429348162
TARA_G100008577,2011-10-04 20:12:00+00:00,31.5024,-159.0393,5.0,25.164595,35.19025,197.7245,6.429348162
TARA_G100008572,2011-10-04 20:12:00+00:00,31.5024,-159.0393,5.0,25.164595,35.19025,197.7245,6.429348162
TARA_G100008552,2011-10-04 20:12:00+00:00,31.5024,-159.0393,5.0,25.164595,35.19025,197.7245,6.429348162
TARA_G100008553,2011-10-04 20:12:00+00:00,31.5024,-159.0393,5.0,25.164595,35.19025,197.7245,6.429348162
TARA_G100008588,2011-10-04 20:12:00+00:00,31.5024,-159.0393,5.0,25.164595,35.19025,197.7245,6.429348162
TARA_G100008589,2011-10-04 20:12:00+00:00,31.5024,-159.0393,5.0,25.164595,35.19025,197.7245,6.429348162
TARA_N000002400,2011-10-04 20:12:00+00:00,31.5024,-159.0393,5.0,25.164595,35.19025,197.7245,6.429348162
TARA_N000002401,2011-10-04 20:12:00+00:00,31.5024,-159.0393,5.0,25.164595,35.19025,197.7245,6.429348162
TARA_N000002408,2011-10-04 20:12:00+00:00,31.5024,-159.0393,5.0,25.164595,35.19025,197.7245,6.429348162
TARA_N000002409,2011-10-04 20:12:00+00:00,31.5024,-159.0393,5.0,25.164595,35.19025,197.7245,6.429348162
TARA_G100008564,2011-10-04 20:12:00+00:00,31.5024,-159.0393,5.0,25.164595,35.19025,197.7245,6.429348162
TARA_G100008565,2011-10-04 20:12:00+00:00,31.5024,-159.0393,5.0,25.164595,35.19025,197.7245,6.429348162
TARA_G100008580,2011-10-04 21:28:00+00:00,31.4901,-159.0669,5.0,25.164595,35.19025,197.7245,6.429348162
TARA_G100008581,2011-10-04 21:28:00+00:00,31.4901,-159.0669,5.0,25.164595,35.19025,197.7245,6.429348162
TARA_G100008600,2011-10-04 21:28:00+00:00,31.4901,-159.0669,5.0,25.164595,35.19025,197.7245,6.429348162
TARA_G100008601,2011-10-04 21:28:00+00:00,31.4901,-159.0669,5.0,25.164595,35.19025,197.7245,6.429348162
TARA_G100008612,2011-10-04 21:28:00+00:00,31.4901,-159.0669,5.0,25.164595,35.19025,197.7245,6.429348162
TARA_G100008613,2011-10-04 21:28:00+00:00,31.4901,-159.0669,5.0,25.164595,35.19025,197.7245,6.429348162
TARA_G100008574,2011-10-04 21:28:00+00:00,31.4901,-159.0669,5.0,25.164595,35.19025,197.7245,6.429348162
TARA_G100008618,2011-10-04 21:28:00+00:00,31.4901,-159.0669,5.0,25.164595,35.19025,197.7245,6.429348162
TARA_G100008556,2011-10-04 21:28:00+00:00,31.4901,-159.0669,5.0,25.164595,35.19025,197.7245,6.429348162
TARA_G100008557,2011-10-04 21:28:00+00:00,31.4901,-159.0669,5.0,25.164595,35.19025,197.7245,6.429348162
TARA_G100008592,2011-10-04 21:28:00+00:00,31.4901,-159.0669,5.0,25.164595,35.19025,197.7245,6.429348162
TARA_G100008593,2011-10-04 21:28:00+00:00,31.4901,-159.0669,5.0,25.164595,35.19025,197.7245,6.429348162
TARA_N000002388,2011-10-04 21:28:00+00:00,31.4901,-159.0669,5.0,25.164595,35.19025,197.7245,6.429348162
TARA_N000002389,2011-10-04 21:28:00+00:00,31.4901,-159.0669,5.0,25.164595,35.19025,197.7245,6.429348162
TARA_N000002404,2011-10-04 21:28:00+00:00,31.4901,-159.0669,5.0,25.164595,35.19025,197.7245,6.429348162
TARA_N000002405,2011-10-04 21:28:00+00:00,31.4901,-159.0669,5.0,25.164595,35.19025,197.7245,6.429348162
TARA_G100008568,2011-10-04 21:28:00+00:00,31.4901,-159.0669,5.0,25.164595,35.19025,197.7245,6.429348162
TARA_G100008569,2011-10-04 21:28:00+00:00,31.4901,-159.0669,5.0,25.164595,35.19025,197.7245,6.429348162
TARA_G100006992,2011-10-04 21:49:00+00:00,31.4868,-159.0749,5.0,25.164595,35.19025,197.7245,6.429348162
TARA_G100006993,2011-10-04 21:49:00+00:00,31.4868,-159.0749,5.0,25.164595,35.19025,197.7245,6.429348162
TARA_G100008584,2011-10-04 21:49:00+00:00,31.4868,-159.0749,5.0,25.164595,35.19025,197.7245,6.429348162
TARA_G100008585,2011-10-04 21:49:00+00:00,31.4868,-159.0749,5.0,25.164595,35.19025,197.7245,6.429348162
TARA_G100008604,2011-10-04 21:49:00+00:00,31.4868,-159.0749,5.0,25.164595,35.19025,197.7245,6.429348162
TARA_G100008605,2011-10-04 21:49:00+00:00,31.4868,-159.0749,5.0,25.164595,35.19025,197.7245,6.429348162
TARA_G100008608,2011-10-04 21:49:00+00:00,31.4868,-159.0749,5.0,25.164595,35.19025,197.7245,6.429348162
TARA_G100008609,2011-10-04 21:49:00+00:00,31.4868,-159.0749,5.0,25.164595,35.19025,197.7245,6.429348162
TARA_G100008560,2011-10-04 21:49:00+00:00,31.4868,-159.0749,5.0,25.164595,35.19025,197.7245,6.429348162
TARA_G100008561,2011-10-04 21:49:00+00:00,31.4868,-159.0749,5.0,25.164595,35.19025,197.7245,6.429348162
TARA_G100006988,2011-10-04 21:49:00+00:00,31.4868,-159.0749,5.0,25.164595,35.19025,197.7245,6.429348162
TARA_G100006989,2011-10-04 21:49:00+00:00,31.4868,-159.0749,5.0,25.164595,35.19025,197.7245,6.429348162
TARA_G100008596,2011-10-04 21:49:00+00:00,31.4868,-159.0749,5.0,25.164595,35.19025,197.7245,6.429348162
TARA_G100008597,2011-10-04 21:49:00+00:00,31.4868,-159.0749,5.0,25.164595,35.19025,197.7245,6.429348162
TARA_N000002392,2011-10-04 21:49:00+00:00,31.4868,-159.0749,5.0,25.164595,35.19025,197.7245,6.429348162
TARA_N000002393,2011-10-04 21:49:00+00:00,31.4868,-159.0749,5.0,25.164595,35.19025,197.7245,6.429348162
TARA_N000002412,2011-10-04 21:49:00+00:00,31.4868,-159.0749,5.0,25.164595,35.19025,197.7245,6.429348162
TARA_N000002413,2011-10-04 21:49:00+00:00,31.4868,-159.0749,5.0,25.164595,35.19025,197.7245,6.429348162
TARA_G000000823,2011-10-04 21:49:00+00:00,31.4868,-159.0749,5.0,25.164595,35.19025,197.7245,6.429348162
TARA_G000000824,2011-10-04 21:49:00+00:00,31.4868,-159.0749,5.0,25.164595,35.19025,197.7245,6.429348162
TARA_G100008578,2011-10-05 00:27:00+00:00,31.5237,-159.0351,115.0,15.321075,34.39568,222.94125,6.561389685
TARA_G100008579,2011-10-05 00:27:00+00:00,31.5237,-159.0351,115.0,15.321075,34.39568,222.94125,6.561389685
TARA_G100008573,2011-10-05 00:27:00+00:00,31.5237,-159.0351,115.0,15.321075,34.39568,222.94125,6.561389685
TARA_G100008554,2011-10-05 00:27:00+00:00,31.5237,-159.0351,115.0,15.321075,34.39568,222.94125,6.561389685
TARA_G100008555,2011-10-05 00:27:00+00:00,31.5237,-159.0351,115.0,15.321075,34.39568,222.94125,6.561389685
TARA_G100008590,2011-10-05 00:27:00+00:00,31.5237,-159.0351,115.0,15.321075,34.39568,222.94125,6.561389685
TARA_G100008591,2011-10-05 00:27:00+00:00,31.5237,-159.0351,115.0,15.321075,34.39568,222.94125,6.561389685
TARA_N000002402,2011-10-05 00:27:00+00:00,31.5237,-159.0351,115.0,15.321075,34.39568,222.94125,6.561389685
TARA_N000002403,2011-10-05 00:27:00+00:00,31.5237,-159.0351,115.0,15.321075,34.39568,222.94125,6.561389685
TARA_N000002410,2011-10-05 00:27:00+00:00,31.5237,-159.0351,115.0,15.321075,34.39568,222.94125,6.561389685
TARA_N000002411,2011-10-05 00:27:00+00:00,31.5237,-159.0351,115.0,15.321075,34.39568,222.94125,6.561389685
TARA_G100008566,2011-10-05 00:27:00+00:00,31.5237,-159.0351,115.0,15.321075,34.39568,222.94125,6.561389685
TARA_G100008567,2011-10-05 00:27:00+00:00,31.5237,-159.0351,115.0,15.321075,34.39568,222.94125,6.561389685
TARA_B000001837,2011-10-05 00:59:00+00:00,31.5168,-159.046,115.0,15.321075,34.39568,222.94125,6.561389685
TARA_B000001838,2011-10-05 00:59:00+00:00,31.5168,-159.046,115.0,15.321075,34.39568,222.94125,6.561389685
TARA_B000001839,2011-10-05 00:59:00+00:00,31.5168,-159.046,115.0,15.321075,34.39568,222.94125,6.561389685
TARA_Y100001930,2011-10-05 00:59:00+00:00,31.5168,-159.046,115.0,15.321075,34.39568,222.94125,6.561389685
TARA_Y100001931,2011-10-05 00:59:00+00:00,31.5168,-159.046,115.0,15.321075,34.39568,222.94125,6.561389685
TARA_Y000000493,2011-10-05 00:59:00+00:00,31.5168,-159.046,115.0,15.321075,34.39568,222.94125,6.561389685
TARA_Y000000494,2011-10-05 00:59:00+00:00,31.5168,-159.046,115.0,15.321075,34.39568,222.94125,6.561389685
TARA_R100001696,2011-10-05 00:59:00+00:00,31.5168,-159.046,115.0,15.321075,34.39568,222.94125,6.561389685
TARA_R100001697,2011-10-05 00:59:00+00:00,31.5168,-159.046,115.0,15.321075,34.39568,222.94125,6.561389685
TARA_R000001338,2011-10-05 00:59:00+00:00,31.5168,-159.046,115.0,15.321075,34.39568,222.94125,6.561389685
TARA_R000001339,2011-10-05 00:59:00+00:00,31.5168,-159.046,115.0,15.321075,34.39568,222.94125,6.561389685
TARA_R000001340,2011-10-05 00:59:00+00:00,31.5168,-159.046,115.0,15.321075,34.39568,222.94125,6.561389685
TARA_G100006986,2011-10-05 00:59:00+00:00,31.5168,-159.046,115.0,15.321075,34.39568,222.94125,6.561389685
TARA_G100006987,2011-10-05 00:59:00+00:00,31.5168,-159.046,115.0,15.321075,34.39568,222.94125,6.561389685
TARA_G100006982,2011-10-05 00:59:00+00:00,31.5168,-159.046,115.0,15.321075,34.39568,222.94125,6.561389685
TARA_G100006983,2011-10-05 00:59:00+00:00,31.5168,-159.046,115.0,15.321075,34.39568,222.94125,6.561389685
TARA_B000001998,2011-10-05 00:59:00+00:00,31.5168,-159.046,115.0,15.321075,34.39568,222.94125,6.561389685
TARA_B000001999,2011-10-05 00:59:00+00:00,31.5168,-159.046,115.0,15.321075,34.39568,222.94125,6.561389685
TARA_B000002000,2011-10-05 00:59:00+00:00,31.5168,-159.046,115.0,15.321075,34.39568,222.94125,6.561389685
TARA_B000002001,2011-10-05 00:59:00+00:00,31.5168,-159.046,115.0,15.321075,34.39568,222.94125,6.561389685
TARA_R000001332,2011-10-05 00:59:00+00:00,31.5168,-159.046,115.0,15.321075,34.39568,222.94125,6.561389685
TARA_R000001333,2011-10-05 00:59:00+00:00,31.5168,-159.046,115.0,15.321075,34.39568,222.94125,6.561389685
TARA_R000001334,2011-10-05 00:59:00+00:00,31.5168,-159.046,115.0,15.321075,34.39568,222.94125,6.561389685
TARA_R000001326,2011-10-05 00:59:00+00:00,31.5168,-159.046,115.0,15.321075,34.39568,222.94125,6.561389685
TARA_R000001327,2011-10-05 00:59:00+00:00,31.5168,-159.046,115.0,15.321075,34.39568,222.94125,6.561389685
TARA_G000000816,2011-10-05 00:59:00+00:00,31.5168,-159.046,115.0,15.321075,34.39568,222.94125,6.561389685
TARA_G000000817,2011-10-05 00:59:00+00:00,31.5168,-159.046,115.0,15.321075,34.39568,222.94125,6.561389685
TARA_G000000818,2011-10-05 00:59:00+00:00,31.5168,-159.046,115.0,15.321075,34.39568,222.94125,6.561389685
TARA_B100001255,2011-10-05 00:59:00+00:00,31.5168,-159.046,115.0,15.321075,34.39568,222.94125,6.561389685
TARA_B100001256,2011-10-05 00:59:00+00:00,31.5168,-159.046,115.0,15.321075,34.39568,222.94125,6.561389685
TARA_B100001257,2011-10-05 00:59:00+00:00,31.5168,-159.046,115.0,15.321075,34.39568,222.94125,6.561389685
TARA_R100001707,2011-10-05 00:59:00+00:00,31.5168,-159.046,115.0,15.321075,34.39568,222.94125,6.561389685
TARA_R100001708,2011-10-05 00:59:00+00:00,31.5168,-159.046,115.0,15.321075,34.39568,222.94125,6.561389685
TARA_R100001709,2011-10-05 00:59:00+00:00,31.5168,-159.046,115.0,15.321075,34.39568,222.94125,6.561389685
TARA_G100006998,2011-10-05 00:59:00+00:00,31.5168,-159.046,115.0,15.321075,34.39568,222.94125,6.561389685
TARA_G100006999,2011-10-05 00:59:00+00:00,31.5168,-159.046,115.0,15.321075,34.39568,222.94125,6.561389685
TARA_R000001322,2011-10-05 00:59:00+00:00,31.5168,-159.046,115.0,15.321075,34.39568,222.94125,6.561389685
TARA_R000001323,2011-10-05 00:59:00+00:00,31.5168,-159.046,115.0,15.321075,34.39568,222.94125,6.561389685
TARA_R000001341,2011-10-05 00:59:00+00:00,31.5168,-159.046,115.0,15.321075,34.39568,222.94125,6.561389685
TARA_R100001702,2011-10-05 00:59:00+00:00,31.5168,-159.046,115.0,15.321075,34.39568,222.94125,6.561389685
TARA_R100001703,2011-10-05 00:59:00+00:00,31.5168,-159.046,115.0,15.321075,34.39568,222.94125,6.561389685
TARA_G100008550,2011-10-05 00:59:00+00:00,31.5168,-159.046,115.0,15.321075,34.39568,222.94125,6.561389685
TARA_G100008551,2011-10-05 00:59:00+00:00,31.5168,-159.046,115.0,15.321075,34.39568,222.94125,6.561389685
TARA_B100001250,2011-10-05 00:59:00+00:00,31.5168,-159.046,115.0,15.321075,34.39568,222.94125,6.561389685
TARA_B100001251,2011-10-05 00:59:00+00:00,31.5168,-159.046,115.0,15.321075,34.39568,222.94125,6.561389685
TARA_B000001992,2011-10-05 00:59:00+00:00,31.5168,-159.046,115.0,15.321075,34.39568,222.94125,6.561389685
TARA_B000001993,2011-10-05 00:59:00+00:00,31.5168,-159.046,115.0,15.321075,34.39568,222.94125,6.561389685
TARA_N000002422,2011-10-05 00:59:00+00:00,31.5168,-159.046,115.0,15.321075,34.39568,222.94125,6.561389685
TARA_N000002423,2011-10-05 00:59:00+00:00,31.5168,-159.046,115.0,15.321075,34.39568,222.94125,6.561389685
TARA_N000002398,2011-10-05 00:59:00+00:00,31.5168,-159.046,115.0,15.321075,34.39568,222.94125,6.561389685
TARA_N000002418,2011-10-05 00:59:00+00:00,31.5168,-159.046,115.0,15.321075,34.39568,222.94125,6.561389685
TARA_B000001988,2011-10-05 00:59:00+00:00,31.5168,-159.046,115.0,15.321075,34.39568,222.94125,6.561389685
TARA_B000001989,2011-10-05 00:59:00+00:00,31.5168,-159.046,115.0,15.321075,34.39568,222.94125,6.561389685
TARA_B100000660,2011-10-05 00:59:00+00:00,31.5168,-159.046,115.0,15.321075,34.39568,222.94125,6.561389685
TARA_B100000661,2011-10-05 00:59:00+00:00,31.5168,-159.046,115.0,15.321075,34.39568,222.94125,6.561389685
TARA_Y100001927,2011-10-05 00:59:00+00:00,31.5168,-159.046,115.0,15.321075,34.39568,222.94125,6.561389685
TARA_Y100001925,2011-10-05 00:59:00+00:00,31.5168,-159.046,115.0,15.321075,34.39568,222.94125,6.561389685
TARA_Y100001923,2011-10-05 00:59:00+00:00,31.5168,-159.046,115.0,15.321075,34.39568,222.94125,6.561389685
TARA_R100001699,2011-10-05 00:59:00+00:00,31.5168,-159.046,115.0,15.321075,34.39568,222.94125,6.561389685
TARA_G000000821,2011-10-05 00:59:00+00:00,31.5168,-159.046,115.0,15.321075,34.39568,222.94125,6.561389685
TARA_G000000822,2011-10-05 00:59:00+00:00,31.5168,-159.046,115.0,15.321075,34.39568,222.94125,6.561389685
TARA_G100008582,2011-10-05 03:35:00+00:00,31.4794,-159.0901,115.0,15.321075,34.39568,222.94125,6.561389685
TARA_G100008583,2011-10-05 03:35:00+00:00,31.4794,-159.0901,115.0,15.321075,34.39568,222.94125,6.561389685
TARA_G100008602,2011-10-05 03:35:00+00:00,31.4794,-159.0901,115.0,15.321075,34.39568,222.94125,6.561389685
TARA_G100008603,2011-10-05 03:35:00+00:00,31.4794,-159.0901,115.0,15.321075,34.39568,222.94125,6.561389685
TARA_G100008614,2011-10-05 03:35:00+00:00,31.4794,-159.0901,115.0,15.321075,34.39568,222.94125,6.561389685
TARA_G100008615,2011-10-05 03:35:00+00:00,31.4794,-159.0901,115.0,15.321075,34.39568,222.94125,6.561389685
TARA_G100008575,2011-10-05 03:35:00+00:00,31.4794,-159.0901,115.0,15.321075,34.39568,222.94125,6.561389685
TARA_G100008619,2011-10-05 03:35:00+00:00,31.4794,-159.0901,115.0,15.321075,34.39568,222.94125,6.561389685
TARA_G100008558,2011-10-05 03:35:00+00:00,31.4794,-159.0901,115.0,15.321075,34.39568,222.94125,6.561389685
TARA_G100008559,2011-10-05 03:35:00+00:00,31.4794,-159.0901,115.0,15.321075,34.39568,222.94125,6.561389685
TARA_G100008594,2011-10-05 03:35:00+00:00,31.4794,-159.0901,115.0,15.321075,34.39568,222.94125,6.561389685
TARA_G100008595,2011-10-05 03:35:00+00:00,31.4794,-159.0901,115.0,15.321075,34.39568,222.94125,6.561389685
TARA_N000002390,2011-10-05 03:35:00+00:00,31.4794,-159.0901,115.0,15.321075,34.39568,222.94125,6.561389685
TARA_N000002391,2011-10-05 03:35:00+00:00,31.4794,-159.0901,115.0,15.321075,34.39568,222.94125,6.561389685
TARA_N000002406,2011-10-05 03:35:00+00:00,31.4794,-159.0901,115.0,15.321075,34.39568,222.94125,6.561389685
TARA_N000002407,2011-10-05 03:35:00+00:00,31.4794,-159.0901,115.0,15.321075,34.39568,222.94125,6.561389685
TARA_G100008570,2011-10-05 03:35:00+00:00,31.4794,-159.0901,115.0,15.321075,34.39568,222.94125,6.561389685
TARA_G100008571,2011-10-05 03:35:00+00:00,31.4794,-159.0901,115.0,15.321075,34.39568,222.94125,6.561389685
TARA_G100006994,2011-10-05 04:12:00+00:00,31.471,-159.101,115.0,15.321075,34.39568,222.94125,6.561389685
TARA_G100006995,2011-10-05 04:12:00+00:00,31.471,-159.101,115.0,15.321075,34.39568,222.94125,6.561389685
TARA_G100008586,2011-10-05 04:12:00+00:00,31.471,-159.101,115.0,15.321075,34.39568,222.94125,6.561389685
TARA_G100008587,2011-10-05 04:12:00+00:00,31.471,-159.101,115.0,15.321075,34.39568,222.94125,6.561389685
TARA_G100008606,2011-10-05 04:12:00+00:00,31.471,-159.101,115.0,15.321075,34.39568,222.94125,6.561389685
TARA_G100008607,2011-10-05 04:12:00+00:00,31.471,-159.101,115.0,15.321075,34.39568,222.94125,6.561389685
TARA_G100008610,2011-10-05 04:12:00+00:00,31.471,-159.101,115.0,15.321075,34.39568,222.94125,6.561389685
TARA_G100008611,2011-10-05 04:12:00+00:00,31.471,-159.101,115.0,15.321075,34.39568,222.94125,6.561389685
TARA_G100008562,2011-10-05 04:12:00+00:00,31.471,-159.101,115.0,15.321075,34.39568,222.94125,6.561389685
TARA_G100008563,2011-10-05 04:12:00+00:00,31.471,-159.101,115.0,15.321075,34.39568,222.94125,6.561389685
TARA_G100006990,2011-10-05 04:12:00+00:00,31.471,-159.101,115.0,15.321075,34.39568,222.94125,6.561389685
TARA_G100006991,2011-10-05 04:12:00+00:00,31.471,-159.101,115.0,15.321075,34.39568,222.94125,6.561389685
TARA_G100008598,2011-10-05 04:12:00+00:00,31.471,-159.101,115.0,15.321075,34.39568,222.94125,6.561389685
TARA_G100008599,2011-10-05 04:12:00+00:00,31.471,-159.101,115.0,15.321075,34.39568,222.94125,6.561389685
TARA_N000002394,2011-10-05 04:12:00+00:00,31.471,-159.101,115.0,15.321075,34.39568,222.94125,6.561389685
TARA_N000002395,2011-10-05 04:12:00+00:00,31.471,-159.101,115.0,15.321075,34.39568,222.94125,6.561389685
TARA_N000002414,2011-10-05 04:12:00+00:00,31.471,-159.101,115.0,15.321075,34.39568,222.94125,6.561389685
TARA_N000002415,2011-10-05 04:12:00+00:00,31.471,-159.101,115.0,15.321075,34.39568,222.94125,6.561389685
TARA_G000000825,2011-10-05 04:12:00+00:00,31.471,-159.101,115.0,15.321075,34.39568,222.94125,6.561389685
TARA_G000000826,2011-10-05 04:12:00+00:00,31.471,-159.101,115.0,15.321075,34.39568,222.94125,6.561389685
TARA_B000001982,2011-10-05 20:45:00+00:00,31.528,-159.0224,550.0,6.634392,33.991383,131.979417,6.831743729
TARA_B000001983,2011-10-05 20:45:00+00:00,31.528,-159.0224,550.0,6.634392,33.991383,131.979417,6.831743729
TARA_B000001984,2011-10-05 20:45:00+00:00,31.528,-159.0224,550.0,6.634392,33.991383,131.979417,6.831743729
TARA_B000001985,2011-10-05 20:45:00+00:00,31.528,-159.0224,550.0,6.634392,33.991383,131.979417,6.831743729
TARA_Y100001932,2011-10-05 20:45:00+00:00,31.528,-159.0224,550.0,6.634392,33.991383,131.979417,6.831743729
TARA_Y100001946,2011-10-05 20:45:00+00:00,31.528,-159.0224,550.0,6.634392,33.991383,131.979417,6.831743729
TARA_Y000000495,2011-10-05 20:45:00+00:00,31.528,-159.0224,550.0,6.634392,33.991383,131.979417,6.831743729
TARA_Y000000496,2011-10-05 20:45:00+00:00,31.528,-159.0224,550.0,6.634392,33.991383,131.979417,6.831743729
TARA_R100000792,2011-10-05 20:45:00+00:00,31.528,-159.0224,550.0,6.634392,33.991383,131.979417,6.831743729
TARA_R100000793,2011-10-05 20:45:00+00:00,31.528,-159.0224,550.0,6.634392,33.991383,131.979417,6.831743729
TARA_R000001315,2011-10-05 20:45:00+00:00,31.528,-159.0224,550.0,6.634392,33.991383,131.979417,6.831743729
TARA_R000001316,2011-10-05 20:45:00+00:00,31.528,-159.0224,550.0,6.634392,33.991383,131.979417,6.831743729
TARA_R000001317,2011-10-05 20:45:00+00:00,31.528,-159.0224,550.0,6.634392,33.991383,131.979417,6.831743729
TARA_G100008616,2011-10-05 20:45:00+00:00,31.528,-159.0224,550.0,6.634392,33.991383,131.979417,6.831743729
TARA_G100008617,2011-10-05 20:45:00+00:00,31.528,-159.0224,550.0,6.634392,33.991383,131.979417,6.831743729
TARA_G100006974,2011-10-05 20:45:00+00:00,31.528,-159.0224,550.0,6.634392,33.991383,131.979417,6.831743729
TARA_G100006975,2011-10-05 20:45:00+00:00,31.528,-159.0224,550.0,6.634392,33.991383,131.979417,6.831743729
TARA_B000001978,2011-10-05 20:45:00+00:00,31.528,-159.0224,550.0,6.634392,33.991383,131.979417,6.831743729
TARA_B000001979,2011-10-05 20:45:00+00:00,31.528,-159.0224,550.0,6.634392,33.991383,131.979417,6.831743729
TARA_B000001980,2011-10-05 20:45:00+00:00,31.528,-159.0224,550.0,6.634392,33.991383,131.979417,6.831743729
TARA_B000001981,2011-10-05 20:45:00+00:00,31.528,-159.0224,550.0,6.634392,33.991383,131.979417,6.831743729
TARA_R000001312,2011-10-05 20:45:00+00:00,31.528,-159.0224,550.0,6.634392,33.991383,131.979417,6.831743729
TARA_R000001313,2011-10-05 20:45:00+00:00,31.528,-159.0224,550.0,6.634392,33.991383,131.979417,6.831743729
TARA_R000001314,2011-10-05 20:45:00+00:00,31.528,-159.0224,550.0,6.634392,33.991383,131.979417,6.831743729
TARA_R000001310,2011-10-05 20:45:00+00:00,31.528,-159.0224,550.0,6.634392,33.991383,131.979417,6.831743729
TARA_R000001311,2011-10-05 20:45:00+00:00,31.528,-159.0224,550.0,6.634392,33.991383,131.979417,6.831743729
TARA_G000000808,2011-10-05 20:45:00+00:00,31.528,-159.0224,550.0,6.634392,33.991383,131.979417,6.831743729
TARA_G000000809,2011-10-05 20:45:00+00:00,31.528,-159.0224,550.0,6.634392,33.991383,131.979417,6.831743729
TARA_G000000810,2011-10-05 20:45:00+00:00,31.528,-159.0224,550.0,6.634392,33.991383,131.979417,6.831743729
TARA_G100006972,2011-10-05 20:45:00+00:00,31.528,-159.0224,550.0,6.634392,33.991383,131.979417,6.831743729
TARA_G100006973,2011-10-05 20:45:00+00:00,31.528,-159.0224,550.0,6.634392,33.991383,131.979417,6.831743729
TARA_G100006967,2011-10-05 20:45:00+00:00,31.528,-159.0224,550.0,6.634392,33.991383,131.979417,6.831743729
TARA_G100006968,2011-10-05 20:45:00+00:00,31.528,-159.0224,550.0,6.634392,33.991383,131.979417,6.831743729
TARA_G100006969,2011-10-05 20:45:00+00:00,31.528,-159.0224,550.0,6.634392,33.991383,131.979417,6.831743729
TARA_B100001246,2011-10-05 20:45:00+00:00,31.528,-159.0224,550.0,6.634392,33.991383,131.979417,6.831743729
TARA_B100001247,2011-10-05 20:45:00+00:00,31.528,-159.0224,550.0,6.634392,33.991383,131.979417,6.831743729
TARA_B100002066,2011-10-05 20:45:00+00:00,31.528,-159.0224,550.0,6.634392,33.991383,131.979417,6.831743729
TARA_R100000797,2011-10-05 20:45:00+00:00,31.528,-159.0224,550.0,6.634392,33.991383,131.979417,6.831743729
TARA_R100000798,2011-10-05 20:45:00+00:00,31.528,-159.0224,550.0,6.634392,33.991383,131.979417,6.831743729
TARA_G100006970,2011-10-05 20:45:00+00:00,31.528,-159.0224,550.0,6.634392,33.991383,131.979417,6.831743729
TARA_G100006971,2011-10-05 20:45:00+00:00,31.528,-159.0224,550.0,6.634392,33.991383,131.979417,6.831743729
TARA_R000001307,2011-10-05 20:45:00+00:00,31.528,-159.0224,550.0,6.634392,33.991383,131.979417,6.831743729
TARA_R000001308,2011-10-05 20:45:00+00:00,31.528,-159.0224,550.0,6.634392,33.991383,131.979417,6.831743729
TARA_R000001309,2011-10-05 20:45:00+00:00,31.528,-159.0224,550.0,6.634392,33.991383,131.979417,6.831743729
TARA_R100000795,2011-10-05 20:45:00+00:00,31.528,-159.0224,550.0,6.634392,33.991383,131.979417,6.831743729
TARA_R100000796,2011-10-05 20:45:00+00:00,31.528,-159.0224,550.0,6.634392,33.991383,131.979417,6.831743729
TARA_B100001244,2011-10-05 20:45:00+00:00,31.528,-159.0224,550.0,6.634392,33.991383,131.979417,6.831743729
TARA_B100001245,2011-10-05 20:45:00+00:00,31.528,-159.0224,550.0,6.634392,33.991383,131.979417,6.831743729
TARA_B000001976,2011-10-05 20:45:00+00:00,31.528,-159.0224,550.0,6.634392,33.991383,131.979417,6.831743729
TARA_B000001977,2011-10-05 20:45:00+00:00,31.528,-159.0224,550.0,6.634392,33.991383,131.979417,6.831743729
TARA_N000002425,2011-10-05 20:45:00+00:00,31.528,-159.0224,550.0,6.634392,33.991383,131.979417,6.831743729
TARA_N000002427,2011-10-05 20:45:00+00:00,31.528,-159.0224,550.0,6.634392,33.991383,131.979417,6.831743729
TARA_N000002424,2011-10-05 20:45:00+00:00,31.528,-159.0224,550.0,6.634392,33.991383,131.979417,6.831743729
TARA_N000002426,2011-10-05 20:45:00+00:00,31.528,-159.0224,550.0,6.634392,33.991383,131.979417,6.831743729
TARA_B000001974,2011-10-05 20:45:00+00:00,31.528,-159.0224,550.0,6.634392,33.991383,131.979417,6.831743729
TARA_B000001975,2011-10-05 20:45:00+00:00,31.528,-159.0224,550.0,6.634392,33.991383,131.979417,6.831743729
TARA_B100001242,2011-10-05 20:45:00+00:00,31.528,-159.0224,550.0,6.634392,33.991383,131.979417,6.831743729
TARA_B100001243,2011-10-05 20:45:00+00:00,31.528,-159.0224,550.0,6.634392,33.991383,131.979417,6.831743729
TARA_Y100001945,2011-10-05 20:45:00+00:00,31.528,-159.0224,550.0,6.634392,33.991383,131.979417,6.831743729
TARA_Y100001944,2011-10-05 20:45:00+00:00,31.528,-159.0224,550.0,6.634392,33.991383,131.979417,6.831743729
TARA_Y100001943,2011-10-05 20:45:00+00:00,31.528,-159.0224,550.0,6.634392,33.991383,131.979417,6.831743729
TARA_R100000794,2011-10-05 20:45:00+00:00,31.528,-159.0224,550.0,6.634392,33.991383,131.979417,6.831743729
TARA_G000000811,2011-10-05 20:45:00+00:00,31.528,-159.0224,550.0,6.634392,33.991383,131.979417,6.831743729
TARA_G000000812,2011-10-05 20:45:00+00:00,31.528,-159.0224,550.0,6.634392,33.991383,131.979417,6.831743729
TARA_B000001823,2011-10-18 15:35:00+00:00,35.3671,-127.7422,5.0,19.24802,33.07013,223.159,6.710569358
TARA_B000001824,2011-10-18 15:35:00+00:00,35.3671,-127.7422,5.0,19.24802,33.07013,223.159,6.710569358
TARA_B000001825,2011-10-18 15:35:00+00:00,35.3671,-127.7422,5.0,19.24802,33.07013,223.159,6.710569358
TARA_Y100002011,2011-10-18 15:35:00+00:00,35.3671,-127.7422,5.0,19.24802,33.07013,223.159,6.710569358
TARA_Y100002012,2011-10-18 15:35:00+00:00,35.3671,-127.7422,5.0,19.24802,33.07013,223.159,6.710569358
TARA_Y000000487,2011-10-18 15:35:00+00:00,35.3671,-127.7422,5.0,19.24802,33.07013,223.159,6.710569358
TARA_Y000000488,2011-10-18 15:35:00+00:00,35.3671,-127.7422,5.0,19.24802,33.07013,223.159,6.710569358
TARA_R100001710,2011-10-18 15:35:00+00:00,35.3671,-127.7422,5.0,19.24802,33.07013,223.159,6.710569358
TARA_R100001711,2011-10-18 15:35:00+00:00,35.3671,-127.7422,5.0,19.24802,33.07013,223.159,6.710569358
TARA_R000001358,2011-10-18 15:35:00+00:00,35.3671,-127.7422,5.0,19.24802,33.07013,223.159,6.710569358
TARA_R000001359,2011-10-18 15:35:00+00:00,35.3671,-127.7422,5.0,19.24802,33.07013,223.159,6.710569358
TARA_R000001360,2011-10-18 15:35:00+00:00,35.3671,-127.7422,5.0,19.24802,33.07013,223.159,6.710569358
TARA_G100008172,2011-10-18 15:35:00+00:00,35.3671,-127.7422,5.0,19.24802,33.07013,223.159,6.710569358
TARA_G100008173,2011-10-18 15:35:00+00:00,35.3671,-127.7422,5.0,19.24802,33.07013,223.159,6.710569358
TARA_G100008184,2011-10-18 15:35:00+00:00,35.3671,-127.7422,5.0,19.24802,33.07013,223.159,6.710569358
TARA_G100008185,2011-10-18 15:35:00+00:00,35.3671,-127.7422,5.0,19.24802,33.07013,223.159,6.710569358
TARA_B000001815,2011-10-18 15:35:00+00:00,35.3671,-127.7422,5.0,19.24802,33.07013,223.159,6.710569358
TARA_B000001816,2011-10-18 15:35:00+00:00,35.3671,-127.7422,5.0,19.24802,33.07013,223.159,6.710569358
TARA_B000001817,2011-10-18 15:35:00+00:00,35.3671,-127.7422,5.0,19.24802,33.07013,223.159,6.710569358
TARA_B000001818,2011-10-18 15:35:00+00:00,35.3671,-127.7422,5.0,19.24802,33.07013,223.159,6.710569358
TARA_R000001352,2011-10-18 15:35:00+00:00,35.3671,-127.7422,5.0,19.24802,33.07013,223.159,6.710569358
TARA_R000001353,2011-10-18 15:35:00+00:00,35.3671,-127.7422,5.0,19.24802,33.07013,223.159,6.710569358
TARA_R000001354,2011-10-18 15:35:00+00:00,35.3671,-127.7422,5.0,19.24802,33.07013,223.159,6.710569358
TARA_R000001348,2011-10-18 15:35:00+00:00,35.3671,-127.7422,5.0,19.24802,33.07013,223.159,6.710569358
TARA_R000001349,2011-10-18 15:35:00+00:00,35.3671,-127.7422,5.0,19.24802,33.07013,223.159,6.710569358
TARA_G000000738,2011-10-18 15:35:00+00:00,35.3671,-127.7422,5.0,19.24802,33.07013,223.159,6.710569358
TARA_G000000803,2011-10-18 15:35:00+00:00,35.3671,-127.7422,5.0,19.24802,33.07013,223.159,6.710569358
TARA_G000000804,2011-10-18 15:35:00+00:00,35.3671,-127.7422,5.0,19.24802,33.07013,223.159,6.710569358
TARA_B100001096,2011-10-18 15:35:00+00:00,35.3671,-127.7422,5.0,19.24802,33.07013,223.159,6.710569358
TARA_B100001097,2011-10-18 15:35:00+00:00,35.3671,-127.7422,5.0,19.24802,33.07013,223.159,6.710569358
TARA_B100001098,2011-10-18 15:35:00+00:00,35.3671,-127.7422,5.0,19.24802,33.07013,223.159,6.710569358
TARA_R100001720,2011-10-18 15:35:00+00:00,35.3671,-127.7422,5.0,19.24802,33.07013,223.159,6.710569358
TARA_R100001721,2011-10-18 15:35:00+00:00,35.3671,-127.7422,5.0,19.24802,33.07013,223.159,6.710569358
TARA_R100001722,2011-10-18 15:35:00+00:00,35.3671,-127.7422,5.0,19.24802,33.07013,223.159,6.710569358
TARA_G100008144,2011-10-18 15:35:00+00:00,35.3671,-127.7422,5.0,19.24802,33.07013,223.159,6.710569358
TARA_G100008145,2011-10-18 15:35:00+00:00,35.3671,-127.7422,5.0,19.24802,33.07013,223.159,6.710569358
TARA_R000001342,2011-10-18 15:35:00+00:00,35.3671,-127.7422,5.0,19.24802,33.07013,223.159,6.710569358
TARA_R000001343,2011-10-18 15:35:00+00:00,35.3671,-127.7422,5.0,19.24802,33.07013,223.159,6.710569358
TARA_R000001344,2011-10-18 15:35:00+00:00,35.3671,-127.7422,5.0,19.24802,33.07013,223.159,6.710569358
TARA_R100001716,2011-10-18 15:35:00+00:00,35.3671,-127.7422,5.0,19.24802,33.07013,223.159,6.710569358
TARA_R100001717,2011-10-18 15:35:00+00:00,35.3671,-127.7422,5.0,19.24802,33.07013,223.159,6.710569358
TARA_G100008208,2011-10-18 15:35:00+00:00,35.3671,-127.7422,5.0,19.24802,33.07013,223.159,6.710569358
TARA_G100008209,2011-10-18 15:35:00+00:00,35.3671,-127.7422,5.0,19.24802,33.07013,223.159,6.710569358
TARA_B100001092,2011-10-18 15:35:00+00:00,35.3671,-127.7422,5.0,19.24802,33.07013,223.159,6.710569358
TARA_B100001093,2011-10-18 15:35:00+00:00,35.3671,-127.7422,5.0,19.24802,33.07013,223.159,6.710569358
TARA_B000001830,2011-10-18 15:35:00+00:00,35.3671,-127.7422,5.0,19.24802,33.07013,223.159,6.710569358
TARA_B000001831,2011-10-18 15:35:00+00:00,35.3671,-127.7422,5.0,19.24802,33.07013,223.159,6.710569358
TARA_N000002460,2011-10-18 15:35:00+00:00,35.3671,-127.7422,5.0,19.24802,33.07013,223.159,6.710569358
TARA_N000002461,2011-10-18 15:35:00+00:00,35.3671,-127.7422,5.0,19.24802,33.07013,223.159,6.710569358
TARA_N000002444,2011-10-18 15:35:00+00:00,35.3671,-127.7422,5.0,19.24802,33.07013,223.159,6.710569358
TARA_N000002445,2011-10-18 15:35:00+00:00,35.3671,-127.7422,5.0,19.24802,33.07013,223.159,6.710569358
TARA_N000002456,2011-10-18 15:35:00+00:00,35.3671,-127.7422,5.0,19.24802,33.07013,223.159,6.710569358
TARA_N000002457,2011-10-18 15:35:00+00:00,35.3671,-127.7422,5.0,19.24802,33.07013,223.159,6.710569358
TARA_B000001840,2011-10-18 15:35:00+00:00,35.3671,-127.7422,5.0,19.24802,33.07013,223.159,6.710569358
TARA_B000002002,2011-10-18 15:35:00+00:00,35.3671,-127.7422,5.0,19.24802,33.07013,223.159,6.710569358
TARA_B100001089,2011-10-18 15:35:00+00:00,35.3671,-127.7422,5.0,19.24802,33.07013,223.159,6.710569358
TARA_B100001102,2011-10-18 15:35:00+00:00,35.3671,-127.7422,5.0,19.24802,33.07013,223.159,6.710569358
TARA_Y100002009,2011-10-18 15:35:00+00:00,35.3671,-127.7422,5.0,19.24802,33.07013,223.159,6.710569358
TARA_Y100002007,2011-10-18 15:35:00+00:00,35.3671,-127.7422,5.0,19.24802,33.07013,223.159,6.710569358
TARA_Y100002005,2011-10-18 15:35:00+00:00,35.3671,-127.7422,5.0,19.24802,33.07013,223.159,6.710569358
TARA_R100001714,2011-10-18 15:35:00+00:00,35.3671,-127.7422,5.0,19.24802,33.07013,223.159,6.710569358
TARA_G000000739,2011-10-18 15:35:00+00:00,35.3671,-127.7422,5.0,19.24802,33.07013,223.159,6.710569358
TARA_G000000740,2011-10-18 15:35:00+00:00,35.3671,-127.7422,5.0,19.24802,33.07013,223.159,6.710569358
TARA_G100008168,2011-10-18 17:47:00+00:00,35.3888,-127.7422,5.0,19.29176,33.113685,223.22605,6.710569358
TARA_G100008169,2011-10-18 17:47:00+00:00,35.3888,-127.7422,5.0,19.29176,33.113685,223.22605,6.710569358
TARA_G100008212,2011-10-18 17:47:00+00:00,35.3888,-127.7422,5.0,19.29176,33.113685,223.22605,6.710569358
TARA_G100008213,2011-10-18 17:47:00+00:00,35.3888,-127.7422,5.0,19.29176,33.113685,223.22605,6.710569358
TARA_G100008180,2011-10-18 17:47:00+00:00,35.3888,-127.7422,5.0,19.29176,33.113685,223.22605,6.710569358
TARA_G100008181,2011-10-18 17:47:00+00:00,35.3888,-127.7422,5.0,19.29176,33.113685,223.22605,6.710569358
TARA_G100008152,2011-10-18 17:47:00+00:00,35.3888,-127.7422,5.0,19.29176,33.113685,223.22605,6.710569358
TARA_G100008153,2011-10-18 17:47:00+00:00,35.3888,-127.7422,5.0,19.29176,33.113685,223.22605,6.710569358
TARA_G100008224,2011-10-18 17:47:00+00:00,35.3888,-127.7422,5.0,19.29176,33.113685,223.22605,6.710569358
TARA_G100008225,2011-10-18 17:47:00+00:00,35.3888,-127.7422,5.0,19.29176,33.113685,223.22605,6.710569358
TARA_G100008148,2011-10-18 17:47:00+00:00,35.3888,-127.7422,5.0,19.29176,33.113685,223.22605,6.710569358
TARA_G100008149,2011-10-18 17:47:00+00:00,35.3888,-127.7422,5.0,19.29176,33.113685,223.22605,6.710569358
TARA_G100008232,2011-10-18 17:47:00+00:00,35.3888,-127.7422,5.0,19.29176,33.113685,223.22605,6.710569358
TARA_G100008233,2011-10-18 17:47:00+00:00,35.3888,-127.7422,5.0,19.29176,33.113685,223.22605,6.710569358
TARA_N000002440,2011-10-18 17:47:00+00:00,35.3888,-127.7422,5.0,19.29176,33.113685,223.22605,6.710569358
TARA_N000002441,2011-10-18 17:47:00+00:00,35.3888,-127.7422,5.0,19.29176,33.113685,223.22605,6.710569358
TARA_N000002452,2011-10-18 17:47:00+00:00,35.3888,-127.7422,5.0,19.29176,33.113685,223.22605,6.710569358
TARA_N000002453,2011-10-18 17:47:00+00:00,35.3888,-127.7422,5.0,19.29176,33.113685,223.22605,6.710569358
TARA_G000000743,2011-10-18 17:47:00+00:00,35.3888,-127.7422,5.0,19.29176,33.113685,223.22605,6.710569358
TARA_G000000744,2011-10-18 17:47:00+00:00,35.3888,-127.7422,5.0,19.29176,33.113685,223.22605,6.710569358
TARA_G100008216,2011-10-18 18:29:00+00:00,35.4,-127.7426,5.0,19.29176,33.113685,223.22605,6.710569358
TARA_G100008217,2011-10-18 18:29:00+00:00,35.4,-127.7426,5.0,19.29176,33.113685,223.22605,6.710569358
TARA_G100008176,2011-10-18 18:29:00+00:00,35.4,-127.7426,5.0,19.29176,33.113685,223.22605,6.710569358
TARA_G100008177,2011-10-18 18:29:00+00:00,35.4,-127.7426,5.0,19.29176,33.113685,223.22605,6.710569358
TARA_G100008156,2011-10-18 18:29:00+00:00,35.4,-127.7426,5.0,19.29176,33.113685,223.22605,6.710569358
TARA_G100008157,2011-10-18 18:29:00+00:00,35.4,-127.7426,5.0,19.29176,33.113685,223.22605,6.710569358
TARA_G100008204,2011-10-18 18:29:00+00:00,35.4,-127.7426,5.0,19.29176,33.113685,223.22605,6.710569358
TARA_G100008206,2011-10-18 18:29:00+00:00,35.4,-127.7426,5.0,19.29176,33.113685,223.22605,6.710569358
TARA_G100008228,2011-10-18 18:29:00+00:00,35.4,-127.7426,5.0,19.29176,33.113685,223.22605,6.710569358
TARA_G100008229,2011-10-18 18:29:00+00:00,35.4,-127.7426,5.0,19.29176,33.113685,223.22605,6.710569358
TARA_G100008192,2011-10-18 18:29:00+00:00,35.4,-127.7426,5.0,19.29176,33.113685,223.22605,6.710569358
TARA_G100008193,2011-10-18 18:29:00+00:00,35.4,-127.7426,5.0,19.29176,33.113685,223.22605,6.710569358
TARA_N000002432,2011-10-18 18:29:00+00:00,35.4,-127.7426,5.0,19.29176,33.113685,223.22605,6.710569358
TARA_N000002433,2011-10-18 18:29:00+00:00,35.4,-127.7426,5.0,19.29176,33.113685,223.22605,6.710569358
TARA_N000002448,2011-10-18 18:29:00+00:00,35.4,-127.7426,5.0,19.29176,33.113685,223.22605,6.710569358
TARA_N000002449,2011-10-18 18:29:00+00:00,35.4,-127.7426,5.0,19.29176,33.113685,223.22605,6.710569358
TARA_G100008196,2011-10-18 18:29:00+00:00,35.4,-127.7426,5.0,19.29176,33.113685,223.22605,6.710569358
TARA_G100008197,2011-10-18 18:29:00+00:00,35.4,-127.7426,5.0,19.29176,33.113685,223.22605,6.710569358
TARA_G100008220,2011-10-18 19:38:00+00:00,35.4155,-127.7409,5.0,19.29176,33.113685,223.22605,6.710569358
TARA_G100008221,2011-10-18 19:38:00+00:00,35.4155,-127.7409,5.0,19.29176,33.113685,223.22605,6.710569358
TARA_G100008164,2011-10-18 19:38:00+00:00,35.4155,-127.7409,5.0,19.29176,33.113685,223.22605,6.710569358
TARA_G100006976,2011-10-18 19:38:00+00:00,35.4155,-127.7409,5.0,19.29176,33.113685,223.22605,6.710569358
TARA_G100006977,2011-10-18 19:38:00+00:00,35.4155,-127.7409,5.0,19.29176,33.113685,223.22605,6.710569358
TARA_G100008188,2011-10-18 19:38:00+00:00,35.4155,-127.7409,5.0,19.29176,33.113685,223.22605,6.710569358
TARA_G100008189,2011-10-18 19:38:00+00:00,35.4155,-127.7409,5.0,19.29176,33.113685,223.22605,6.710569358
TARA_N000002428,2011-10-18 19:38:00+00:00,35.4155,-127.7409,5.0,19.29176,33.113685,223.22605,6.710569358
TARA_N000002429,2011-10-18 19:38:00+00:00,35.4155,-127.7409,5.0,19.29176,33.113685,223.22605,6.710569358
TARA_N000002436,2011-10-18 19:38:00+00:00,35.4155,-127.7409,5.0,19.29176,33.113685,223.22605,6.710569358
TARA_N000002437,2011-10-18 19:38:00+00:00,35.4155,-127.7409,5.0,19.29176,33.113685,223.22605,6.710569358
TARA_G100008200,2011-10-18 19:38:00+00:00,35.4155,-127.7409,5.0,19.29176,33.113685,223.22605,6.710569358
TARA_G100008201,2011-10-18 19:38:00+00:00,35.4155,-127.7409,5.0,19.29176,33.113685,223.22605,6.710569358
TARA_G100008222,2011-10-18 21:45:00+00:00,35.3802,-127.8033,45.0,13.874505,33.208145,236.1591,6.866581303
TARA_G100008223,2011-10-18 21:45:00+00:00,35.3802,-127.8033,45.0,13.874505,33.208145,236.1591,6.866581303
TARA_G100008165,2011-10-18 21:45:00+00:00,35.3802,-127.8033,45.0,13.874505,33.208145,236.1591,6.866581303
TARA_G100006978,2011-10-18 21:45:00+00:00,35.3802,-127.8033,45.0,13.874505,33.208145,236.1591,6.866581303
TARA_G100006979,2011-10-18 21:45:00+00:00,35.3802,-127.8033,45.0,13.874505,33.208145,236.1591,6.866581303
TARA_G100008190,2011-10-18 21:45:00+00:00,35.3802,-127.8033,45.0,13.874505,33.208145,236.1591,6.866581303
TARA_G100008191,2011-10-18 21:45:00+00:00,35.3802,-127.8033,45.0,13.874505,33.208145,236.1591,6.866581303
TARA_N000002430,2011-10-18 21:45:00+00:00,35.3802,-127.8033,45.0,13.874505,33.208145,236.1591,6.866581303
TARA_N000002431,2011-10-18 21:45:00+00:00,35.3802,-127.8033,45.0,13.874505,33.208145,236.1591,6.866581303
TARA_N000002438,2011-10-18 21:45:00+00:00,35.3802,-127.8033,45.0,13.874505,33.208145,236.1591,6.866581303
TARA_N000002439,2011-10-18 21:45:00+00:00,35.3802,-127.8033,45.0,13.874505,33.208145,236.1591,6.866581303
TARA_G100008202,2011-10-18 21:45:00+00:00,35.3802,-127.8033,45.0,13.874505,33.208145,236.1591,6.866581303
TARA_G100008203,2011-10-18 21:45:00+00:00,35.3802,-127.8033,45.0,13.874505,33.208145,236.1591,6.866581303
TARA_G100008218,2011-10-18 23:03:00+00:00,35.3915,-127.7775,45.0,13.874505,33.208145,236.1591,6.866581303
TARA_G100008219,2011-10-18 23:03:00+00:00,35.3915,-127.7775,45.0,13.874505,33.208145,236.1591,6.866581303
TARA_G100008178,2011-10-18 23:03:00+00:00,35.3915,-127.7775,45.0,13.874505,33.208145,236.1591,6.866581303
TARA_G100008179,2011-10-18 23:03:00+00:00,35.3915,-127.7775,45.0,13.874505,33.208145,236.1591,6.866581303
TARA_G100008158,2011-10-18 23:03:00+00:00,35.3915,-127.7775,45.0,13.874505,33.208145,236.1591,6.866581303
TARA_G100008159,2011-10-18 23:03:00+00:00,35.3915,-127.7775,45.0,13.874505,33.208145,236.1591,6.866581303
TARA_G100008205,2011-10-18 23:03:00+00:00,35.3915,-127.7775,45.0,13.874505,33.208145,236.1591,6.866581303
TARA_G100008207,2011-10-18 23:03:00+00:00,35.3915,-127.7775,45.0,13.874505,33.208145,236.1591,6.866581303
TARA_G100008230,2011-10-18 23:03:00+00:00,35.3915,-127.7775,45.0,13.874505,33.208145,236.1591,6.866581303
TARA_G100008231,2011-10-18 23:03:00+00:00,35.3915,-127.7775,45.0,13.874505,33.208145,236.1591,6.866581303
TARA_G100008194,2011-10-18 23:03:00+00:00,35.3915,-127.7775,45.0,13.874505,33.208145,236.1591,6.866581303
TARA_G100008195,2011-10-18 23:03:00+00:00,35.3915,-127.7775,45.0,13.874505,33.208145,236.1591,6.866581303
TARA_N000002434,2011-10-18 23:03:00+00:00,35.3915,-127.7775,45.0,13.874505,33.208145,236.1591,6.866581303
TARA_N000002435,2011-10-18 23:03:00+00:00,35.3915,-127.7775,45.0,13.874505,33.208145,236.1591,6.866581303
TARA_N000002450,2011-10-18 23:03:00+00:00,35.3915,-127.7775,45.0,13.874505,33.208145,236.1591,6.866581303
TARA_N000002451,2011-10-18 23:03:00+00:00,35.3915,-127.7775,45.0,13.874505,33.208145,236.1591,6.866581303
TARA_G100008198,2011-10-18 23:03:00+00:00,35.3915,-127.7775,45.0,13.874505,33.208145,236.1591,6.866581303
TARA_G100008199,2011-10-18 23:03:00+00:00,35.3915,-127.7775,45.0,13.874505,33.208145,236.1591,6.866581303
TARA_B000001826,2011-10-19 00:09:00+00:00,35.4002,-127.7499,45.0,13.874505,33.208145,236.1591,6.866581303
TARA_B000001827,2011-10-19 00:09:00+00:00,35.4002,-127.7499,45.0,13.874505,33.208145,236.1591,6.866581303
TARA_B000001828,2011-10-19 00:09:00+00:00,35.4002,-127.7499,45.0,13.874505,33.208145,236.1591,6.866581303
TARA_Y100002013,2011-10-19 00:09:00+00:00,35.4002,-127.7499,45.0,13.874505,33.208145,236.1591,6.866581303
TARA_Y100002014,2011-10-19 00:09:00+00:00,35.4002,-127.7499,45.0,13.874505,33.208145,236.1591,6.866581303
TARA_Y000000489,2011-10-19 00:09:00+00:00,35.4002,-127.7499,45.0,13.874505,33.208145,236.1591,6.866581303
TARA_Y000000490,2011-10-19 00:09:00+00:00,35.4002,-127.7499,45.0,13.874505,33.208145,236.1591,6.866581303
TARA_R100001712,2011-10-19 00:09:00+00:00,35.4002,-127.7499,45.0,13.874505,33.208145,236.1591,6.866581303
TARA_R100001713,2011-10-19 00:09:00+00:00,35.4002,-127.7499,45.0,13.874505,33.208145,236.1591,6.866581303
TARA_R000001361,2011-10-19 00:09:00+00:00,35.4002,-127.7499,45.0,13.874505,33.208145,236.1591,6.866581303
TARA_R000001362,2011-10-19 00:09:00+00:00,35.4002,-127.7499,45.0,13.874505,33.208145,236.1591,6.866581303
TARA_R000001363,2011-10-19 00:09:00+00:00,35.4002,-127.7499,45.0,13.874505,33.208145,236.1591,6.866581303
TARA_G100008174,2011-10-19 00:09:00+00:00,35.4002,-127.7499,45.0,13.874505,33.208145,236.1591,6.866581303
TARA_G100008175,2011-10-19 00:09:00+00:00,35.4002,-127.7499,45.0,13.874505,33.208145,236.1591,6.866581303
TARA_G100008186,2011-10-19 00:09:00+00:00,35.4002,-127.7499,45.0,13.874505,33.208145,236.1591,6.866581303
TARA_G100008187,2011-10-19 00:09:00+00:00,35.4002,-127.7499,45.0,13.874505,33.208145,236.1591,6.866581303
TARA_B000001819,2011-10-19 00:09:00+00:00,35.4002,-127.7499,45.0,13.874505,33.208145,236.1591,6.866581303
TARA_B000001820,2011-10-19 00:09:00+00:00,35.4002,-127.7499,45.0,13.874505,33.208145,236.1591,6.866581303
TARA_B000001821,2011-10-19 00:09:00+00:00,35.4002,-127.7499,45.0,13.874505,33.208145,236.1591,6.866581303
TARA_B000001822,2011-10-19 00:09:00+00:00,35.4002,-127.7499,45.0,13.874505,33.208145,236.1591,6.866581303
TARA_R000001355,2011-10-19 00:09:00+00:00,35.4002,-127.7499,45.0,13.874505,33.208145,236.1591,6.866581303
TARA_R000001356,2011-10-19 00:09:00+00:00,35.4002,-127.7499,45.0,13.874505,33.208145,236.1591,6.866581303
TARA_R000001357,2011-10-19 00:09:00+00:00,35.4002,-127.7499,45.0,13.874505,33.208145,236.1591,6.866581303
TARA_R000001350,2011-10-19 00:09:00+00:00,35.4002,-127.7499,45.0,13.874505,33.208145,236.1591,6.866581303
TARA_R000001351,2011-10-19 00:09:00+00:00,35.4002,-127.7499,45.0,13.874505,33.208145,236.1591,6.866581303
TARA_G000000805,2011-10-19 00:09:00+00:00,35.4002,-127.7499,45.0,13.874505,33.208145,236.1591,6.866581303
TARA_G000000806,2011-10-19 00:09:00+00:00,35.4002,-127.7499,45.0,13.874505,33.208145,236.1591,6.866581303
TARA_G000000807,2011-10-19 00:09:00+00:00,35.4002,-127.7499,45.0,13.874505,33.208145,236.1591,6.866581303
TARA_B100001099,2011-10-19 00:09:00+00:00,35.4002,-127.7499,45.0,13.874505,33.208145,236.1591,6.866581303
TARA_B100001100,2011-10-19 00:09:00+00:00,35.4002,-127.7499,45.0,13.874505,33.208145,236.1591,6.866581303
TARA_B100001101,2011-10-19 00:09:00+00:00,35.4002,-127.7499,45.0,13.874505,33.208145,236.1591,6.866581303
TARA_R100001723,2011-10-19 00:09:00+00:00,35.4002,-127.7499,45.0,13.874505,33.208145,236.1591,6.866581303
TARA_R100001724,2011-10-19 00:09:00+00:00,35.4002,-127.7499,45.0,13.874505,33.208145,236.1591,6.866581303
TARA_R100001725,2011-10-19 00:09:00+00:00,35.4002,-127.7499,45.0,13.874505,33.208145,236.1591,6.866581303
TARA_G100008146,2011-10-19 00:09:00+00:00,35.4002,-127.7499,45.0,13.874505,33.208145,236.1591,6.866581303
TARA_G100008147,2011-10-19 00:09:00+00:00,35.4002,-127.7499,45.0,13.874505,33.208145,236.1591,6.866581303
TARA_R000001345,2011-10-19 00:09:00+00:00,35.4002,-127.7499,45.0,13.874505,33.208145,236.1591,6.866581303
TARA_R000001346,2011-10-19 00:09:00+00:00,35.4002,-127.7499,45.0,13.874505,33.208145,236.1591,6.866581303
TARA_R000001347,2011-10-19 00:09:00+00:00,35.4002,-127.7499,45.0,13.874505,33.208145,236.1591,6.866581303
TARA_R100001718,2011-10-19 00:09:00+00:00,35.4002,-127.7499,45.0,13.874505,33.208145,236.1591,6.866581303
TARA_R100001719,2011-10-19 00:09:00+00:00,35.4002,-127.7499,45.0,13.874505,33.208145,236.1591,6.866581303
TARA_G100008210,2011-10-19 00:09:00+00:00,35.4002,-127.7499,45.0,13.874505,33.208145,236.1591,6.866581303
TARA_G100008211,2011-10-19 00:09:00+00:00,35.4002,-127.7499,45.0,13.874505,33.208145,236.1591,6.866581303
TARA_B100001094,2011-10-19 00:09:00+00:00,35.4002,-127.7499,45.0,13.874505,33.208145,236.1591,6.866581303
TARA_B100001095,2011-10-19 00:09:00+00:00,35.4002,-127.7499,45.0,13.874505,33.208145,236.1591,6.866581303
TARA_B000001832,2011-10-19 00:09:00+00:00,35.4002,-127.7499,45.0,13.874505,33.208145,236.1591,6.866581303
TARA_B000001833,2011-10-19 00:09:00+00:00,35.4002,-127.7499,45.0,13.874505,33.208145,236.1591,6.866581303
TARA_N000002462,2011-10-19 00:09:00+00:00,35.4002,-127.7499,45.0,13.874505,33.208145,236.1591,6.866581303
TARA_N000002463,2011-10-19 00:09:00+00:00,35.4002,-127.7499,45.0,13.874505,33.208145,236.1591,6.866581303
TARA_N000002446,2011-10-19 00:09:00+00:00,35.4002,-127.7499,45.0,13.874505,33.208145,236.1591,6.866581303
TARA_N000002447,2011-10-19 00:09:00+00:00,35.4002,-127.7499,45.0,13.874505,33.208145,236.1591,6.866581303
TARA_N000002458,2011-10-19 00:09:00+00:00,35.4002,-127.7499,45.0,13.874505,33.208145,236.1591,6.866581303
TARA_N000002459,2011-10-19 00:09:00+00:00,35.4002,-127.7499,45.0,13.874505,33.208145,236.1591,6.866581303
TARA_B000001829,2011-10-19 00:09:00+00:00,35.4002,-127.7499,45.0,13.874505,33.208145,236.1591,6.866581303
TARA_B000001841,2011-10-19 00:09:00+00:00,35.4002,-127.7499,45.0,13.874505,33.208145,236.1591,6.866581303
TARA_B100001090,2011-10-19 00:09:00+00:00,35.4002,-127.7499,45.0,13.874505,33.208145,236.1591,6.866581303
TARA_B100001091,2011-10-19 00:09:00+00:00,35.4002,-127.7499,45.0,13.874505,33.208145,236.1591,6.866581303
TARA_Y100002010,2011-10-19 00:09:00+00:00,35.4002,-127.7499,45.0,13.874505,33.208145,236.1591,6.866581303
TARA_Y100002008,2011-10-19 00:09:00+00:00,35.4002,-127.7499,45.0,13.874505,33.208145,236.1591,6.866581303
TARA_Y100002006,2011-10-19 00:09:00+00:00,35.4002,-127.7499,45.0,13.874505,33.208145,236.1591,6.866581303
TARA_R100001715,2011-10-19 00:09:00+00:00,35.4002,-127.7499,45.0,13.874505,33.208145,236.1591,6.866581303
TARA_G000000741,2011-10-19 00:09:00+00:00,35.4002,-127.7499,45.0,13.874505,33.208145,236.1591,6.866581303
TARA_G000000742,2011-10-19 00:09:00+00:00,35.4002,-127.7499,45.0,13.874505,33.208145,236.1591,6.866581303
TARA_G100008170,2011-10-19 02:27:00+00:00,35.4135,-127.7053,45.0,13.874505,33.208145,236.1591,6.866581303
TARA_G100008171,2011-10-19 02:27:00+00:00,35.4135,-127.7053,45.0,13.874505,33.208145,236.1591,6.866581303
TARA_G100008214,2011-10-19 02:27:00+00:00,35.4135,-127.7053,45.0,13.874505,33.208145,236.1591,6.866581303
TARA_G100008215,2011-10-19 02:27:00+00:00,35.4135,-127.7053,45.0,13.874505,33.208145,236.1591,6.866581303
TARA_G100008182,2011-10-19 02:27:00+00:00,35.4135,-127.7053,45.0,13.874505,33.208145,236.1591,6.866581303
TARA_G100008183,2011-10-19 02:27:00+00:00,35.4135,-127.7053,45.0,13.874505,33.208145,236.1591,6.866581303
TARA_G100008154,2011-10-19 02:27:00+00:00,35.4135,-127.7053,45.0,13.874505,33.208145,236.1591,6.866581303
TARA_G100008155,2011-10-19 02:27:00+00:00,35.4135,-127.7053,45.0,13.874505,33.208145,236.1591,6.866581303
TARA_G100008226,2011-10-19 02:27:00+00:00,35.4135,-127.7053,45.0,13.874505,33.208145,236.1591,6.866581303
TARA_G100008227,2011-10-19 02:27:00+00:00,35.4135,-127.7053,45.0,13.874505,33.208145,236.1591,6.866581303
TARA_G100008150,2011-10-19 02:27:00+00:00,35.4135,-127.7053,45.0,13.874505,33.208145,236.1591,6.866581303
TARA_G100008151,2011-10-19 02:27:00+00:00,35.4135,-127.7053,45.0,13.874505,33.208145,236.1591,6.866581303
TARA_G100008234,2011-10-19 02:27:00+00:00,35.4135,-127.7053,45.0,13.874505,33.208145,236.1591,6.866581303
TARA_G100008235,2011-10-19 02:27:00+00:00,35.4135,-127.7053,45.0,13.874505,33.208145,236.1591,6.866581303
TARA_N000002442,2011-10-19 02:27:00+00:00,35.4135,-127.7053,45.0,13.874505,33.208145,236.1591,6.866581303
TARA_N000002443,2011-10-19 02:27:00+00:00,35.4135,-127.7053,45.0,13.874505,33.208145,236.1591,6.866581303
TARA_N000002454,2011-10-19 02:27:00+00:00,35.4135,-127.7053,45.0,13.874505,33.208145,236.1591,6.866581303
TARA_N000002455,2011-10-19 02:27:00+00:00,35.4135,-127.7053,45.0,13.874505,33.208145,236.1591,6.866581303
TARA_G000000745,2011-10-19 02:27:00+00:00,35.4135,-127.7053,45.0,13.874505,33.208145,236.1591,6.866581303
TARA_G000000746,2011-10-19 02:27:00+00:00,35.4135,-127.7053,45.0,13.874505,33.208145,236.1591,6.866581303
TARA_B000001803,2011-10-19 19:27:00+00:00,35.2698,-127.7268,650.0,4.918875,34.333562,9.46475,6.975785811
TARA_B000001804,2011-10-19 19:27:00+00:00,35.2698,-127.7268,650.0,4.918875,34.333562,9.46475,6.975785811
TARA_B000001805,2011-10-19 19:27:00+00:00,35.2698,-127.7268,650.0,4.918875,34.333562,9.46475,6.975785811
TARA_B000001806,2011-10-19 19:27:00+00:00,35.2698,-127.7268,650.0,4.918875,34.333562,9.46475,6.975785811
TARA_Y100002018,2011-10-19 19:27:00+00:00,35.2698,-127.7268,650.0,4.918875,34.333562,9.46475,6.975785811
TARA_Y100002019,2011-10-19 19:27:00+00:00,35.2698,-127.7268,650.0,4.918875,34.333562,9.46475,6.975785811
TARA_Y000000485,2011-10-19 19:27:00+00:00,35.2698,-127.7268,650.0,4.918875,34.333562,9.46475,6.975785811
TARA_Y000000486,2011-10-19 19:27:00+00:00,35.2698,-127.7268,650.0,4.918875,34.333562,9.46475,6.975785811
TARA_R100000799,2011-10-19 19:27:00+00:00,35.2698,-127.7268,650.0,4.918875,34.333562,9.46475,6.975785811
TARA_R100000800,2011-10-19 19:27:00+00:00,35.2698,-127.7268,650.0,4.918875,34.333562,9.46475,6.975785811
TARA_R000001372,2011-10-19 19:27:00+00:00,35.2698,-127.7268,650.0,4.918875,34.333562,9.46475,6.975785811
TARA_R000001373,2011-10-19 19:27:00+00:00,35.2698,-127.7268,650.0,4.918875,34.333562,9.46475,6.975785811
TARA_R000001374,2011-10-19 19:27:00+00:00,35.2698,-127.7268,650.0,4.918875,34.333562,9.46475,6.975785811
TARA_G100008160,2011-10-19 19:27:00+00:00,35.2698,-127.7268,650.0,4.918875,34.333562,9.46475,6.975785811
TARA_G100008161,2011-10-19 19:27:00+00:00,35.2698,-127.7268,650.0,4.918875,34.333562,9.46475,6.975785811
TARA_G100008140,2011-10-19 19:27:00+00:00,35.2698,-127.7268,650.0,4.918875,34.333562,9.46475,6.975785811
TARA_G100008141,2011-10-19 19:27:00+00:00,35.2698,-127.7268,650.0,4.918875,34.333562,9.46475,6.975785811
TARA_B000001807,2011-10-19 19:27:00+00:00,35.2698,-127.7268,650.0,4.918875,34.333562,9.46475,6.975785811
TARA_B000001808,2011-10-19 19:27:00+00:00,35.2698,-127.7268,650.0,4.918875,34.333562,9.46475,6.975785811
TARA_B000001809,2011-10-19 19:27:00+00:00,35.2698,-127.7268,650.0,4.918875,34.333562,9.46475,6.975785811
TARA_B000001810,2011-10-19 19:27:00+00:00,35.2698,-127.7268,650.0,4.918875,34.333562,9.46475,6.975785811
TARA_R000001369,2011-10-19 19:27:00+00:00,35.2698,-127.7268,650.0,4.918875,34.333562,9.46475,6.975785811
TARA_R000001370,2011-10-19 19:27:00+00:00,35.2698,-127.7268,650.0,4.918875,34.333562,9.46475,6.975785811
TARA_R000001371,2011-10-19 19:27:00+00:00,35.2698,-127.7268,650.0,4.918875,34.333562,9.46475,6.975785811
TARA_R000001367,2011-10-19 19:27:00+00:00,35.2698,-127.7268,650.0,4.918875,34.333562,9.46475,6.975785811
TARA_R000001368,2011-10-19 19:27:00+00:00,35.2698,-127.7268,650.0,4.918875,34.333562,9.46475,6.975785811
TARA_G000001832,2011-10-19 19:27:00+00:00,35.2698,-127.7268,650.0,4.918875,34.333562,9.46475,6.975785811
TARA_G000001833,2011-10-19 19:27:00+00:00,35.2698,-127.7268,650.0,4.918875,34.333562,9.46475,6.975785811
TARA_G000001834,2011-10-19 19:27:00+00:00,35.2698,-127.7268,650.0,4.918875,34.333562,9.46475,6.975785811
TARA_G100008166,2011-10-19 19:27:00+00:00,35.2698,-127.7268,650.0,4.918875,34.333562,9.46475,6.975785811
TARA_G100008167,2011-10-19 19:27:00+00:00,35.2698,-127.7268,650.0,4.918875,34.333562,9.46475,6.975785811
TARA_G100008136,2011-10-19 19:27:00+00:00,35.2698,-127.7268,650.0,4.918875,34.333562,9.46475,6.975785811
TARA_G100008162,2011-10-19 19:27:00+00:00,35.2698,-127.7268,650.0,4.918875,34.333562,9.46475,6.975785811
TARA_G100008163,2011-10-19 19:27:00+00:00,35.2698,-127.7268,650.0,4.918875,34.333562,9.46475,6.975785811
TARA_B100001258,2011-10-19 19:27:00+00:00,35.2698,-127.7268,650.0,4.918875,34.333562,9.46475,6.975785811
TARA_B100001259,2011-10-19 19:27:00+00:00,35.2698,-127.7268,650.0,4.918875,34.333562,9.46475,6.975785811
TARA_B100001260,2011-10-19 19:27:00+00:00,35.2698,-127.7268,650.0,4.918875,34.333562,9.46475,6.975785811
TARA_R100001731,2011-10-19 19:27:00+00:00,35.2698,-127.7268,650.0,4.918875,34.333562,9.46475,6.975785811
TARA_R100001732,2011-10-19 19:27:00+00:00,35.2698,-127.7268,650.0,4.918875,34.333562,9.46475,6.975785811
TARA_G100008142,2011-10-19 19:27:00+00:00,35.2698,-127.7268,650.0,4.918875,34.333562,9.46475,6.975785811
TARA_G100008143,2011-10-19 19:27:00+00:00,35.2698,-127.7268,650.0,4.918875,34.333562,9.46475,6.975785811
TARA_R000001364,2011-10-19 19:27:00+00:00,35.2698,-127.7268,650.0,4.918875,34.333562,9.46475,6.975785811
TARA_R000001365,2011-10-19 19:27:00+00:00,35.2698,-127.7268,650.0,4.918875,34.333562,9.46475,6.975785811
TARA_R000001366,2011-10-19 19:27:00+00:00,35.2698,-127.7268,650.0,4.918875,34.333562,9.46475,6.975785811
TARA_R100001729,2011-10-19 19:27:00+00:00,35.2698,-127.7268,650.0,4.918875,34.333562,9.46475,6.975785811
TARA_R100001730,2011-10-19 19:27:00+00:00,35.2698,-127.7268,650.0,4.918875,34.333562,9.46475,6.975785811
TARA_B100001105,2011-10-19 19:27:00+00:00,35.2698,-127.7268,650.0,4.918875,34.333562,9.46475,6.975785811
TARA_B100001106,2011-10-19 19:27:00+00:00,35.2698,-127.7268,650.0,4.918875,34.333562,9.46475,6.975785811
TARA_B000001813,2011-10-19 19:27:00+00:00,35.2698,-127.7268,650.0,4.918875,34.333562,9.46475,6.975785811
TARA_B000001814,2011-10-19 19:27:00+00:00,35.2698,-127.7268,650.0,4.918875,34.333562,9.46475,6.975785811
TARA_N000002090,2011-10-19 19:27:00+00:00,35.2698,-127.7268,650.0,4.918875,34.333562,9.46475,6.975785811
TARA_N000002092,2011-10-19 19:27:00+00:00,35.2698,-127.7268,650.0,4.918875,34.333562,9.46475,6.975785811
TARA_N000002089,2011-10-19 19:27:00+00:00,35.2698,-127.7268,650.0,4.918875,34.333562,9.46475,6.975785811
TARA_N000002091,2011-10-19 19:27:00+00:00,35.2698,-127.7268,650.0,4.918875,34.333562,9.46475,6.975785811
TARA_B000001811,2011-10-19 19:27:00+00:00,35.2698,-127.7268,650.0,4.918875,34.333562,9.46475,6.975785811
TARA_B000001812,2011-10-19 19:27:00+00:00,35.2698,-127.7268,650.0,4.918875,34.333562,9.46475,6.975785811
TARA_B100001103,2011-10-19 19:27:00+00:00,35.2698,-127.7268,650.0,4.918875,34.333562,9.46475,6.975785811
TARA_B100001104,2011-10-19 19:27:00+00:00,35.2698,-127.7268,650.0,4.918875,34.333562,9.46475,6.975785811
TARA_Y100002017,2011-10-19 19:27:00+00:00,35.2698,-127.7268,650.0,4.918875,34.333562,9.46475,6.975785811
TARA_Y100002016,2011-10-19 19:27:00+00:00,35.2698,-127.7268,650.0,4.918875,34.333562,9.46475,6.975785811
TARA_Y100002015,2011-10-19 19:27:00+00:00,35.2698,-127.7268,650.0,4.918875,34.333562,9.46475,6.975785811
TARA_R100001726,2011-10-19 19:27:00+00:00,35.2698,-127.7268,650.0,4.918875,34.333562,9.46475,6.975785811
TARA_G000001830,2011-10-19 19:27:00+00:00,35.2698,-127.7268,650.0,4.918875,34.333562,9.46475,6.975785811
TARA_G000001831,2011-10-19 19:27:00+00:00,35.2698,-127.7268,650.0,4.918875,34.333562,9.46475,6.975785811
TARA_B000003093,2011-12-02 14:12:00+00:00,14.2035,-116.6261,5.0,26.478605,33.84798,195.77195,6.607743957
TARA_B000003094,2011-12-02 14:12:00+00:00,14.2035,-116.6261,5.0,26.478605,33.84798,195.77195,6.607743957
TARA_B000003095,2011-12-02 14:12:00+00:00,14.2035,-116.6261,5.0,26.478605,33.84798,195.77195,6.607743957
TARA_Y100001015,2011-12-02 14:12:00+00:00,14.2035,-116.6261,5.0,26.478605,33.84798,195.77195,6.607743957
TARA_Y100001016,2011-12-02 14:12:00+00:00,14.2035,-116.6261,5.0,26.478605,33.84798,195.77195,6.607743957
TARA_Y000000211,2011-12-02 14:12:00+00:00,14.2035,-116.6261,5.0,26.478605,33.84798,195.77195,6.607743957
TARA_Y000000212,2011-12-02 14:12:00+00:00,14.2035,-116.6261,5.0,26.478605,33.84798,195.77195,6.607743957
TARA_R100000732,2011-12-02 14:12:00+00:00,14.2035,-116.6261,5.0,26.478605,33.84798,195.77195,6.607743957
TARA_R100000733,2011-12-02 14:12:00+00:00,14.2035,-116.6261,5.0,26.478605,33.84798,195.77195,6.607743957
TARA_R000001396,2011-12-02 14:12:00+00:00,14.2035,-116.6261,5.0,26.478605,33.84798,195.77195,6.607743957
TARA_R000001397,2011-12-02 14:12:00+00:00,14.2035,-116.6261,5.0,26.478605,33.84798,195.77195,6.607743957
TARA_R000001398,2011-12-02 14:12:00+00:00,14.2035,-116.6261,5.0,26.478605,33.84798,195.77195,6.607743957
TARA_G100007120,2011-12-02 14:12:00+00:00,14.2035,-116.6261,5.0,26.478605,33.84798,195.77195,6.607743957
TARA_G100007121,2011-12-02 14:12:00+00:00,14.2035,-116.6261,5.0,26.478605,33.84798,195.77195,6.607743957
TARA_G100007116,2011-12-02 14:12:00+00:00,14.2035,-116.6261,5.0,26.478605,33.84798,195.77195,6.607743957
TARA_G100007117,2011-12-02 14:12:00+00:00,14.2035,-116.6261,5.0,26.478605,33.84798,195.77195,6.607743957
TARA_B000003089,2011-12-02 14:12:00+00:00,14.2035,-116.6261,5.0,26.478605,33.84798,195.77195,6.607743957
TARA_B000003090,2011-12-02 14:12:00+00:00,14.2035,-116.6261,5.0,26.478605,33.84798,195.77195,6.607743957
TARA_B000003091,2011-12-02 14:12:00+00:00,14.2035,-116.6261,5.0,26.478605,33.84798,195.77195,6.607743957
TARA_B000003092,2011-12-02 14:12:00+00:00,14.2035,-116.6261,5.0,26.478605,33.84798,195.77195,6.607743957
TARA_R000001393,2011-12-02 14:12:00+00:00,14.2035,-116.6261,5.0,26.478605,33.84798,195.77195,6.607743957
TARA_R000001394,2011-12-02 14:12:00+00:00,14.2035,-116.6261,5.0,26.478605,33.84798,195.77195,6.607743957
TARA_R000001395,2011-12-02 14:12:00+00:00,14.2035,-116.6261,5.0,26.478605,33.84798,195.77195,6.607743957
TARA_R000001391,2011-12-02 14:12:00+00:00,14.2035,-116.6261,5.0,26.478605,33.84798,195.77195,6.607743957
TARA_R000001392,2011-12-02 14:12:00+00:00,14.2035,-116.6261,5.0,26.478605,33.84798,195.77195,6.607743957
TARA_G000000656,2011-12-02 14:12:00+00:00,14.2035,-116.6261,5.0,26.478605,33.84798,195.77195,6.607743957
TARA_G000000659,2011-12-02 14:12:00+00:00,14.2035,-116.6261,5.0,26.478605,33.84798,195.77195,6.607743957
TARA_B100001291,2011-12-02 14:12:00+00:00,14.2035,-116.6261,5.0,26.478605,33.84798,195.77195,6.607743957
TARA_B100001292,2011-12-02 14:12:00+00:00,14.2035,-116.6261,5.0,26.478605,33.84798,195.77195,6.607743957
TARA_B100001293,2011-12-02 14:12:00+00:00,14.2035,-116.6261,5.0,26.478605,33.84798,195.77195,6.607743957
TARA_R100000737,2011-12-02 14:12:00+00:00,14.2035,-116.6261,5.0,26.478605,33.84798,195.77195,6.607743957
TARA_R100000738,2011-12-02 14:12:00+00:00,14.2035,-116.6261,5.0,26.478605,33.84798,195.77195,6.607743957
TARA_R100000739,2011-12-02 14:12:00+00:00,14.2035,-116.6261,5.0,26.478605,33.84798,195.77195,6.607743957
TARA_G100007118,2011-12-02 14:12:00+00:00,14.2035,-116.6261,5.0,26.478605,33.84798,195.77195,6.607743957
TARA_G100007119,2011-12-02 14:12:00+00:00,14.2035,-116.6261,5.0,26.478605,33.84798,195.77195,6.607743957
TARA_R000001388,2011-12-02 14:12:00+00:00,14.2035,-116.6261,5.0,26.478605,33.84798,195.77195,6.607743957
TARA_R000001389,2011-12-02 14:12:00+00:00,14.2035,-116.6261,5.0,26.478605,33.84798,195.77195,6.607743957
TARA_R000001390,2011-12-02 14:12:00+00:00,14.2035,-116.6261,5.0,26.478605,33.84798,195.77195,6.607743957
TARA_R100000735,2011-12-02 14:12:00+00:00,14.2035,-116.6261,5.0,26.478605,33.84798,195.77195,6.607743957
TARA_R100000736,2011-12-02 14:12:00+00:00,14.2035,-116.6261,5.0,26.478605,33.84798,195.77195,6.607743957
TARA_G100007104,2011-12-02 14:12:00+00:00,14.2035,-116.6261,5.0,26.478605,33.84798,195.77195,6.607743957
TARA_G100007105,2011-12-02 14:12:00+00:00,14.2035,-116.6261,5.0,26.478605,33.84798,195.77195,6.607743957
TARA_B100001289,2011-12-02 14:12:00+00:00,14.2035,-116.6261,5.0,26.478605,33.84798,195.77195,6.607743957
TARA_B100001290,2011-12-02 14:12:00+00:00,14.2035,-116.6261,5.0,26.478605,33.84798,195.77195,6.607743957
TARA_B000003083,2011-12-02 14:12:00+00:00,14.2035,-116.6261,5.0,26.478605,33.84798,195.77195,6.607743957
TARA_B000003084,2011-12-02 14:12:00+00:00,14.2035,-116.6261,5.0,26.478605,33.84798,195.77195,6.607743957
TARA_N000002923,2011-12-02 14:12:00+00:00,14.2035,-116.6261,5.0,26.478605,33.84798,195.77195,6.607743957
TARA_N000002924,2011-12-02 14:12:00+00:00,14.2035,-116.6261,5.0,26.478605,33.84798,195.77195,6.607743957
TARA_N000002925,2011-12-02 14:12:00+00:00,14.2035,-116.6261,5.0,26.478605,33.84798,195.77195,6.607743957
TARA_N000002926,2011-12-02 14:12:00+00:00,14.2035,-116.6261,5.0,26.478605,33.84798,195.77195,6.607743957
TARA_N000002951,2011-12-02 14:12:00+00:00,14.2035,-116.6261,5.0,26.478605,33.84798,195.77195,6.607743957
TARA_N000002952,2011-12-02 14:12:00+00:00,14.2035,-116.6261,5.0,26.478605,33.84798,195.77195,6.607743957
TARA_B000003081,2011-12-02 14:12:00+00:00,14.2035,-116.6261,5.0,26.478605,33.84798,195.77195,6.607743957
TARA_B000003082,2011-12-02 14:12:00+00:00,14.2035,-116.6261,5.0,26.478605,33.84798,195.77195,6.607743957
TARA_B100001287,2011-12-02 14:12:00+00:00,14.2035,-116.6261,5.0,26.478605,33.84798,195.77195,6.607743957
TARA_B100001288,2011-12-02 14:12:00+00:00,14.2035,-116.6261,5.0,26.478605,33.84798,195.77195,6.607743957
TARA_Y100001014,2011-12-02 14:12:00+00:00,14.2035,-116.6261,5.0,26.478605,33.84798,195.77195,6.607743957
TARA_Y100001013,2011-12-02 14:12:00+00:00,14.2035,-116.6261,5.0,26.478605,33.84798,195.77195,6.607743957
TARA_Y100001012,2011-12-02 14:12:00+00:00,14.2035,-116.6261,5.0,26.478605,33.84798,195.77195,6.607743957
TARA_R100000734,2011-12-02 14:12:00+00:00,14.2035,-116.6261,5.0,26.478605,33.84798,195.77195,6.607743957
TARA_G000000657,2011-12-02 14:12:00+00:00,14.2035,-116.6261,5.0,26.478605,33.84798,195.77195,6.607743957
TARA_G000000658,2011-12-02 14:12:00+00:00,14.2035,-116.6261,5.0,26.478605,33.84798,195.77195,6.607743957
TARA_G100007202,2011-12-02 15:11:00+00:00,14.2004,-116.6398,5.0,26.478605,33.84798,195.77195,6.607743957
TARA_G100007203,2011-12-02 15:11:00+00:00,14.2004,-116.6398,5.0,26.478605,33.84798,195.77195,6.607743957
TARA_G100007210,2011-12-02 15:11:00+00:00,14.2004,-116.6398,5.0,26.478605,33.84798,195.77195,6.607743957
TARA_G100007204,2011-12-02 15:11:00+00:00,14.2004,-116.6398,5.0,26.478605,33.84798,195.77195,6.607743957
TARA_G100007205,2011-12-02 15:11:00+00:00,14.2004,-116.6398,5.0,26.478605,33.84798,195.77195,6.607743957
TARA_G100007208,2011-12-02 15:11:00+00:00,14.2004,-116.6398,5.0,26.478605,33.84798,195.77195,6.607743957
TARA_G100007209,2011-12-02 15:11:00+00:00,14.2004,-116.6398,5.0,26.478605,33.84798,195.77195,6.607743957
TARA_N000002931,2011-12-02 15:11:00+00:00,14.2004,-116.6398,5.0,26.478605,33.84798,195.77195,6.607743957
TARA_N000002932,2011-12-02 15:11:00+00:00,14.2004,-116.6398,5.0,26.478605,33.84798,195.77195,6.607743957
TARA_N000002957,2011-12-02 15:11:00+00:00,14.2004,-116.6398,5.0,26.478605,33.84798,195.77195,6.607743957
TARA_N000002958,2011-12-02 15:11:00+00:00,14.2004,-116.6398,5.0,26.478605,33.84798,195.77195,6.607743957
TARA_G100007206,2011-12-02 15:11:00+00:00,14.2004,-116.6398,5.0,26.478605,33.84798,195.77195,6.607743957
TARA_G100007207,2011-12-02 15:11:00+00:00,14.2004,-116.6398,5.0,26.478605,33.84798,195.77195,6.607743957
TARA_G100007174,2011-12-02 16:36:00+00:00,14.1927,-116.6474,5.0,26.478605,33.84798,195.77195,6.607743957
TARA_G100007175,2011-12-02 16:36:00+00:00,14.1927,-116.6474,5.0,26.478605,33.84798,195.77195,6.607743957
TARA_G100007178,2011-12-02 16:36:00+00:00,14.1927,-116.6474,5.0,26.478605,33.84798,195.77195,6.607743957
TARA_G100007179,2011-12-02 16:36:00+00:00,14.1927,-116.6474,5.0,26.478605,33.84798,195.77195,6.607743957
TARA_G100007190,2011-12-02 16:36:00+00:00,14.1927,-116.6474,5.0,26.478605,33.84798,195.77195,6.607743957
TARA_G100007191,2011-12-02 16:36:00+00:00,14.1927,-116.6474,5.0,26.478605,33.84798,195.77195,6.607743957
TARA_G100007194,2011-12-02 16:36:00+00:00,14.1927,-116.6474,5.0,26.478605,33.84798,195.77195,6.607743957
TARA_G100007195,2011-12-02 16:36:00+00:00,14.1927,-116.6474,5.0,26.478605,33.84798,195.77195,6.607743957
TARA_G100007176,2011-12-02 16:36:00+00:00,14.1927,-116.6474,5.0,26.478605,33.84798,195.77195,6.607743957
TARA_G100007177,2011-12-02 16:36:00+00:00,14.1927,-116.6474,5.0,26.478605,33.84798,195.77195,6.607743957
TARA_G100007180,2011-12-02 16:36:00+00:00,14.1927,-116.6474,5.0,26.478605,33.84798,195.77195,6.607743957
TARA_G100007181,2011-12-02 16:36:00+00:00,14.1927,-116.6474,5.0,26.478605,33.84798,195.77195,6.607743957
TARA_N000002929,2011-12-02 16:36:00+00:00,14.1927,-116.6474,5.0,26.478605,33.84798,195.77195,6.607743957
TARA_N000002930,2011-12-02 16:36:00+00:00,14.1927,-116.6474,5.0,26.478605,33.84798,195.77195,6.607743957
TARA_N000002955,2011-12-02 16:36:00+00:00,14.1927,-116.6474,5.0,26.478605,33.84798,195.77195,6.607743957
TARA_N000002956,2011-12-02 16:36:00+00:00,14.1927,-116.6474,5.0,26.478605,33.84798,195.77195,6.607743957
TARA_G100007192,2011-12-02 16:36:00+00:00,14.1927,-116.6474,5.0,26.478605,33.84798,195.77195,6.607743957
TARA_G100007193,2011-12-02 16:36:00+00:00,14.1927,-116.6474,5.0,26.478605,33.84798,195.77195,6.607743957
TARA_G100007160,2011-12-02 17:23:00+00:00,14.1853,-116.6842,5.0,26.478605,33.84798,195.77195,6.607743957
TARA_G100007161,2011-12-02 17:23:00+00:00,14.1853,-116.6842,5.0,26.478605,33.84798,195.77195,6.607743957
TARA_G100007154,2011-12-02 17:23:00+00:00,14.1853,-116.6842,5.0,26.478605,33.84798,195.77195,6.607743957
TARA_G100007155,2011-12-02 17:23:00+00:00,14.1853,-116.6842,5.0,26.478605,33.84798,195.77195,6.607743957
TARA_G100007128,2011-12-02 17:23:00+00:00,14.1853,-116.6842,5.0,26.478605,33.84798,195.77195,6.607743957
TARA_G100007129,2011-12-02 17:23:00+00:00,14.1853,-116.6842,5.0,26.478605,33.84798,195.77195,6.607743957
TARA_G100008033,2011-12-02 17:23:00+00:00,14.1853,-116.6842,5.0,26.478605,33.84798,195.77195,6.607743957
TARA_G100008034,2011-12-02 17:23:00+00:00,14.1853,-116.6842,5.0,26.478605,33.84798,195.77195,6.607743957
TARA_G100007152,2011-12-02 17:23:00+00:00,14.1853,-116.6842,5.0,26.478605,33.84798,195.77195,6.607743957
TARA_G100007153,2011-12-02 17:23:00+00:00,14.1853,-116.6842,5.0,26.478605,33.84798,195.77195,6.607743957
TARA_G100007158,2011-12-02 17:23:00+00:00,14.1853,-116.6842,5.0,26.478605,33.84798,195.77195,6.607743957
TARA_G100007159,2011-12-02 17:23:00+00:00,14.1853,-116.6842,5.0,26.478605,33.84798,195.77195,6.607743957
TARA_G100007156,2011-12-02 17:23:00+00:00,14.1853,-116.6842,5.0,26.478605,33.84798,195.77195,6.607743957
TARA_G100007157,2011-12-02 17:23:00+00:00,14.1853,-116.6842,5.0,26.478605,33.84798,195.77195,6.607743957
TARA_N000002927,2011-12-02 17:23:00+00:00,14.1853,-116.6842,5.0,26.478605,33.84798,195.77195,6.607743957
TARA_N000002928,2011-12-02 17:23:00+00:00,14.1853,-116.6842,5.0,26.478605,33.84798,195.77195,6.607743957
TARA_N000002953,2011-12-02 17:23:00+00:00,14.1853,-116.6842,5.0,26.478605,33.84798,195.77195,6.607743957
TARA_N000002954,2011-12-02 17:23:00+00:00,14.1853,-116.6842,5.0,26.478605,33.84798,195.77195,6.607743957
TARA_G000000651,2011-12-02 17:23:00+00:00,14.1853,-116.6842,5.0,26.478605,33.84798,195.77195,6.607743957
TARA_G000000652,2011-12-02 17:23:00+00:00,14.1853,-116.6842,5.0,26.478605,33.84798,195.77195,6.607743957
TARA_B000003100,2011-12-02 20:42:00+00:00,14.2075,-116.6468,40.0,20.58574,34.366025,123.201,6.084460282
TARA_B000003101,2011-12-02 20:42:00+00:00,14.2075,-116.6468,40.0,20.58574,34.366025,123.201,6.084460282
TARA_B000003102,2011-12-02 20:42:00+00:00,14.2075,-116.6468,40.0,20.58574,34.366025,123.201,6.084460282
TARA_Y100001021,2011-12-02 20:42:00+00:00,14.2075,-116.6468,40.0,20.58574,34.366025,123.201,6.084460282
TARA_Y000000213,2011-12-02 20:42:00+00:00,14.2075,-116.6468,40.0,20.58574,34.366025,123.201,6.084460282
TARA_Y000000214,2011-12-02 20:42:00+00:00,14.2075,-116.6468,40.0,20.58574,34.366025,123.201,6.084460282
TARA_Y000000219,2011-12-02 20:42:00+00:00,14.2075,-116.6468,40.0,20.58574,34.366025,123.201,6.084460282
TARA_Y000000220,2011-12-02 20:42:00+00:00,14.2075,-116.6468,40.0,20.58574,34.366025,123.201,6.084460282
TARA_R100000740,2011-12-02 20:42:00+00:00,14.2075,-116.6468,40.0,20.58574,34.366025,123.201,6.084460282
TARA_R100000741,2011-12-02 20:42:00+00:00,14.2075,-116.6468,40.0,20.58574,34.366025,123.201,6.084460282
TARA_R000001407,2011-12-02 20:42:00+00:00,14.2075,-116.6468,40.0,20.58574,34.366025,123.201,6.084460282
TARA_R000001408,2011-12-02 20:42:00+00:00,14.2075,-116.6468,40.0,20.58574,34.366025,123.201,6.084460282
TARA_R000001409,2011-12-02 20:42:00+00:00,14.2075,-116.6468,40.0,20.58574,34.366025,123.201,6.084460282
TARA_G100007126,2011-12-02 20:42:00+00:00,14.2075,-116.6468,40.0,20.58574,34.366025,123.201,6.084460282
TARA_G100007127,2011-12-02 20:42:00+00:00,14.2075,-116.6468,40.0,20.58574,34.366025,123.201,6.084460282
TARA_G100007122,2011-12-02 20:42:00+00:00,14.2075,-116.6468,40.0,20.58574,34.366025,123.201,6.084460282
TARA_G100007123,2011-12-02 20:42:00+00:00,14.2075,-116.6468,40.0,20.58574,34.366025,123.201,6.084460282
TARA_B000003096,2011-12-02 20:42:00+00:00,14.2075,-116.6468,40.0,20.58574,34.366025,123.201,6.084460282
TARA_B000003097,2011-12-02 20:42:00+00:00,14.2075,-116.6468,40.0,20.58574,34.366025,123.201,6.084460282
TARA_B000003098,2011-12-02 20:42:00+00:00,14.2075,-116.6468,40.0,20.58574,34.366025,123.201,6.084460282
TARA_B000003099,2011-12-02 20:42:00+00:00,14.2075,-116.6468,40.0,20.58574,34.366025,123.201,6.084460282
TARA_R000001404,2011-12-02 20:42:00+00:00,14.2075,-116.6468,40.0,20.58574,34.366025,123.201,6.084460282
TARA_R000001405,2011-12-02 20:42:00+00:00,14.2075,-116.6468,40.0,20.58574,34.366025,123.201,6.084460282
TARA_R000001406,2011-12-02 20:42:00+00:00,14.2075,-116.6468,40.0,20.58574,34.366025,123.201,6.084460282
TARA_R000001402,2011-12-02 20:42:00+00:00,14.2075,-116.6468,40.0,20.58574,34.366025,123.201,6.084460282
TARA_R000001403,2011-12-02 20:42:00+00:00,14.2075,-116.6468,40.0,20.58574,34.366025,123.201,6.084460282
TARA_G000000661,2011-12-02 20:42:00+00:00,14.2075,-116.6468,40.0,20.58574,34.366025,123.201,6.084460282
TARA_G000000662,2011-12-02 20:42:00+00:00,14.2075,-116.6468,40.0,20.58574,34.366025,123.201,6.084460282
TARA_B100001968,2011-12-02 20:42:00+00:00,14.2075,-116.6468,40.0,20.58574,34.366025,123.201,6.084460282
TARA_B100001969,2011-12-02 20:42:00+00:00,14.2075,-116.6468,40.0,20.58574,34.366025,123.201,6.084460282
TARA_B100001970,2011-12-02 20:42:00+00:00,14.2075,-116.6468,40.0,20.58574,34.366025,123.201,6.084460282
TARA_R100000745,2011-12-02 20:42:00+00:00,14.2075,-116.6468,40.0,20.58574,34.366025,123.201,6.084460282
TARA_R100000746,2011-12-02 20:42:00+00:00,14.2075,-116.6468,40.0,20.58574,34.366025,123.201,6.084460282
TARA_R100000747,2011-12-02 20:42:00+00:00,14.2075,-116.6468,40.0,20.58574,34.366025,123.201,6.084460282
TARA_G100007124,2011-12-02 20:42:00+00:00,14.2075,-116.6468,40.0,20.58574,34.366025,123.201,6.084460282
TARA_G100007125,2011-12-02 20:42:00+00:00,14.2075,-116.6468,40.0,20.58574,34.366025,123.201,6.084460282
TARA_R000001399,2011-12-02 20:42:00+00:00,14.2075,-116.6468,40.0,20.58574,34.366025,123.201,6.084460282
TARA_R000001400,2011-12-02 20:42:00+00:00,14.2075,-116.6468,40.0,20.58574,34.366025,123.201,6.084460282
TARA_R000001401,2011-12-02 20:42:00+00:00,14.2075,-116.6468,40.0,20.58574,34.366025,123.201,6.084460282
TARA_R100000743,2011-12-02 20:42:00+00:00,14.2075,-116.6468,40.0,20.58574,34.366025,123.201,6.084460282
TARA_R100000744,2011-12-02 20:42:00+00:00,14.2075,-116.6468,40.0,20.58574,34.366025,123.201,6.084460282
TARA_G100007110,2011-12-02 20:42:00+00:00,14.2075,-116.6468,40.0,20.58574,34.366025,123.201,6.084460282
TARA_G100007111,2011-12-02 20:42:00+00:00,14.2075,-116.6468,40.0,20.58574,34.366025,123.201,6.084460282
TARA_B100001966,2011-12-02 20:42:00+00:00,14.2075,-116.6468,40.0,20.58574,34.366025,123.201,6.084460282
TARA_B100001967,2011-12-02 20:42:00+00:00,14.2075,-116.6468,40.0,20.58574,34.366025,123.201,6.084460282
TARA_B000003087,2011-12-02 20:42:00+00:00,14.2075,-116.6468,40.0,20.58574,34.366025,123.201,6.084460282
TARA_B000003088,2011-12-02 20:42:00+00:00,14.2075,-116.6468,40.0,20.58574,34.366025,123.201,6.084460282
TARA_N000002933,2011-12-02 20:42:00+00:00,14.2075,-116.6468,40.0,20.58574,34.366025,123.201,6.084460282
TARA_N000002934,2011-12-02 20:42:00+00:00,14.2075,-116.6468,40.0,20.58574,34.366025,123.201,6.084460282
TARA_N000002935,2011-12-02 20:42:00+00:00,14.2075,-116.6468,40.0,20.58574,34.366025,123.201,6.084460282
TARA_N000002936,2011-12-02 20:42:00+00:00,14.2075,-116.6468,40.0,20.58574,34.366025,123.201,6.084460282
TARA_N000002943,2011-12-02 20:42:00+00:00,14.2075,-116.6468,40.0,20.58574,34.366025,123.201,6.084460282
TARA_N000002944,2011-12-02 20:42:00+00:00,14.2075,-116.6468,40.0,20.58574,34.366025,123.201,6.084460282
TARA_B000003085,2011-12-02 20:42:00+00:00,14.2075,-116.6468,40.0,20.58574,34.366025,123.201,6.084460282
TARA_B000003086,2011-12-02 20:42:00+00:00,14.2075,-116.6468,40.0,20.58574,34.366025,123.201,6.084460282
TARA_B100001964,2011-12-02 20:42:00+00:00,14.2075,-116.6468,40.0,20.58574,34.366025,123.201,6.084460282
TARA_B100001965,2011-12-02 20:42:00+00:00,14.2075,-116.6468,40.0,20.58574,34.366025,123.201,6.084460282
TARA_Y100001018,2011-12-02 20:42:00+00:00,14.2075,-116.6468,40.0,20.58574,34.366025,123.201,6.084460282
TARA_Y100001017,2011-12-02 20:42:00+00:00,14.2075,-116.6468,40.0,20.58574,34.366025,123.201,6.084460282
TARA_R100000742,2011-12-02 20:42:00+00:00,14.2075,-116.6468,40.0,20.58574,34.366025,123.201,6.084460282
TARA_G000000655,2011-12-02 20:42:00+00:00,14.2075,-116.6468,40.0,20.58574,34.366025,123.201,6.084460282
TARA_G000000660,2011-12-02 20:42:00+00:00,14.2075,-116.6468,40.0,20.58574,34.366025,123.201,6.084460282
TARA_N000002984,2011-12-02 22:10:00+00:00,14.2005,-116.7031,110.0,12.72497,34.71209,1.62355,6.084460282
TARA_G100007213,2011-12-02 22:10:00+00:00,14.2005,-116.7031,40.0,20.58574,34.366025,123.201,6.084460282
TARA_G100007214,2011-12-02 22:10:00+00:00,14.2005,-116.7031,40.0,20.58574,34.366025,123.201,6.084460282
TARA_G100007221,2011-12-02 22:10:00+00:00,14.2005,-116.7031,40.0,20.58574,34.366025,123.201,6.084460282
TARA_G100007215,2011-12-02 22:10:00+00:00,14.2005,-116.7031,40.0,20.58574,34.366025,123.201,6.084460282
TARA_G100007216,2011-12-02 22:10:00+00:00,14.2005,-116.7031,40.0,20.58574,34.366025,123.201,6.084460282
TARA_G100007219,2011-12-02 22:10:00+00:00,14.2005,-116.7031,40.0,20.58574,34.366025,123.201,6.084460282
TARA_G100007220,2011-12-02 22:10:00+00:00,14.2005,-116.7031,40.0,20.58574,34.366025,123.201,6.084460282
TARA_N000002941,2011-12-02 22:10:00+00:00,14.2005,-116.7031,40.0,20.58574,34.366025,123.201,6.084460282
TARA_N000002942,2011-12-02 22:10:00+00:00,14.2005,-116.7031,40.0,20.58574,34.366025,123.201,6.084460282
TARA_N000002949,2011-12-02 22:10:00+00:00,14.2005,-116.7031,40.0,20.58574,34.366025,123.201,6.084460282
TARA_N000002950,2011-12-02 22:10:00+00:00,14.2005,-116.7031,40.0,20.58574,34.366025,123.201,6.084460282
TARA_G100007217,2011-12-02 22:10:00+00:00,14.2005,-116.7031,40.0,20.58574,34.366025,123.201,6.084460282
TARA_G100007218,2011-12-02 22:10:00+00:00,14.2005,-116.7031,40.0,20.58574,34.366025,123.201,6.084460282
TARA_G100007182,2011-12-02 22:37:00+00:00,14.1987,-116.7164,40.0,20.58574,34.366025,123.201,6.084460282
TARA_G100007183,2011-12-02 22:37:00+00:00,14.1987,-116.7164,40.0,20.58574,34.366025,123.201,6.084460282
TARA_G100007186,2011-12-02 22:37:00+00:00,14.1987,-116.7164,40.0,20.58574,34.366025,123.201,6.084460282
TARA_G100007187,2011-12-02 22:37:00+00:00,14.1987,-116.7164,40.0,20.58574,34.366025,123.201,6.084460282
TARA_G100007196,2011-12-02 22:37:00+00:00,14.1987,-116.7164,40.0,20.58574,34.366025,123.201,6.084460282
TARA_G100007197,2011-12-02 22:37:00+00:00,14.1987,-116.7164,40.0,20.58574,34.366025,123.201,6.084460282
TARA_G100007200,2011-12-02 22:37:00+00:00,14.1987,-116.7164,40.0,20.58574,34.366025,123.201,6.084460282
TARA_G100007201,2011-12-02 22:37:00+00:00,14.1987,-116.7164,40.0,20.58574,34.366025,123.201,6.084460282
TARA_G100007184,2011-12-02 22:37:00+00:00,14.1987,-116.7164,40.0,20.58574,34.366025,123.201,6.084460282
TARA_G100007185,2011-12-02 22:37:00+00:00,14.1987,-116.7164,40.0,20.58574,34.366025,123.201,6.084460282
TARA_G100007188,2011-12-02 22:37:00+00:00,14.1987,-116.7164,40.0,20.58574,34.366025,123.201,6.084460282
TARA_G100007189,2011-12-02 22:37:00+00:00,14.1987,-116.7164,40.0,20.58574,34.366025,123.201,6.084460282
TARA_N000002939,2011-12-02 22:37:00+00:00,14.1987,-116.7164,40.0,20.58574,34.366025,123.201,6.084460282
TARA_N000002940,2011-12-02 22:37:00+00:00,14.1987,-116.7164,40.0,20.58574,34.366025,123.201,6.084460282
TARA_N000002947,2011-12-02 22:37:00+00:00,14.1987,-116.7164,40.0,20.58574,34.366025,123.201,6.084460282
TARA_N000002948,2011-12-02 22:37:00+00:00,14.1987,-116.7164,40.0,20.58574,34.366025,123.201,6.084460282
TARA_G100007198,2011-12-02 22:37:00+00:00,14.1987,-116.7164,40.0,20.58574,34.366025,123.201,6.084460282
TARA_G100007199,2011-12-02 22:37:00+00:00,14.1987,-116.7164,40.0,20.58574,34.366025,123.201,6.084460282
TARA_G100007170,2011-12-02 23:02:00+00:00,14.1957,-116.7293,40.0,20.58574,34.366025,123.201,6.084460282
TARA_G100007171,2011-12-02 23:02:00+00:00,14.1957,-116.7293,40.0,20.58574,34.366025,123.201,6.084460282
TARA_G100007164,2011-12-02 23:02:00+00:00,14.1957,-116.7293,40.0,20.58574,34.366025,123.201,6.084460282
TARA_G100007165,2011-12-02 23:02:00+00:00,14.1957,-116.7293,40.0,20.58574,34.366025,123.201,6.084460282
TARA_G100007172,2011-12-02 23:02:00+00:00,14.1957,-116.7293,40.0,20.58574,34.366025,123.201,6.084460282
TARA_G100007173,2011-12-02 23:02:00+00:00,14.1957,-116.7293,40.0,20.58574,34.366025,123.201,6.084460282
TARA_G100007130,2011-12-02 23:02:00+00:00,14.1957,-116.7293,40.0,20.58574,34.366025,123.201,6.084460282
TARA_G100007131,2011-12-02 23:02:00+00:00,14.1957,-116.7293,40.0,20.58574,34.366025,123.201,6.084460282
TARA_G100007162,2011-12-02 23:02:00+00:00,14.1957,-116.7293,40.0,20.58574,34.366025,123.201,6.084460282
TARA_G100007163,2011-12-02 23:02:00+00:00,14.1957,-116.7293,40.0,20.58574,34.366025,123.201,6.084460282
TARA_G100007168,2011-12-02 23:02:00+00:00,14.1957,-116.7293,40.0,20.58574,34.366025,123.201,6.084460282
TARA_G100007169,2011-12-02 23:02:00+00:00,14.1957,-116.7293,40.0,20.58574,34.366025,123.201,6.084460282
TARA_G100007166,2011-12-02 23:02:00+00:00,14.1957,-116.7293,40.0,20.58574,34.366025,123.201,6.084460282
TARA_G100007167,2011-12-02 23:02:00+00:00,14.1957,-116.7293,40.0,20.58574,34.366025,123.201,6.084460282
TARA_N000002937,2011-12-02 23:02:00+00:00,14.1957,-116.7293,40.0,20.58574,34.366025,123.201,6.084460282
TARA_N000002938,2011-12-02 23:02:00+00:00,14.1957,-116.7293,40.0,20.58574,34.366025,123.201,6.084460282
TARA_N000002945,2011-12-02 23:02:00+00:00,14.1957,-116.7293,40.0,20.58574,34.366025,123.201,6.084460282
TARA_N000002946,2011-12-02 23:02:00+00:00,14.1957,-116.7293,40.0,20.58574,34.366025,123.201,6.084460282
TARA_G000000653,2011-12-02 23:02:00+00:00,14.1957,-116.7293,40.0,20.58574,34.366025,123.201,6.084460282
TARA_G000000654,2011-12-02 23:02:00+00:00,14.1957,-116.7293,40.0,20.58574,34.366025,123.201,6.084460282
TARA_B000003111,2011-12-03 14:31:00+00:00,14.2025,-116.6433,375.0,8.887131,34.5882,0.832313,6.248980533
TARA_B000003112,2011-12-03 14:31:00+00:00,14.2025,-116.6433,375.0,8.887131,34.5882,0.832313,6.248980533
TARA_B000003113,2011-12-03 14:31:00+00:00,14.2025,-116.6433,375.0,8.887131,34.5882,0.832313,6.248980533
TARA_B000003114,2011-12-03 14:31:00+00:00,14.2025,-116.6433,375.0,8.887131,34.5882,0.832313,6.248980533
TARA_Y100001025,2011-12-03 14:31:00+00:00,14.2025,-116.6433,375.0,8.887131,34.5882,0.832313,6.248980533
TARA_Y100001026,2011-12-03 14:31:00+00:00,14.2025,-116.6433,375.0,8.887131,34.5882,0.832313,6.248980533
TARA_Y000000215,2011-12-03 14:31:00+00:00,14.2025,-116.6433,375.0,8.887131,34.5882,0.832313,6.248980533
TARA_Y000000216,2011-12-03 14:31:00+00:00,14.2025,-116.6433,375.0,8.887131,34.5882,0.832313,6.248980533
TARA_R100000748,2011-12-03 14:31:00+00:00,14.2025,-116.6433,375.0,8.887131,34.5882,0.832313,6.248980533
TARA_R100000749,2011-12-03 14:31:00+00:00,14.2025,-116.6433,375.0,8.887131,34.5882,0.832313,6.248980533
TARA_R000001418,2011-12-03 14:31:00+00:00,14.2025,-116.6433,375.0,8.887131,34.5882,0.832313,6.248980533
TARA_R000001419,2011-12-03 14:31:00+00:00,14.2025,-116.6433,375.0,8.887131,34.5882,0.832313,6.248980533
TARA_R000001420,2011-12-03 14:31:00+00:00,14.2025,-116.6433,375.0,8.887131,34.5882,0.832313,6.248980533
TARA_G100007325,2011-12-03 14:31:00+00:00,14.2025,-116.6433,375.0,8.887131,34.5882,0.832313,6.248980533
TARA_G100007326,2011-12-03 14:31:00+00:00,14.2025,-116.6433,375.0,8.887131,34.5882,0.832313,6.248980533
TARA_G100007333,2011-12-03 14:31:00+00:00,14.2025,-116.6433,375.0,8.887131,34.5882,0.832313,6.248980533
TARA_G100007334,2011-12-03 14:31:00+00:00,14.2025,-116.6433,375.0,8.887131,34.5882,0.832313,6.248980533
TARA_B000003107,2011-12-03 14:31:00+00:00,14.2025,-116.6433,375.0,8.887131,34.5882,0.832313,6.248980533
TARA_B000003108,2011-12-03 14:31:00+00:00,14.2025,-116.6433,375.0,8.887131,34.5882,0.832313,6.248980533
TARA_B000003109,2011-12-03 14:31:00+00:00,14.2025,-116.6433,375.0,8.887131,34.5882,0.832313,6.248980533
TARA_B000003110,2011-12-03 14:31:00+00:00,14.2025,-116.6433,375.0,8.887131,34.5882,0.832313,6.248980533
TARA_R000001415,2011-12-03 14:31:00+00:00,14.2025,-116.6433,375.0,8.887131,34.5882,0.832313,6.248980533
TARA_R000001416,2011-12-03 14:31:00+00:00,14.2025,-116.6433,375.0,8.887131,34.5882,0.832313,6.248980533
TARA_R000001417,2011-12-03 14:31:00+00:00,14.2025,-116.6433,375.0,8.887131,34.5882,0.832313,6.248980533
TARA_R000001413,2011-12-03 14:31:00+00:00,14.2025,-116.6433,375.0,8.887131,34.5882,0.832313,6.248980533
TARA_R000001414,2011-12-03 14:31:00+00:00,14.2025,-116.6433,375.0,8.887131,34.5882,0.832313,6.248980533
TARA_G000000756,2011-12-03 14:31:00+00:00,14.2025,-116.6433,375.0,8.887131,34.5882,0.832313,6.248980533
TARA_G000000757,2011-12-03 14:31:00+00:00,14.2025,-116.6433,375.0,8.887131,34.5882,0.832313,6.248980533
TARA_G000000758,2011-12-03 14:31:00+00:00,14.2025,-116.6433,375.0,8.887131,34.5882,0.832313,6.248980533
TARA_G100007331,2011-12-03 14:31:00+00:00,14.2025,-116.6433,375.0,8.887131,34.5882,0.832313,6.248980533
TARA_G100007332,2011-12-03 14:31:00+00:00,14.2025,-116.6433,375.0,8.887131,34.5882,0.832313,6.248980533
TARA_G100007335,2011-12-03 14:31:00+00:00,14.2025,-116.6433,375.0,8.887131,34.5882,0.832313,6.248980533
TARA_G100007327,2011-12-03 14:31:00+00:00,14.2025,-116.6433,375.0,8.887131,34.5882,0.832313,6.248980533
TARA_G100007328,2011-12-03 14:31:00+00:00,14.2025,-116.6433,375.0,8.887131,34.5882,0.832313,6.248980533
TARA_B100001975,2011-12-03 14:31:00+00:00,14.2025,-116.6433,375.0,8.887131,34.5882,0.832313,6.248980533
TARA_B100001976,2011-12-03 14:31:00+00:00,14.2025,-116.6433,375.0,8.887131,34.5882,0.832313,6.248980533
TARA_R100000753,2011-12-03 14:31:00+00:00,14.2025,-116.6433,375.0,8.887131,34.5882,0.832313,6.248980533
TARA_R100000754,2011-12-03 14:31:00+00:00,14.2025,-116.6433,375.0,8.887131,34.5882,0.832313,6.248980533
TARA_G100007329,2011-12-03 14:31:00+00:00,14.2025,-116.6433,375.0,8.887131,34.5882,0.832313,6.248980533
TARA_G100007330,2011-12-03 14:31:00+00:00,14.2025,-116.6433,375.0,8.887131,34.5882,0.832313,6.248980533
TARA_R000001410,2011-12-03 14:31:00+00:00,14.2025,-116.6433,375.0,8.887131,34.5882,0.832313,6.248980533
TARA_R000001411,2011-12-03 14:31:00+00:00,14.2025,-116.6433,375.0,8.887131,34.5882,0.832313,6.248980533
TARA_R000001412,2011-12-03 14:31:00+00:00,14.2025,-116.6433,375.0,8.887131,34.5882,0.832313,6.248980533
TARA_R100000751,2011-12-03 14:31:00+00:00,14.2025,-116.6433,375.0,8.887131,34.5882,0.832313,6.248980533
TARA_R100000752,2011-12-03 14:31:00+00:00,14.2025,-116.6433,375.0,8.887131,34.5882,0.832313,6.248980533
TARA_B100001973,2011-12-03 14:31:00+00:00,14.2025,-116.6433,375.0,8.887131,34.5882,0.832313,6.248980533
TARA_B100001974,2011-12-03 14:31:00+00:00,14.2025,-116.6433,375.0,8.887131,34.5882,0.832313,6.248980533
TARA_B000003105,2011-12-03 14:31:00+00:00,14.2025,-116.6433,375.0,8.887131,34.5882,0.832313,6.248980533
TARA_B000003106,2011-12-03 14:31:00+00:00,14.2025,-116.6433,375.0,8.887131,34.5882,0.832313,6.248980533
TARA_N000002992,2011-12-03 14:31:00+00:00,14.2025,-116.6433,375.0,8.887131,34.5882,0.832313,6.248980533
TARA_N000002994,2011-12-03 14:31:00+00:00,14.2025,-116.6433,375.0,8.887131,34.5882,0.832313,6.248980533
TARA_N000002991,2011-12-03 14:31:00+00:00,14.2025,-116.6433,375.0,8.887131,34.5882,0.832313,6.248980533
TARA_N000002993,2011-12-03 14:31:00+00:00,14.2025,-116.6433,375.0,8.887131,34.5882,0.832313,6.248980533
TARA_B000003103,2011-12-03 14:31:00+00:00,14.2025,-116.6433,375.0,8.887131,34.5882,0.832313,6.248980533
TARA_B000003104,2011-12-03 14:31:00+00:00,14.2025,-116.6433,375.0,8.887131,34.5882,0.832313,6.248980533
TARA_B100001971,2011-12-03 14:31:00+00:00,14.2025,-116.6433,375.0,8.887131,34.5882,0.832313,6.248980533
TARA_B100001972,2011-12-03 14:31:00+00:00,14.2025,-116.6433,375.0,8.887131,34.5882,0.832313,6.248980533
TARA_Y100001024,2011-12-03 14:31:00+00:00,14.2025,-116.6433,375.0,8.887131,34.5882,0.832313,6.248980533
TARA_Y100001023,2011-12-03 14:31:00+00:00,14.2025,-116.6433,375.0,8.887131,34.5882,0.832313,6.248980533
TARA_Y100001022,2011-12-03 14:31:00+00:00,14.2025,-116.6433,375.0,8.887131,34.5882,0.832313,6.248980533
TARA_R100000750,2011-12-03 14:31:00+00:00,14.2025,-116.6433,375.0,8.887131,34.5882,0.832313,6.248980533
TARA_G000000754,2011-12-03 14:31:00+00:00,14.2025,-116.6433,375.0,8.887131,34.5882,0.832313,6.248980533
TARA_G000000755,2011-12-03 14:31:00+00:00,14.2025,-116.6433,375.0,8.887131,34.5882,0.832313,6.248980533
TARA_B000003148,2011-12-10 14:08:00+00:00,6.3332,-102.9432,5.0,26.605515,33.52041,196.2029,6.507542471
TARA_B000003149,2011-12-10 14:08:00+00:00,6.3332,-102.9432,5.0,26.605515,33.52041,196.2029,6.507542471
TARA_B000003150,2011-12-10 14:08:00+00:00,6.3332,-102.9432,5.0,26.605515,33.52041,196.2029,6.507542471
TARA_Y100001040,2011-12-10 14:08:00+00:00,6.3332,-102.9432,5.0,26.605515,33.52041,196.2029,6.507542471
TARA_Y100001041,2011-12-10 14:08:00+00:00,6.3332,-102.9432,5.0,26.605515,33.52041,196.2029,6.507542471
TARA_Y000000221,2011-12-10 14:08:00+00:00,6.3332,-102.9432,5.0,26.605515,33.52041,196.2029,6.507542471
TARA_Y000000222,2011-12-10 14:08:00+00:00,6.3332,-102.9432,5.0,26.605515,33.52041,196.2029,6.507542471
TARA_R100000771,2011-12-10 14:08:00+00:00,6.3332,-102.9432,5.0,26.605515,33.52041,196.2029,6.507542471
TARA_R100000772,2011-12-10 14:08:00+00:00,6.3332,-102.9432,5.0,26.605515,33.52041,196.2029,6.507542471
TARA_R000001451,2011-12-10 14:08:00+00:00,6.3332,-102.9432,5.0,26.605515,33.52041,196.2029,6.507542471
TARA_R000001452,2011-12-10 14:08:00+00:00,6.3332,-102.9432,5.0,26.605515,33.52041,196.2029,6.507542471
TARA_R000001453,2011-12-10 14:08:00+00:00,6.3332,-102.9432,5.0,26.605515,33.52041,196.2029,6.507542471
TARA_G100006211,2011-12-10 14:08:00+00:00,6.3332,-102.9432,5.0,26.605515,33.52041,196.2029,6.507542471
TARA_G100006212,2011-12-10 14:08:00+00:00,6.3332,-102.9432,5.0,26.605515,33.52041,196.2029,6.507542471
TARA_G100006207,2011-12-10 14:08:00+00:00,6.3332,-102.9432,5.0,26.605515,33.52041,196.2029,6.507542471
TARA_G100006208,2011-12-10 14:08:00+00:00,6.3332,-102.9432,5.0,26.605515,33.52041,196.2029,6.507542471
TARA_B000003144,2011-12-10 14:08:00+00:00,6.3332,-102.9432,5.0,26.605515,33.52041,196.2029,6.507542471
TARA_B000003145,2011-12-10 14:08:00+00:00,6.3332,-102.9432,5.0,26.605515,33.52041,196.2029,6.507542471
TARA_B000003146,2011-12-10 14:08:00+00:00,6.3332,-102.9432,5.0,26.605515,33.52041,196.2029,6.507542471
TARA_B000003147,2011-12-10 14:08:00+00:00,6.3332,-102.9432,5.0,26.605515,33.52041,196.2029,6.507542471
TARA_R000001448,2011-12-10 14:08:00+00:00,6.3332,-102.9432,5.0,26.605515,33.52041,196.2029,6.507542471
TARA_R000001449,2011-12-10 14:08:00+00:00,6.3332,-102.9432,5.0,26.605515,33.52041,196.2029,6.507542471
TARA_R000001450,2011-12-10 14:08:00+00:00,6.3332,-102.9432,5.0,26.605515,33.52041,196.2029,6.507542471
TARA_R000001446,2011-12-10 14:08:00+00:00,6.3332,-102.9432,5.0,26.605515,33.52041,196.2029,6.507542471
TARA_R000001447,2011-12-10 14:08:00+00:00,6.3332,-102.9432,5.0,26.605515,33.52041,196.2029,6.507542471
TARA_G000000795,2011-12-10 14:08:00+00:00,6.3332,-102.9432,5.0,26.605515,33.52041,196.2029,6.507542471
TARA_G000000796,2011-12-10 14:08:00+00:00,6.3332,-102.9432,5.0,26.605515,33.52041,196.2029,6.507542471
TARA_G000000797,2011-12-10 14:08:00+00:00,6.3332,-102.9432,5.0,26.605515,33.52041,196.2029,6.507542471
TARA_B100001993,2011-12-10 14:08:00+00:00,6.3332,-102.9432,5.0,26.605515,33.52041,196.2029,6.507542471
TARA_B100001994,2011-12-10 14:08:00+00:00,6.3332,-102.9432,5.0,26.605515,33.52041,196.2029,6.507542471
TARA_B100001995,2011-12-10 14:08:00+00:00,6.3332,-102.9432,5.0,26.605515,33.52041,196.2029,6.507542471
TARA_R100000776,2011-12-10 14:08:00+00:00,6.3332,-102.9432,5.0,26.605515,33.52041,196.2029,6.507542471
TARA_R100000777,2011-12-10 14:08:00+00:00,6.3332,-102.9432,5.0,26.605515,33.52041,196.2029,6.507542471
TARA_R100000778,2011-12-10 14:08:00+00:00,6.3332,-102.9432,5.0,26.605515,33.52041,196.2029,6.507542471
TARA_G100006209,2011-12-10 14:08:00+00:00,6.3332,-102.9432,5.0,26.605515,33.52041,196.2029,6.507542471
TARA_G100006210,2011-12-10 14:08:00+00:00,6.3332,-102.9432,5.0,26.605515,33.52041,196.2029,6.507542471
TARA_R000001443,2011-12-10 14:08:00+00:00,6.3332,-102.9432,5.0,26.605515,33.52041,196.2029,6.507542471
TARA_R000001444,2011-12-10 14:08:00+00:00,6.3332,-102.9432,5.0,26.605515,33.52041,196.2029,6.507542471
TARA_R000001445,2011-12-10 14:08:00+00:00,6.3332,-102.9432,5.0,26.605515,33.52041,196.2029,6.507542471
TARA_R100000774,2011-12-10 14:08:00+00:00,6.3332,-102.9432,5.0,26.605515,33.52041,196.2029,6.507542471
TARA_R100000775,2011-12-10 14:08:00+00:00,6.3332,-102.9432,5.0,26.605515,33.52041,196.2029,6.507542471
TARA_G100006203,2011-12-10 14:08:00+00:00,6.3332,-102.9432,5.0,26.605515,33.52041,196.2029,6.507542471
TARA_G100006204,2011-12-10 14:08:00+00:00,6.3332,-102.9432,5.0,26.605515,33.52041,196.2029,6.507542471
TARA_B100001991,2011-12-10 14:08:00+00:00,6.3332,-102.9432,5.0,26.605515,33.52041,196.2029,6.507542471
TARA_B100001992,2011-12-10 14:08:00+00:00,6.3332,-102.9432,5.0,26.605515,33.52041,196.2029,6.507542471
TARA_B000003138,2011-12-10 14:08:00+00:00,6.3332,-102.9432,5.0,26.605515,33.52041,196.2029,6.507542471
TARA_B000003139,2011-12-10 14:08:00+00:00,6.3332,-102.9432,5.0,26.605515,33.52041,196.2029,6.507542471
TARA_N000002999,2011-12-10 14:08:00+00:00,6.3332,-102.9432,5.0,26.605515,33.52041,196.2029,6.507542471
TARA_N000003000,2011-12-10 14:08:00+00:00,6.3332,-102.9432,5.0,26.605515,33.52041,196.2029,6.507542471
TARA_N000003001,2011-12-10 14:08:00+00:00,6.3332,-102.9432,5.0,26.605515,33.52041,196.2029,6.507542471
TARA_N000003002,2011-12-10 14:08:00+00:00,6.3332,-102.9432,5.0,26.605515,33.52041,196.2029,6.507542471
TARA_N000003019,2011-12-10 14:08:00+00:00,6.3332,-102.9432,5.0,26.605515,33.52041,196.2029,6.507542471
TARA_N000003020,2011-12-10 14:08:00+00:00,6.3332,-102.9432,5.0,26.605515,33.52041,196.2029,6.507542471
TARA_B000003136,2011-12-10 14:08:00+00:00,6.3332,-102.9432,5.0,26.605515,33.52041,196.2029,6.507542471
TARA_B000003137,2011-12-10 14:08:00+00:00,6.3332,-102.9432,5.0,26.605515,33.52041,196.2029,6.507542471
TARA_B100001989,2011-12-10 14:08:00+00:00,6.3332,-102.9432,5.0,26.605515,33.52041,196.2029,6.507542471
TARA_B100001990,2011-12-10 14:08:00+00:00,6.3332,-102.9432,5.0,26.605515,33.52041,196.2029,6.507542471
TARA_Y100001039,2011-12-10 14:08:00+00:00,6.3332,-102.9432,5.0,26.605515,33.52041,196.2029,6.507542471
TARA_Y100001038,2011-12-10 14:08:00+00:00,6.3332,-102.9432,5.0,26.605515,33.52041,196.2029,6.507542471
TARA_Y100001037,2011-12-10 14:08:00+00:00,6.3332,-102.9432,5.0,26.605515,33.52041,196.2029,6.507542471
TARA_R100000773,2011-12-10 14:08:00+00:00,6.3332,-102.9432,5.0,26.605515,33.52041,196.2029,6.507542471
TARA_G000000793,2011-12-10 14:08:00+00:00,6.3332,-102.9432,5.0,26.605515,33.52041,196.2029,6.507542471
TARA_G000000794,2011-12-10 14:08:00+00:00,6.3332,-102.9432,5.0,26.605515,33.52041,196.2029,6.507542471
TARA_G100007427,2011-12-10 15:06:00+00:00,6.3306,-102.9531,5.0,26.605515,33.52041,196.2029,6.507542471
TARA_G100007428,2011-12-10 15:06:00+00:00,6.3306,-102.9531,5.0,26.605515,33.52041,196.2029,6.507542471
TARA_G100007435,2011-12-10 15:06:00+00:00,6.3306,-102.9531,5.0,26.605515,33.52041,196.2029,6.507542471
TARA_G100007433,2011-12-10 15:06:00+00:00,6.3306,-102.9531,5.0,26.605515,33.52041,196.2029,6.507542471
TARA_G100007434,2011-12-10 15:06:00+00:00,6.3306,-102.9531,5.0,26.605515,33.52041,196.2029,6.507542471
TARA_N000003007,2011-12-10 15:06:00+00:00,6.3306,-102.9531,5.0,26.605515,33.52041,196.2029,6.507542471
TARA_N000003008,2011-12-10 15:06:00+00:00,6.3306,-102.9531,5.0,26.605515,33.52041,196.2029,6.507542471
TARA_N000003025,2011-12-10 15:06:00+00:00,6.3306,-102.9531,5.0,26.605515,33.52041,196.2029,6.507542471
TARA_N000003026,2011-12-10 15:06:00+00:00,6.3306,-102.9531,5.0,26.605515,33.52041,196.2029,6.507542471
TARA_G100007431,2011-12-10 15:06:00+00:00,6.3306,-102.9531,5.0,26.605515,33.52041,196.2029,6.507542471
TARA_G100007432,2011-12-10 15:06:00+00:00,6.3306,-102.9531,5.0,26.605515,33.52041,196.2029,6.507542471
TARA_G100006219,2011-12-10 16:25:00+00:00,6.3199,-102.96,5.0,26.605515,33.52041,196.2029,6.507542471
TARA_G100006220,2011-12-10 16:25:00+00:00,6.3199,-102.96,5.0,26.605515,33.52041,196.2029,6.507542471
TARA_G100006223,2011-12-10 16:25:00+00:00,6.3199,-102.96,5.0,26.605515,33.52041,196.2029,6.507542471
TARA_G100006224,2011-12-10 16:25:00+00:00,6.3199,-102.96,5.0,26.605515,33.52041,196.2029,6.507542471
TARA_G100006235,2011-12-10 16:25:00+00:00,6.3199,-102.96,5.0,26.605515,33.52041,196.2029,6.507542471
TARA_G100006236,2011-12-10 16:25:00+00:00,6.3199,-102.96,5.0,26.605515,33.52041,196.2029,6.507542471
TARA_G100006239,2011-12-10 16:25:00+00:00,6.3199,-102.96,5.0,26.605515,33.52041,196.2029,6.507542471
TARA_G100006240,2011-12-10 16:25:00+00:00,6.3199,-102.96,5.0,26.605515,33.52041,196.2029,6.507542471
TARA_G100006221,2011-12-10 16:25:00+00:00,6.3199,-102.96,5.0,26.605515,33.52041,196.2029,6.507542471
TARA_G100006222,2011-12-10 16:25:00+00:00,6.3199,-102.96,5.0,26.605515,33.52041,196.2029,6.507542471
TARA_G100006225,2011-12-10 16:25:00+00:00,6.3199,-102.96,5.0,26.605515,33.52041,196.2029,6.507542471
TARA_G100006226,2011-12-10 16:25:00+00:00,6.3199,-102.96,5.0,26.605515,33.52041,196.2029,6.507542471
TARA_N000003005,2011-12-10 16:25:00+00:00,6.3199,-102.96,5.0,26.605515,33.52041,196.2029,6.507542471
TARA_N000003006,2011-12-10 16:25:00+00:00,6.3199,-102.96,5.0,26.605515,33.52041,196.2029,6.507542471
TARA_N000003023,2011-12-10 16:25:00+00:00,6.3199,-102.96,5.0,26.605515,33.52041,196.2029,6.507542471
TARA_N000003024,2011-12-10 16:25:00+00:00,6.3199,-102.96,5.0,26.605515,33.52041,196.2029,6.507542471
TARA_G100006237,2011-12-10 16:25:00+00:00,6.3199,-102.96,5.0,26.605515,33.52041,196.2029,6.507542471
TARA_G100006238,2011-12-10 16:25:00+00:00,6.3199,-102.96,5.0,26.605515,33.52041,196.2029,6.507542471
TARA_G100006191,2011-12-10 19:34:00+00:00,6.3305,-102.9464,5.0,26.605515,33.52041,196.2029,6.507542471
TARA_G100006192,2011-12-10 19:34:00+00:00,6.3305,-102.9464,5.0,26.605515,33.52041,196.2029,6.507542471
TARA_G100006185,2011-12-10 19:34:00+00:00,6.3305,-102.9464,5.0,26.605515,33.52041,196.2029,6.507542471
TARA_G100006186,2011-12-10 19:34:00+00:00,6.3305,-102.9464,5.0,26.605515,33.52041,196.2029,6.507542471
TARA_G100006177,2011-12-10 19:34:00+00:00,6.3305,-102.9464,5.0,26.605515,33.52041,196.2029,6.507542471
TARA_G100006178,2011-12-10 19:34:00+00:00,6.3305,-102.9464,5.0,26.605515,33.52041,196.2029,6.507542471
TARA_G100006175,2011-12-10 19:34:00+00:00,6.3305,-102.9464,5.0,26.605515,33.52041,196.2029,6.507542471
TARA_G100006176,2011-12-10 19:34:00+00:00,6.3305,-102.9464,5.0,26.605515,33.52041,196.2029,6.507542471
TARA_G100006183,2011-12-10 19:34:00+00:00,6.3305,-102.9464,5.0,26.605515,33.52041,196.2029,6.507542471
TARA_G100006184,2011-12-10 19:34:00+00:00,6.3305,-102.9464,5.0,26.605515,33.52041,196.2029,6.507542471
TARA_G100006189,2011-12-10 19:34:00+00:00,6.3305,-102.9464,5.0,26.605515,33.52041,196.2029,6.507542471
TARA_G100006190,2011-12-10 19:34:00+00:00,6.3305,-102.9464,5.0,26.605515,33.52041,196.2029,6.507542471
TARA_G100006187,2011-12-10 19:34:00+00:00,6.3305,-102.9464,5.0,26.605515,33.52041,196.2029,6.507542471
TARA_G100006188,2011-12-10 19:34:00+00:00,6.3305,-102.9464,5.0,26.605515,33.52041,196.2029,6.507542471
TARA_N000003003,2011-12-10 19:34:00+00:00,6.3305,-102.9464,5.0,26.605515,33.52041,196.2029,6.507542471
TARA_N000003004,2011-12-10 19:34:00+00:00,6.3305,-102.9464,5.0,26.605515,33.52041,196.2029,6.507542471
TARA_N000003021,2011-12-10 19:34:00+00:00,6.3305,-102.9464,5.0,26.605515,33.52041,196.2029,6.507542471
TARA_N000003022,2011-12-10 19:34:00+00:00,6.3305,-102.9464,5.0,26.605515,33.52041,196.2029,6.507542471
TARA_G000000789,2011-12-10 19:34:00+00:00,6.3305,-102.9464,5.0,26.605515,33.52041,196.2029,6.507542471
TARA_G000000790,2011-12-10 19:34:00+00:00,6.3305,-102.9464,5.0,26.605515,33.52041,196.2029,6.507542471
TARA_B000003155,2011-12-11 13:27:00+00:00,6.3378,-102.9538,60.0,17.291965,34.664045,41.52515,6.63935405
TARA_B000003156,2011-12-11 13:27:00+00:00,6.3378,-102.9538,60.0,17.291965,34.664045,41.52515,6.63935405
TARA_B000003157,2011-12-11 13:27:00+00:00,6.3378,-102.9538,60.0,17.291965,34.664045,41.52515,6.63935405
TARA_Y100001045,2011-12-11 13:27:00+00:00,6.3378,-102.9538,60.0,17.291965,34.664045,41.52515,6.63935405
TARA_Y100001046,2011-12-11 13:27:00+00:00,6.3378,-102.9538,60.0,17.291965,34.664045,41.52515,6.63935405
TARA_Y000000223,2011-12-11 13:27:00+00:00,6.3378,-102.9538,60.0,17.291965,34.664045,41.52515,6.63935405
TARA_Y000000224,2011-12-11 13:27:00+00:00,6.3378,-102.9538,60.0,17.291965,34.664045,41.52515,6.63935405
TARA_R100000779,2011-12-11 13:27:00+00:00,6.3378,-102.9538,60.0,17.291965,34.664045,41.52515,6.63935405
TARA_R100000780,2011-12-11 13:27:00+00:00,6.3378,-102.9538,60.0,17.291965,34.664045,41.52515,6.63935405
TARA_R000001462,2011-12-11 13:27:00+00:00,6.3378,-102.9538,60.0,17.291965,34.664045,41.52515,6.63935405
TARA_R000001463,2011-12-11 13:27:00+00:00,6.3378,-102.9538,60.0,17.291965,34.664045,41.52515,6.63935405
TARA_R000001464,2011-12-11 13:27:00+00:00,6.3378,-102.9538,60.0,17.291965,34.664045,41.52515,6.63935405
TARA_G100006217,2011-12-11 13:27:00+00:00,6.3378,-102.9538,60.0,17.291965,34.664045,41.52515,6.63935405
TARA_G100006218,2011-12-11 13:27:00+00:00,6.3378,-102.9538,60.0,17.291965,34.664045,41.52515,6.63935405
TARA_G100006213,2011-12-11 13:27:00+00:00,6.3378,-102.9538,60.0,17.291965,34.664045,41.52515,6.63935405
TARA_G100006214,2011-12-11 13:27:00+00:00,6.3378,-102.9538,60.0,17.291965,34.664045,41.52515,6.63935405
TARA_B000003151,2011-12-11 13:27:00+00:00,6.3378,-102.9538,60.0,17.291965,34.664045,41.52515,6.63935405
TARA_B000003152,2011-12-11 13:27:00+00:00,6.3378,-102.9538,60.0,17.291965,34.664045,41.52515,6.63935405
TARA_B000003153,2011-12-11 13:27:00+00:00,6.3378,-102.9538,60.0,17.291965,34.664045,41.52515,6.63935405
TARA_B000003154,2011-12-11 13:27:00+00:00,6.3378,-102.9538,60.0,17.291965,34.664045,41.52515,6.63935405
TARA_R000001459,2011-12-11 13:27:00+00:00,6.3378,-102.9538,60.0,17.291965,34.664045,41.52515,6.63935405
TARA_R000001460,2011-12-11 13:27:00+00:00,6.3378,-102.9538,60.0,17.291965,34.664045,41.52515,6.63935405
TARA_R000001461,2011-12-11 13:27:00+00:00,6.3378,-102.9538,60.0,17.291965,34.664045,41.52515,6.63935405
TARA_R000001457,2011-12-11 13:27:00+00:00,6.3378,-102.9538,60.0,17.291965,34.664045,41.52515,6.63935405
TARA_R000001458,2011-12-11 13:27:00+00:00,6.3378,-102.9538,60.0,17.291965,34.664045,41.52515,6.63935405
TARA_G000000800,2011-12-11 13:27:00+00:00,6.3378,-102.9538,60.0,17.291965,34.664045,41.52515,6.63935405
TARA_G000000801,2011-12-11 13:27:00+00:00,6.3378,-102.9538,60.0,17.291965,34.664045,41.52515,6.63935405
TARA_G000000802,2011-12-11 13:27:00+00:00,6.3378,-102.9538,60.0,17.291965,34.664045,41.52515,6.63935405
TARA_B100002000,2011-12-11 13:27:00+00:00,6.3378,-102.9538,60.0,17.291965,34.664045,41.52515,6.63935405
TARA_B100002001,2011-12-11 13:27:00+00:00,6.3378,-102.9538,60.0,17.291965,34.664045,41.52515,6.63935405
TARA_B100002002,2011-12-11 13:27:00+00:00,6.3378,-102.9538,60.0,17.291965,34.664045,41.52515,6.63935405
TARA_R100000784,2011-12-11 13:27:00+00:00,6.3378,-102.9538,60.0,17.291965,34.664045,41.52515,6.63935405
TARA_R100000785,2011-12-11 13:27:00+00:00,6.3378,-102.9538,60.0,17.291965,34.664045,41.52515,6.63935405
TARA_R100000786,2011-12-11 13:27:00+00:00,6.3378,-102.9538,60.0,17.291965,34.664045,41.52515,6.63935405
TARA_G100006215,2011-12-11 13:27:00+00:00,6.3378,-102.9538,60.0,17.291965,34.664045,41.52515,6.63935405
TARA_G100006216,2011-12-11 13:27:00+00:00,6.3378,-102.9538,60.0,17.291965,34.664045,41.52515,6.63935405
TARA_R000001454,2011-12-11 13:27:00+00:00,6.3378,-102.9538,60.0,17.291965,34.664045,41.52515,6.63935405
TARA_R000001455,2011-12-11 13:27:00+00:00,6.3378,-102.9538,60.0,17.291965,34.664045,41.52515,6.63935405
TARA_R000001456,2011-12-11 13:27:00+00:00,6.3378,-102.9538,60.0,17.291965,34.664045,41.52515,6.63935405
TARA_R100000782,2011-12-11 13:27:00+00:00,6.3378,-102.9538,60.0,17.291965,34.664045,41.52515,6.63935405
TARA_R100000783,2011-12-11 13:27:00+00:00,6.3378,-102.9538,60.0,17.291965,34.664045,41.52515,6.63935405
TARA_G100006205,2011-12-11 13:27:00+00:00,6.3378,-102.9538,60.0,17.291965,34.664045,41.52515,6.63935405
TARA_G100006206,2011-12-11 13:27:00+00:00,6.3378,-102.9538,60.0,17.291965,34.664045,41.52515,6.63935405
TARA_B100001998,2011-12-11 13:27:00+00:00,6.3378,-102.9538,60.0,17.291965,34.664045,41.52515,6.63935405
TARA_B100001999,2011-12-11 13:27:00+00:00,6.3378,-102.9538,60.0,17.291965,34.664045,41.52515,6.63935405
TARA_B000003142,2011-12-11 13:27:00+00:00,6.3378,-102.9538,60.0,17.291965,34.664045,41.52515,6.63935405
TARA_B000003143,2011-12-11 13:27:00+00:00,6.3378,-102.9538,60.0,17.291965,34.664045,41.52515,6.63935405
TARA_N000003009,2011-12-11 13:27:00+00:00,6.3378,-102.9538,60.0,17.291965,34.664045,41.52515,6.63935405
TARA_N000003010,2011-12-11 13:27:00+00:00,6.3378,-102.9538,60.0,17.291965,34.664045,41.52515,6.63935405
TARA_N000003011,2011-12-11 13:27:00+00:00,6.3378,-102.9538,60.0,17.291965,34.664045,41.52515,6.63935405
TARA_N000003012,2011-12-11 13:27:00+00:00,6.3378,-102.9538,60.0,17.291965,34.664045,41.52515,6.63935405
TARA_N000003027,2011-12-11 13:27:00+00:00,6.3378,-102.9538,60.0,17.291965,34.664045,41.52515,6.63935405
TARA_N000003028,2011-12-11 13:27:00+00:00,6.3378,-102.9538,60.0,17.291965,34.664045,41.52515,6.63935405
TARA_B000003140,2011-12-11 13:27:00+00:00,6.3378,-102.9538,60.0,17.291965,34.664045,41.52515,6.63935405
TARA_B000003141,2011-12-11 13:27:00+00:00,6.3378,-102.9538,60.0,17.291965,34.664045,41.52515,6.63935405
TARA_B100001996,2011-12-11 13:27:00+00:00,6.3378,-102.9538,60.0,17.291965,34.664045,41.52515,6.63935405
TARA_B100001997,2011-12-11 13:27:00+00:00,6.3378,-102.9538,60.0,17.291965,34.664045,41.52515,6.63935405
TARA_Y100001044,2011-12-11 13:27:00+00:00,6.3378,-102.9538,60.0,17.291965,34.664045,41.52515,6.63935405
TARA_Y100001043,2011-12-11 13:27:00+00:00,6.3378,-102.9538,60.0,17.291965,34.664045,41.52515,6.63935405
TARA_Y100001042,2011-12-11 13:27:00+00:00,6.3378,-102.9538,60.0,17.291965,34.664045,41.52515,6.63935405
TARA_R100000781,2011-12-11 13:27:00+00:00,6.3378,-102.9538,60.0,17.291965,34.664045,41.52515,6.63935405
TARA_G000000798,2011-12-11 13:27:00+00:00,6.3378,-102.9538,60.0,17.291965,34.664045,41.52515,6.63935405
TARA_G000000799,2011-12-11 13:27:00+00:00,6.3378,-102.9538,60.0,17.291965,34.664045,41.52515,6.63935405
TARA_G100006201,2011-12-11 16:27:00+00:00,6.3356,-103.0399,60.0,17.696795,34.65179,45.54665,6.63935405
TARA_G100006202,2011-12-11 16:27:00+00:00,6.3356,-103.0399,60.0,17.696795,34.65179,45.54665,6.63935405
TARA_G100006195,2011-12-11 16:27:00+00:00,6.3356,-103.0399,60.0,17.696795,34.65179,45.54665,6.63935405
TARA_G100006196,2011-12-11 16:27:00+00:00,6.3356,-103.0399,60.0,17.696795,34.65179,45.54665,6.63935405
TARA_G100006181,2011-12-11 16:27:00+00:00,6.3356,-103.0399,60.0,17.696795,34.65179,45.54665,6.63935405
TARA_G100006182,2011-12-11 16:27:00+00:00,6.3356,-103.0399,60.0,17.696795,34.65179,45.54665,6.63935405
TARA_G100006179,2011-12-11 16:27:00+00:00,6.3356,-103.0399,60.0,17.696795,34.65179,45.54665,6.63935405
TARA_G100006180,2011-12-11 16:27:00+00:00,6.3356,-103.0399,60.0,17.696795,34.65179,45.54665,6.63935405
TARA_G100006193,2011-12-11 16:27:00+00:00,6.3356,-103.0399,60.0,17.696795,34.65179,45.54665,6.63935405
TARA_G100006194,2011-12-11 16:27:00+00:00,6.3356,-103.0399,60.0,17.696795,34.65179,45.54665,6.63935405
TARA_G100006199,2011-12-11 16:27:00+00:00,6.3356,-103.0399,60.0,17.696795,34.65179,45.54665,6.63935405
TARA_G100006200,2011-12-11 16:27:00+00:00,6.3356,-103.0399,60.0,17.696795,34.65179,45.54665,6.63935405
TARA_G100006197,2011-12-11 16:27:00+00:00,6.3356,-103.0399,60.0,17.696795,34.65179,45.54665,6.63935405
TARA_G100006198,2011-12-11 16:27:00+00:00,6.3356,-103.0399,60.0,17.696795,34.65179,45.54665,6.63935405
TARA_N000003013,2011-12-11 16:27:00+00:00,6.3356,-103.0399,60.0,17.696795,34.65179,45.54665,6.63935405
TARA_N000003014,2011-12-11 16:27:00+00:00,6.3356,-103.0399,60.0,17.696795,34.65179,45.54665,6.63935405
TARA_N000003029,2011-12-11 16:27:00+00:00,6.3356,-103.0399,60.0,17.696795,34.65179,45.54665,6.63935405
TARA_N000003030,2011-12-11 16:27:00+00:00,6.3356,-103.0399,60.0,17.696795,34.65179,45.54665,6.63935405
TARA_G000000791,2011-12-11 16:27:00+00:00,6.3356,-103.0399,60.0,17.696795,34.65179,45.54665,6.63935405
TARA_G000000792,2011-12-11 16:27:00+00:00,6.3356,-103.0399,60.0,17.696795,34.65179,45.54665,6.63935405
TARA_G100007436,2011-12-11 17:39:00+00:00,6.3363,-103.0746,60.0,17.696795,34.65179,45.54665,6.63935405
TARA_G100007437,2011-12-11 17:39:00+00:00,6.3363,-103.0746,60.0,17.696795,34.65179,45.54665,6.63935405
TARA_G100006252,2011-12-11 17:39:00+00:00,6.3363,-103.0746,60.0,17.696795,34.65179,45.54665,6.63935405
TARA_G100006247,2011-12-11 17:39:00+00:00,6.3363,-103.0746,60.0,17.696795,34.65179,45.54665,6.63935405
TARA_G100007438,2011-12-11 17:39:00+00:00,6.3363,-103.0746,60.0,17.696795,34.65179,45.54665,6.63935405
TARA_G100006250,2011-12-11 17:39:00+00:00,6.3363,-103.0746,60.0,17.696795,34.65179,45.54665,6.63935405
TARA_G100006251,2011-12-11 17:39:00+00:00,6.3363,-103.0746,60.0,17.696795,34.65179,45.54665,6.63935405
TARA_N000003017,2011-12-11 17:39:00+00:00,6.3363,-103.0746,60.0,17.696795,34.65179,45.54665,6.63935405
TARA_N000003018,2011-12-11 17:39:00+00:00,6.3363,-103.0746,60.0,17.696795,34.65179,45.54665,6.63935405
TARA_N000003033,2011-12-11 17:39:00+00:00,6.3363,-103.0746,60.0,17.696795,34.65179,45.54665,6.63935405
TARA_N000003034,2011-12-11 17:39:00+00:00,6.3363,-103.0746,60.0,17.696795,34.65179,45.54665,6.63935405
TARA_G100006248,2011-12-11 17:39:00+00:00,6.3363,-103.0746,60.0,17.696795,34.65179,45.54665,6.63935405
TARA_G100006249,2011-12-11 17:39:00+00:00,6.3363,-103.0746,60.0,17.696795,34.65179,45.54665,6.63935405
TARA_G100006227,2011-12-11 19:45:00+00:00,6.339,-103.0344,60.0,17.45915,34.66514,43.3002,6.63935405
TARA_G100006228,2011-12-11 19:45:00+00:00,6.339,-103.0344,60.0,17.45915,34.66514,43.3002,6.63935405
TARA_G100006231,2011-12-11 19:45:00+00:00,6.339,-103.0344,60.0,17.45915,34.66514,43.3002,6.63935405
TARA_G100006232,2011-12-11 19:45:00+00:00,6.339,-103.0344,60.0,17.45915,34.66514,43.3002,6.63935405
TARA_G100006241,2011-12-11 19:45:00+00:00,6.339,-103.0344,60.0,17.45915,34.66514,43.3002,6.63935405
TARA_G100006242,2011-12-11 19:45:00+00:00,6.339,-103.0344,60.0,17.45915,34.66514,43.3002,6.63935405
TARA_G100006245,2011-12-11 19:45:00+00:00,6.339,-103.0344,60.0,17.45915,34.66514,43.3002,6.63935405
TARA_G100006246,2011-12-11 19:45:00+00:00,6.339,-103.0344,60.0,17.45915,34.66514,43.3002,6.63935405
TARA_G100006229,2011-12-11 19:45:00+00:00,6.339,-103.0344,60.0,17.45915,34.66514,43.3002,6.63935405
TARA_G100006230,2011-12-11 19:45:00+00:00,6.339,-103.0344,60.0,17.45915,34.66514,43.3002,6.63935405
TARA_G100006233,2011-12-11 19:45:00+00:00,6.339,-103.0344,60.0,17.45915,34.66514,43.3002,6.63935405
TARA_G100006234,2011-12-11 19:45:00+00:00,6.339,-103.0344,60.0,17.45915,34.66514,43.3002,6.63935405
TARA_N000003015,2011-12-11 19:45:00+00:00,6.339,-103.0344,60.0,17.45915,34.66514,43.3002,6.63935405
TARA_N000003016,2011-12-11 19:45:00+00:00,6.339,-103.0344,60.0,17.45915,34.66514,43.3002,6.63935405
TARA_N000003031,2011-12-11 19:45:00+00:00,6.339,-103.0344,60.0,17.45915,34.66514,43.3002,6.63935405
TARA_N000003032,2011-12-11 19:45:00+00:00,6.339,-103.0344,60.0,17.45915,34.66514,43.3002,6.63935405
TARA_G100006243,2011-12-11 19:45:00+00:00,6.339,-103.0344,60.0,17.45915,34.66514,43.3002,6.63935405
TARA_G100006244,2011-12-11 19:45:00+00:00,6.339,-103.0344,60.0,17.45915,34.66514,43.3002,6.63935405
TARA_B000003166,2011-12-11 20:37:00+00:00,6.3559,-103.0598,450.0,8.149894,34.608919,1.013313,6.281538192
TARA_B000003167,2011-12-11 20:37:00+00:00,6.3559,-103.0598,450.0,8.149894,34.608919,1.013313,6.281538192
TARA_B000003168,2011-12-11 20:37:00+00:00,6.3559,-103.0598,450.0,8.149894,34.608919,1.013313,6.281538192
TARA_B000003169,2011-12-11 20:37:00+00:00,6.3559,-103.0598,450.0,8.149894,34.608919,1.013313,6.281538192
TARA_Y100001050,2011-12-11 20:37:00+00:00,6.3559,-103.0598,450.0,8.149894,34.608919,1.013313,6.281538192
TARA_Y100001051,2011-12-11 20:37:00+00:00,6.3559,-103.0598,450.0,8.149894,34.608919,1.013313,6.281538192
TARA_Y000000225,2011-12-11 20:37:00+00:00,6.3559,-103.0598,450.0,8.149894,34.608919,1.013313,6.281538192
TARA_Y000000226,2011-12-11 20:37:00+00:00,6.3559,-103.0598,450.0,8.149894,34.608919,1.013313,6.281538192
TARA_R100000787,2011-12-11 20:37:00+00:00,6.3559,-103.0598,450.0,8.149894,34.608919,1.013313,6.281538192
TARA_R100000788,2011-12-11 20:37:00+00:00,6.3559,-103.0598,450.0,8.149894,34.608919,1.013313,6.281538192
TARA_R000001473,2011-12-11 20:37:00+00:00,6.3559,-103.0598,450.0,8.149894,34.608919,1.013313,6.281538192
TARA_R000001474,2011-12-11 20:37:00+00:00,6.3559,-103.0598,450.0,8.149894,34.608919,1.013313,6.281538192
TARA_R000001475,2011-12-11 20:37:00+00:00,6.3559,-103.0598,450.0,8.149894,34.608919,1.013313,6.281538192
TARA_G100007416,2011-12-11 20:37:00+00:00,6.3559,-103.0598,450.0,8.149894,34.608919,1.013313,6.281538192
TARA_G100007417,2011-12-11 20:37:00+00:00,6.3559,-103.0598,450.0,8.149894,34.608919,1.013313,6.281538192
TARA_G100007424,2011-12-11 20:37:00+00:00,6.3559,-103.0598,450.0,8.149894,34.608919,1.013313,6.281538192
TARA_G100007425,2011-12-11 20:37:00+00:00,6.3559,-103.0598,450.0,8.149894,34.608919,1.013313,6.281538192
TARA_B000003162,2011-12-11 20:37:00+00:00,6.3559,-103.0598,450.0,8.149894,34.608919,1.013313,6.281538192
TARA_B000003163,2011-12-11 20:37:00+00:00,6.3559,-103.0598,450.0,8.149894,34.608919,1.013313,6.281538192
TARA_B000003164,2011-12-11 20:37:00+00:00,6.3559,-103.0598,450.0,8.149894,34.608919,1.013313,6.281538192
TARA_B000003165,2011-12-11 20:37:00+00:00,6.3559,-103.0598,450.0,8.149894,34.608919,1.013313,6.281538192
TARA_R000001470,2011-12-11 20:37:00+00:00,6.3559,-103.0598,450.0,8.149894,34.608919,1.013313,6.281538192
TARA_R000001471,2011-12-11 20:37:00+00:00,6.3559,-103.0598,450.0,8.149894,34.608919,1.013313,6.281538192
TARA_R000001472,2011-12-11 20:37:00+00:00,6.3559,-103.0598,450.0,8.149894,34.608919,1.013313,6.281538192
TARA_R000001468,2011-12-11 20:37:00+00:00,6.3559,-103.0598,450.0,8.149894,34.608919,1.013313,6.281538192
TARA_R000001469,2011-12-11 20:37:00+00:00,6.3559,-103.0598,450.0,8.149894,34.608919,1.013313,6.281538192
TARA_G000000768,2011-12-11 20:37:00+00:00,6.3559,-103.0598,450.0,8.149894,34.608919,1.013313,6.281538192
TARA_G000000769,2011-12-11 20:37:00+00:00,6.3559,-103.0598,450.0,8.149894,34.608919,1.013313,6.281538192
TARA_G000000770,2011-12-11 20:37:00+00:00,6.3559,-103.0598,450.0,8.149894,34.608919,1.013313,6.281538192
TARA_G100007422,2011-12-11 20:37:00+00:00,6.3559,-103.0598,450.0,8.149894,34.608919,1.013313,6.281538192
TARA_G100007423,2011-12-11 20:37:00+00:00,6.3559,-103.0598,450.0,8.149894,34.608919,1.013313,6.281538192
TARA_G100007426,2011-12-11 20:37:00+00:00,6.3559,-103.0598,450.0,8.149894,34.608919,1.013313,6.281538192
TARA_G100007418,2011-12-11 20:37:00+00:00,6.3559,-103.0598,450.0,8.149894,34.608919,1.013313,6.281538192
TARA_G100007419,2011-12-11 20:37:00+00:00,6.3559,-103.0598,450.0,8.149894,34.608919,1.013313,6.281538192
TARA_B100002007,2011-12-11 20:37:00+00:00,6.3559,-103.0598,450.0,8.149894,34.608919,1.013313,6.281538192
TARA_B100002008,2011-12-11 20:37:00+00:00,6.3559,-103.0598,450.0,8.149894,34.608919,1.013313,6.281538192
TARA_B100002009,2011-12-11 20:37:00+00:00,6.3559,-103.0598,450.0,8.149894,34.608919,1.013313,6.281538192
TARA_R100000730,2011-12-11 20:37:00+00:00,6.3559,-103.0598,450.0,8.149894,34.608919,1.013313,6.281538192
TARA_R100000731,2011-12-11 20:37:00+00:00,6.3559,-103.0598,450.0,8.149894,34.608919,1.013313,6.281538192
TARA_G100007420,2011-12-11 20:37:00+00:00,6.3559,-103.0598,450.0,8.149894,34.608919,1.013313,6.281538192
TARA_G100007421,2011-12-11 20:37:00+00:00,6.3559,-103.0598,450.0,8.149894,34.608919,1.013313,6.281538192
TARA_R000001465,2011-12-11 20:37:00+00:00,6.3559,-103.0598,450.0,8.149894,34.608919,1.013313,6.281538192
TARA_R000001466,2011-12-11 20:37:00+00:00,6.3559,-103.0598,450.0,8.149894,34.608919,1.013313,6.281538192
TARA_R000001467,2011-12-11 20:37:00+00:00,6.3559,-103.0598,450.0,8.149894,34.608919,1.013313,6.281538192
TARA_R100000790,2011-12-11 20:37:00+00:00,6.3559,-103.0598,450.0,8.149894,34.608919,1.013313,6.281538192
TARA_R100000791,2011-12-11 20:37:00+00:00,6.3559,-103.0598,450.0,8.149894,34.608919,1.013313,6.281538192
TARA_B100002005,2011-12-11 20:37:00+00:00,6.3559,-103.0598,450.0,8.149894,34.608919,1.013313,6.281538192
TARA_B100002006,2011-12-11 20:37:00+00:00,6.3559,-103.0598,450.0,8.149894,34.608919,1.013313,6.281538192
TARA_B000003160,2011-12-11 20:37:00+00:00,6.3559,-103.0598,450.0,8.149894,34.608919,1.013313,6.281538192
TARA_B000003161,2011-12-11 20:37:00+00:00,6.3559,-103.0598,450.0,8.149894,34.608919,1.013313,6.281538192
TARA_N000002996,2011-12-11 20:37:00+00:00,6.3559,-103.0598,450.0,8.149894,34.608919,1.013313,6.281538192
TARA_N000002998,2011-12-11 20:37:00+00:00,6.3559,-103.0598,450.0,8.149894,34.608919,1.013313,6.281538192
TARA_N000002995,2011-12-11 20:37:00+00:00,6.3559,-103.0598,450.0,8.149894,34.608919,1.013313,6.281538192
TARA_N000002997,2011-12-11 20:37:00+00:00,6.3559,-103.0598,450.0,8.149894,34.608919,1.013313,6.281538192
TARA_B000003158,2011-12-11 20:37:00+00:00,6.3559,-103.0598,450.0,8.149894,34.608919,1.013313,6.281538192
TARA_B000003159,2011-12-11 20:37:00+00:00,6.3559,-103.0598,450.0,8.149894,34.608919,1.013313,6.281538192
TARA_B100002003,2011-12-11 20:37:00+00:00,6.3559,-103.0598,450.0,8.149894,34.608919,1.013313,6.281538192
TARA_B100002004,2011-12-11 20:37:00+00:00,6.3559,-103.0598,450.0,8.149894,34.608919,1.013313,6.281538192
TARA_Y100001049,2011-12-11 20:37:00+00:00,6.3559,-103.0598,450.0,8.149894,34.608919,1.013313,6.281538192
TARA_Y100001048,2011-12-11 20:37:00+00:00,6.3559,-103.0598,450.0,8.149894,34.608919,1.013313,6.281538192
TARA_Y100001047,2011-12-11 20:37:00+00:00,6.3559,-103.0598,450.0,8.149894,34.608919,1.013313,6.281538192
TARA_R100000789,2011-12-11 20:37:00+00:00,6.3559,-103.0598,450.0,8.149894,34.608919,1.013313,6.281538192
TARA_G000000766,2011-12-11 20:37:00+00:00,6.3559,-103.0598,450.0,8.149894,34.608919,1.013313,6.281538192
TARA_G000000767,2011-12-11 20:37:00+00:00,6.3559,-103.0598,450.0,8.149894,34.608919,1.013313,6.281538192
TARA_B000003191,2011-12-21 16:20:00+00:00,7.4122,-79.3017,5.0,26.555663,28.922675,205.411,6.725136374
TARA_B000003192,2011-12-21 16:20:00+00:00,7.4122,-79.3017,5.0,26.555663,28.922675,205.411,6.725136374
TARA_B000003193,2011-12-21 16:20:00+00:00,7.4122,-79.3017,5.0,26.555663,28.922675,205.411,6.725136374
TARA_Y100001060,2011-12-21 16:20:00+00:00,7.4122,-79.3017,5.0,26.555663,28.922675,205.411,6.725136374
TARA_Y100001061,2011-12-21 16:20:00+00:00,7.4122,-79.3017,5.0,26.555663,28.922675,205.411,6.725136374
TARA_Y000000229,2011-12-21 16:20:00+00:00,7.4122,-79.3017,5.0,26.555663,28.922675,205.411,6.725136374
TARA_Y000000230,2011-12-21 16:20:00+00:00,7.4122,-79.3017,5.0,26.555663,28.922675,205.411,6.725136374
TARA_R100001762,2011-12-21 16:20:00+00:00,7.4122,-79.3017,5.0,26.555663,28.922675,205.411,6.725136374
TARA_R100001763,2011-12-21 16:20:00+00:00,7.4122,-79.3017,5.0,26.555663,28.922675,205.411,6.725136374
TARA_R000001495,2011-12-21 16:20:00+00:00,7.4122,-79.3017,5.0,26.555663,28.922675,205.411,6.725136374
TARA_R000001496,2011-12-21 16:20:00+00:00,7.4122,-79.3017,5.0,26.555663,28.922675,205.411,6.725136374
TARA_R000001497,2011-12-21 16:20:00+00:00,7.4122,-79.3017,5.0,26.555663,28.922675,205.411,6.725136374
TARA_G100005988,2011-12-21 16:20:00+00:00,7.4122,-79.3017,5.0,26.555663,28.922675,205.411,6.725136374
TARA_G100005989,2011-12-21 16:20:00+00:00,7.4122,-79.3017,5.0,26.555663,28.922675,205.411,6.725136374
TARA_G100005984,2011-12-21 16:20:00+00:00,7.4122,-79.3017,5.0,26.555663,28.922675,205.411,6.725136374
TARA_G100005985,2011-12-21 16:20:00+00:00,7.4122,-79.3017,5.0,26.555663,28.922675,205.411,6.725136374
TARA_B000003187,2011-12-21 16:20:00+00:00,7.4122,-79.3017,5.0,26.555663,28.922675,205.411,6.725136374
TARA_B000003188,2011-12-21 16:20:00+00:00,7.4122,-79.3017,5.0,26.555663,28.922675,205.411,6.725136374
TARA_B000003189,2011-12-21 16:20:00+00:00,7.4122,-79.3017,5.0,26.555663,28.922675,205.411,6.725136374
TARA_B000003190,2011-12-21 16:20:00+00:00,7.4122,-79.3017,5.0,26.555663,28.922675,205.411,6.725136374
TARA_R000001492,2011-12-21 16:20:00+00:00,7.4122,-79.3017,5.0,26.555663,28.922675,205.411,6.725136374
TARA_R000001493,2011-12-21 16:20:00+00:00,7.4122,-79.3017,5.0,26.555663,28.922675,205.411,6.725136374
TARA_R000001494,2011-12-21 16:20:00+00:00,7.4122,-79.3017,5.0,26.555663,28.922675,205.411,6.725136374
TARA_R000001490,2011-12-21 16:20:00+00:00,7.4122,-79.3017,5.0,26.555663,28.922675,205.411,6.725136374
TARA_R000001491,2011-12-21 16:20:00+00:00,7.4122,-79.3017,5.0,26.555663,28.922675,205.411,6.725136374
TARA_G000000779,2011-12-21 16:20:00+00:00,7.4122,-79.3017,5.0,26.555663,28.922675,205.411,6.725136374
TARA_G000000780,2011-12-21 16:20:00+00:00,7.4122,-79.3017,5.0,26.555663,28.922675,205.411,6.725136374
TARA_G000000781,2011-12-21 16:20:00+00:00,7.4122,-79.3017,5.0,26.555663,28.922675,205.411,6.725136374
TARA_B100002021,2011-12-21 16:20:00+00:00,7.4122,-79.3017,5.0,26.555663,28.922675,205.411,6.725136374
TARA_B100002022,2011-12-21 16:20:00+00:00,7.4122,-79.3017,5.0,26.555663,28.922675,205.411,6.725136374
TARA_B100002023,2011-12-21 16:20:00+00:00,7.4122,-79.3017,5.0,26.555663,28.922675,205.411,6.725136374
TARA_R100001767,2011-12-21 16:20:00+00:00,7.4122,-79.3017,5.0,26.555663,28.922675,205.411,6.725136374
TARA_R100001768,2011-12-21 16:20:00+00:00,7.4122,-79.3017,5.0,26.555663,28.922675,205.411,6.725136374
TARA_R100001769,2011-12-21 16:20:00+00:00,7.4122,-79.3017,5.0,26.555663,28.922675,205.411,6.725136374
TARA_G100005986,2011-12-21 16:20:00+00:00,7.4122,-79.3017,5.0,26.555663,28.922675,205.411,6.725136374
TARA_G100005987,2011-12-21 16:20:00+00:00,7.4122,-79.3017,5.0,26.555663,28.922675,205.411,6.725136374
TARA_R000001487,2011-12-21 16:20:00+00:00,7.4122,-79.3017,5.0,26.555663,28.922675,205.411,6.725136374
TARA_R000001488,2011-12-21 16:20:00+00:00,7.4122,-79.3017,5.0,26.555663,28.922675,205.411,6.725136374
TARA_R000001489,2011-12-21 16:20:00+00:00,7.4122,-79.3017,5.0,26.555663,28.922675,205.411,6.725136374
TARA_R100001765,2011-12-21 16:20:00+00:00,7.4122,-79.3017,5.0,26.555663,28.922675,205.411,6.725136374
TARA_R100001766,2011-12-21 16:20:00+00:00,7.4122,-79.3017,5.0,26.555663,28.922675,205.411,6.725136374
TARA_G100005982,2011-12-21 16:20:00+00:00,7.4122,-79.3017,5.0,26.555663,28.922675,205.411,6.725136374
TARA_G100005983,2011-12-21 16:20:00+00:00,7.4122,-79.3017,5.0,26.555663,28.922675,205.411,6.725136374
TARA_B100002019,2011-12-21 16:20:00+00:00,7.4122,-79.3017,5.0,26.555663,28.922675,205.411,6.725136374
TARA_B100002020,2011-12-21 16:20:00+00:00,7.4122,-79.3017,5.0,26.555663,28.922675,205.411,6.725136374
TARA_B000003185,2011-12-21 16:20:00+00:00,7.4122,-79.3017,5.0,26.555663,28.922675,205.411,6.725136374
TARA_B000003186,2011-12-21 16:20:00+00:00,7.4122,-79.3017,5.0,26.555663,28.922675,205.411,6.725136374
TARA_N000003055,2011-12-21 16:20:00+00:00,7.4122,-79.3017,5.0,26.555663,28.922675,205.411,6.725136374
TARA_N000003056,2011-12-21 16:20:00+00:00,7.4122,-79.3017,5.0,26.555663,28.922675,205.411,6.725136374
TARA_N000003057,2011-12-21 16:20:00+00:00,7.4122,-79.3017,5.0,26.555663,28.922675,205.411,6.725136374
TARA_N000003058,2011-12-21 16:20:00+00:00,7.4122,-79.3017,5.0,26.555663,28.922675,205.411,6.725136374
TARA_N000003065,2011-12-21 16:20:00+00:00,7.4122,-79.3017,5.0,26.555663,28.922675,205.411,6.725136374
TARA_N000003066,2011-12-21 16:20:00+00:00,7.4122,-79.3017,5.0,26.555663,28.922675,205.411,6.725136374
TARA_B000003183,2011-12-21 16:20:00+00:00,7.4122,-79.3017,5.0,26.555663,28.922675,205.411,6.725136374
TARA_B000003184,2011-12-21 16:20:00+00:00,7.4122,-79.3017,5.0,26.555663,28.922675,205.411,6.725136374
TARA_B100002017,2011-12-21 16:20:00+00:00,7.4122,-79.3017,5.0,26.555663,28.922675,205.411,6.725136374
TARA_B100002018,2011-12-21 16:20:00+00:00,7.4122,-79.3017,5.0,26.555663,28.922675,205.411,6.725136374
TARA_Y100001059,2011-12-21 16:20:00+00:00,7.4122,-79.3017,5.0,26.555663,28.922675,205.411,6.725136374
TARA_Y100001058,2011-12-21 16:20:00+00:00,7.4122,-79.3017,5.0,26.555663,28.922675,205.411,6.725136374
TARA_Y100001057,2011-12-21 16:20:00+00:00,7.4122,-79.3017,5.0,26.555663,28.922675,205.411,6.725136374
TARA_R100001764,2011-12-21 16:20:00+00:00,7.4122,-79.3017,5.0,26.555663,28.922675,205.411,6.725136374
TARA_G000000777,2011-12-21 16:20:00+00:00,7.4122,-79.3017,5.0,26.555663,28.922675,205.411,6.725136374
TARA_G000000778,2011-12-21 16:20:00+00:00,7.4122,-79.3017,5.0,26.555663,28.922675,205.411,6.725136374
TARA_G100006128,2011-12-21 17:26:00+00:00,7.4161,-79.3071,5.0,26.555663,28.922675,205.411,6.725136374
TARA_G100006129,2011-12-21 17:26:00+00:00,7.4161,-79.3071,5.0,26.555663,28.922675,205.411,6.725136374
TARA_G100006122,2011-12-21 17:26:00+00:00,7.4161,-79.3071,5.0,26.555663,28.922675,205.411,6.725136374
TARA_G100006123,2011-12-21 17:26:00+00:00,7.4161,-79.3071,5.0,26.555663,28.922675,205.411,6.725136374
TARA_G100006118,2011-12-21 17:26:00+00:00,7.4161,-79.3071,5.0,26.555663,28.922675,205.411,6.725136374
TARA_G100006119,2011-12-21 17:26:00+00:00,7.4161,-79.3071,5.0,26.555663,28.922675,205.411,6.725136374
TARA_G100006116,2011-12-21 17:26:00+00:00,7.4161,-79.3071,5.0,26.555663,28.922675,205.411,6.725136374
TARA_G100006117,2011-12-21 17:26:00+00:00,7.4161,-79.3071,5.0,26.555663,28.922675,205.411,6.725136374
TARA_G100006120,2011-12-21 17:26:00+00:00,7.4161,-79.3071,5.0,26.555663,28.922675,205.411,6.725136374
TARA_G100006121,2011-12-21 17:26:00+00:00,7.4161,-79.3071,5.0,26.555663,28.922675,205.411,6.725136374
TARA_G100006126,2011-12-21 17:26:00+00:00,7.4161,-79.3071,5.0,26.555663,28.922675,205.411,6.725136374
TARA_G100006127,2011-12-21 17:26:00+00:00,7.4161,-79.3071,5.0,26.555663,28.922675,205.411,6.725136374
TARA_G100006125,2011-12-21 17:26:00+00:00,7.4161,-79.3071,5.0,26.555663,28.922675,205.411,6.725136374
TARA_N000003059,2011-12-21 17:26:00+00:00,7.4161,-79.3071,5.0,26.555663,28.922675,205.411,6.725136374
TARA_N000003060,2011-12-21 17:26:00+00:00,7.4161,-79.3071,5.0,26.555663,28.922675,205.411,6.725136374
TARA_N000003067,2011-12-21 17:26:00+00:00,7.4161,-79.3071,5.0,26.555663,28.922675,205.411,6.725136374
TARA_N000003068,2011-12-21 17:26:00+00:00,7.4161,-79.3071,5.0,26.555663,28.922675,205.411,6.725136374
TARA_G000000775,2011-12-21 17:26:00+00:00,7.4161,-79.3071,5.0,26.555663,28.922675,205.411,6.725136374
TARA_G000000776,2011-12-21 17:26:00+00:00,7.4161,-79.3071,5.0,26.555663,28.922675,205.411,6.725136374
TARA_G100006102,2011-12-21 18:53:00+00:00,7.4169,-79.317,5.0,26.555663,28.922675,205.411,6.725136374
TARA_G100006103,2011-12-21 18:53:00+00:00,7.4169,-79.317,5.0,26.555663,28.922675,205.411,6.725136374
TARA_G100006106,2011-12-21 18:53:00+00:00,7.4169,-79.317,5.0,26.555663,28.922675,205.411,6.725136374
TARA_G100006107,2011-12-21 18:53:00+00:00,7.4169,-79.317,5.0,26.555663,28.922675,205.411,6.725136374
TARA_G100006110,2011-12-21 18:53:00+00:00,7.4169,-79.317,5.0,26.555663,28.922675,205.411,6.725136374
TARA_G100006111,2011-12-21 18:53:00+00:00,7.4169,-79.317,5.0,26.555663,28.922675,205.411,6.725136374
TARA_G100006114,2011-12-21 18:53:00+00:00,7.4169,-79.317,5.0,26.555663,28.922675,205.411,6.725136374
TARA_G100006115,2011-12-21 18:53:00+00:00,7.4169,-79.317,5.0,26.555663,28.922675,205.411,6.725136374
TARA_G100006104,2011-12-21 18:53:00+00:00,7.4169,-79.317,5.0,26.555663,28.922675,205.411,6.725136374
TARA_G100006105,2011-12-21 18:53:00+00:00,7.4169,-79.317,5.0,26.555663,28.922675,205.411,6.725136374
TARA_G100006108,2011-12-21 18:53:00+00:00,7.4169,-79.317,5.0,26.555663,28.922675,205.411,6.725136374
TARA_G100006109,2011-12-21 18:53:00+00:00,7.4169,-79.317,5.0,26.555663,28.922675,205.411,6.725136374
TARA_N000003061,2011-12-21 18:53:00+00:00,7.4169,-79.317,5.0,26.555663,28.922675,205.411,6.725136374
TARA_N000003062,2011-12-21 18:53:00+00:00,7.4169,-79.317,5.0,26.555663,28.922675,205.411,6.725136374
TARA_N000003069,2011-12-21 18:53:00+00:00,7.4169,-79.317,5.0,26.555663,28.922675,205.411,6.725136374
TARA_N000003070,2011-12-21 18:53:00+00:00,7.4169,-79.317,5.0,26.555663,28.922675,205.411,6.725136374
TARA_G100006112,2011-12-21 18:53:00+00:00,7.4169,-79.317,5.0,26.555663,28.922675,205.411,6.725136374
TARA_G100006113,2011-12-21 18:53:00+00:00,7.4169,-79.317,5.0,26.555663,28.922675,205.411,6.725136374
TARA_G100006093,2011-12-21 20:53:00+00:00,7.4236,-79.3211,5.0,26.555663,28.922675,205.411,6.725136374
TARA_G100006094,2011-12-21 20:53:00+00:00,7.4236,-79.3211,5.0,26.555663,28.922675,205.411,6.725136374
TARA_G100006101,2011-12-21 20:53:00+00:00,7.4236,-79.3211,5.0,26.555663,28.922675,205.411,6.725136374
TARA_G100006095,2011-12-21 20:53:00+00:00,7.4236,-79.3211,5.0,26.555663,28.922675,205.411,6.725136374
TARA_G100006096,2011-12-21 20:53:00+00:00,7.4236,-79.3211,5.0,26.555663,28.922675,205.411,6.725136374
TARA_G100006099,2011-12-21 20:53:00+00:00,7.4236,-79.3211,5.0,26.555663,28.922675,205.411,6.725136374
TARA_G100006100,2011-12-21 20:53:00+00:00,7.4236,-79.3211,5.0,26.555663,28.922675,205.411,6.725136374
TARA_N000003063,2011-12-21 20:53:00+00:00,7.4236,-79.3211,5.0,26.555663,28.922675,205.411,6.725136374
TARA_N000003064,2011-12-21 20:53:00+00:00,7.4236,-79.3211,5.0,26.555663,28.922675,205.411,6.725136374
TARA_N000003071,2011-12-21 20:53:00+00:00,7.4236,-79.3211,5.0,26.555663,28.922675,205.411,6.725136374
TARA_N000003072,2011-12-21 20:53:00+00:00,7.4236,-79.3211,5.0,26.555663,28.922675,205.411,6.725136374
TARA_G100006097,2011-12-21 20:53:00+00:00,7.4236,-79.3211,5.0,26.555663,28.922675,205.411,6.725136374
TARA_G100006098,2011-12-21 20:53:00+00:00,7.4236,-79.3211,5.0,26.555663,28.922675,205.411,6.725136374
TARA_B000003206,2011-12-30 13:35:00+00:00,9.8481,-80.0454,5.0,27.1673,34.80515,195.502875,6.680022301
TARA_B000003207,2011-12-30 13:35:00+00:00,9.8481,-80.0454,5.0,27.1673,34.80515,195.502875,6.680022301
TARA_B000003208,2011-12-30 13:35:00+00:00,9.8481,-80.0454,5.0,27.1673,34.80515,195.502875,6.680022301
TARA_Y100000605,2011-12-30 13:35:00+00:00,9.8481,-80.0454,5.0,27.1673,34.80515,195.502875,6.680022301
TARA_Y100000606,2011-12-30 13:35:00+00:00,9.8481,-80.0454,5.0,27.1673,34.80515,195.502875,6.680022301
TARA_Y000000475,2011-12-30 13:35:00+00:00,9.8481,-80.0454,5.0,27.1673,34.80515,195.502875,6.680022301
TARA_Y000000476,2011-12-30 13:35:00+00:00,9.8481,-80.0454,5.0,27.1673,34.80515,195.502875,6.680022301
TARA_R100001774,2011-12-30 13:35:00+00:00,9.8481,-80.0454,5.0,27.1673,34.80515,195.502875,6.680022301
TARA_R100001775,2011-12-30 13:35:00+00:00,9.8481,-80.0454,5.0,27.1673,34.80515,195.502875,6.680022301
TARA_R000001506,2011-12-30 13:35:00+00:00,9.8481,-80.0454,5.0,27.1673,34.80515,195.502875,6.680022301
TARA_R000001507,2011-12-30 13:35:00+00:00,9.8481,-80.0454,5.0,27.1673,34.80515,195.502875,6.680022301
TARA_R000001508,2011-12-30 13:35:00+00:00,9.8481,-80.0454,5.0,27.1673,34.80515,195.502875,6.680022301
TARA_G100006085,2011-12-30 13:35:00+00:00,9.8481,-80.0454,5.0,27.1673,34.80515,195.502875,6.680022301
TARA_G100006086,2011-12-30 13:35:00+00:00,9.8481,-80.0454,5.0,27.1673,34.80515,195.502875,6.680022301
TARA_G100006076,2011-12-30 13:35:00+00:00,9.8481,-80.0454,5.0,27.1673,34.80515,195.502875,6.680022301
TARA_G100006077,2011-12-30 13:35:00+00:00,9.8481,-80.0454,5.0,27.1673,34.80515,195.502875,6.680022301
TARA_B000003202,2011-12-30 13:35:00+00:00,9.8481,-80.0454,5.0,27.1673,34.80515,195.502875,6.680022301
TARA_B000003203,2011-12-30 13:35:00+00:00,9.8481,-80.0454,5.0,27.1673,34.80515,195.502875,6.680022301
TARA_B000003204,2011-12-30 13:35:00+00:00,9.8481,-80.0454,5.0,27.1673,34.80515,195.502875,6.680022301
TARA_B000003205,2011-12-30 13:35:00+00:00,9.8481,-80.0454,5.0,27.1673,34.80515,195.502875,6.680022301
TARA_R000001503,2011-12-30 13:35:00+00:00,9.8481,-80.0454,5.0,27.1673,34.80515,195.502875,6.680022301
TARA_R000001504,2011-12-30 13:35:00+00:00,9.8481,-80.0454,5.0,27.1673,34.80515,195.502875,6.680022301
TARA_R000001505,2011-12-30 13:35:00+00:00,9.8481,-80.0454,5.0,27.1673,34.80515,195.502875,6.680022301
TARA_R000001501,2011-12-30 13:35:00+00:00,9.8481,-80.0454,5.0,27.1673,34.80515,195.502875,6.680022301
TARA_R000001502,2011-12-30 13:35:00+00:00,9.8481,-80.0454,5.0,27.1673,34.80515,195.502875,6.680022301
TARA_G000000635,2011-12-30 13:35:00+00:00,9.8481,-80.0454,5.0,27.1673,34.80515,195.502875,6.680022301
TARA_G000000636,2011-12-30 13:35:00+00:00,9.8481,-80.0454,5.0,27.1673,34.80515,195.502875,6.680022301
TARA_G000000637,2011-12-30 13:35:00+00:00,9.8481,-80.0454,5.0,27.1673,34.80515,195.502875,6.680022301
TARA_B100001294,2011-12-30 13:35:00+00:00,9.8481,-80.0454,5.0,27.1673,34.80515,195.502875,6.680022301
TARA_R100001772,2011-12-30 13:35:00+00:00,9.8481,-80.0454,5.0,27.1673,34.80515,195.502875,6.680022301
TARA_R000001498,2011-12-30 13:35:00+00:00,9.8481,-80.0454,5.0,27.1673,34.80515,195.502875,6.680022301
TARA_R000001499,2011-12-30 13:35:00+00:00,9.8481,-80.0454,5.0,27.1673,34.80515,195.502875,6.680022301
TARA_R000001500,2011-12-30 13:35:00+00:00,9.8481,-80.0454,5.0,27.1673,34.80515,195.502875,6.680022301
TARA_R100001770,2011-12-30 13:35:00+00:00,9.8481,-80.0454,5.0,27.1673,34.80515,195.502875,6.680022301
TARA_R100001771,2011-12-30 13:35:00+00:00,9.8481,-80.0454,5.0,27.1673,34.80515,195.502875,6.680022301
TARA_B100001939,2011-12-30 13:35:00+00:00,9.8481,-80.0454,5.0,27.1673,34.80515,195.502875,6.680022301
TARA_B100001940,2011-12-30 13:35:00+00:00,9.8481,-80.0454,5.0,27.1673,34.80515,195.502875,6.680022301
TARA_B000003196,2011-12-30 13:35:00+00:00,9.8481,-80.0454,5.0,27.1673,34.80515,195.502875,6.680022301
TARA_B000003197,2011-12-30 13:35:00+00:00,9.8481,-80.0454,5.0,27.1673,34.80515,195.502875,6.680022301
TARA_N000003095,2011-12-30 13:35:00+00:00,9.8481,-80.0454,5.0,27.1673,34.80515,195.502875,6.680022301
TARA_N000003096,2011-12-30 13:35:00+00:00,9.8481,-80.0454,5.0,27.1673,34.80515,195.502875,6.680022301
TARA_N000003091,2011-12-30 13:35:00+00:00,9.8481,-80.0454,5.0,27.1673,34.80515,195.502875,6.680022301
TARA_B000003194,2011-12-30 13:35:00+00:00,9.8481,-80.0454,5.0,27.1673,34.80515,195.502875,6.680022301
TARA_B000003195,2011-12-30 13:35:00+00:00,9.8481,-80.0454,5.0,27.1673,34.80515,195.502875,6.680022301
TARA_B100001937,2011-12-30 13:35:00+00:00,9.8481,-80.0454,5.0,27.1673,34.80515,195.502875,6.680022301
TARA_B100001938,2011-12-30 13:35:00+00:00,9.8481,-80.0454,5.0,27.1673,34.80515,195.502875,6.680022301
TARA_N000003092,2011-12-30 13:35:00+00:00,9.8481,-80.0454,5.0,27.1673,34.80515,195.502875,6.680022301
TARA_Y100000604,2011-12-30 13:35:00+00:00,9.8481,-80.0454,5.0,27.1673,34.80515,195.502875,6.680022301
TARA_Y100000603,2011-12-30 13:35:00+00:00,9.8481,-80.0454,5.0,27.1673,34.80515,195.502875,6.680022301
TARA_Y100000602,2011-12-30 13:35:00+00:00,9.8481,-80.0454,5.0,27.1673,34.80515,195.502875,6.680022301
TARA_R100001776,2011-12-30 13:35:00+00:00,9.8481,-80.0454,5.0,27.1673,34.80515,195.502875,6.680022301
TARA_K100000737,2011-12-30 13:59:00+00:00,9.8466,-80.1338,5.0,27.1673,34.80515,195.502875,6.680022301
TARA_G100006078,2011-12-30 13:59:00+00:00,9.8466,-80.1338,5.0,27.1673,34.80515,195.502875,6.680022301
TARA_G100006079,2011-12-30 13:59:00+00:00,9.8466,-80.1338,5.0,27.1673,34.80515,195.502875,6.680022301
TARA_G100006040,2011-12-30 13:59:00+00:00,9.8466,-80.1338,5.0,27.1673,34.80515,195.502875,6.680022301
TARA_N000003094,2011-12-30 13:59:00+00:00,9.8466,-80.1338,5.0,27.1673,34.80515,195.502875,6.680022301
TARA_G100006041,2011-12-30 13:59:00+00:00,9.8466,-80.1338,5.0,27.1673,34.80515,195.502875,6.680022301
TARA_G100006042,2011-12-30 13:59:00+00:00,9.8466,-80.1338,5.0,27.1673,34.80515,195.502875,6.680022301
TARA_K100000736,2011-12-30 14:49:00+00:00,9.8432,-80.0621,5.0,27.1673,34.80515,195.502875,6.680022301
TARA_G100006089,2011-12-30 14:49:00+00:00,9.8432,-80.0621,5.0,27.1673,34.80515,195.502875,6.680022301
TARA_G100006090,2011-12-30 14:49:00+00:00,9.8432,-80.0621,5.0,27.1673,34.80515,195.502875,6.680022301
TARA_G100006081,2011-12-30 14:49:00+00:00,9.8432,-80.0621,5.0,27.1673,34.80515,195.502875,6.680022301
TARA_G100006082,2011-12-30 14:49:00+00:00,9.8432,-80.0621,5.0,27.1673,34.80515,195.502875,6.680022301
TARA_N000003093,2011-12-30 14:49:00+00:00,9.8432,-80.0621,5.0,27.1673,34.80515,195.502875,6.680022301
TARA_G100006083,2011-12-30 14:49:00+00:00,9.8432,-80.0621,5.0,27.1673,34.80515,195.502875,6.680022301
TARA_G100006084,2011-12-30 14:49:00+00:00,9.8432,-80.0621,5.0,27.1673,34.80515,195.502875,6.680022301
TARA_B000003403,2012-01-09 13:41:00+00:00,25.5264,-88.394,5.0,24.98456,36.177285,195.54125,6.726868494
TARA_B000003404,2012-01-09 13:41:00+00:00,25.5264,-88.394,5.0,24.98456,36.177285,195.54125,6.726868494
TARA_B000003405,2012-01-09 13:41:00+00:00,25.5264,-88.394,5.0,24.98456,36.177285,195.54125,6.726868494
TARA_Y100001065,2012-01-09 13:41:00+00:00,25.5264,-88.394,5.0,24.98456,36.177285,195.54125,6.726868494
TARA_Y100001066,2012-01-09 13:41:00+00:00,25.5264,-88.394,5.0,24.98456,36.177285,195.54125,6.726868494
TARA_Y000000471,2012-01-09 13:41:00+00:00,25.5264,-88.394,5.0,24.98456,36.177285,195.54125,6.726868494
TARA_Y000000472,2012-01-09 13:41:00+00:00,25.5264,-88.394,5.0,24.98456,36.177285,195.54125,6.726868494
TARA_R100001780,2012-01-09 13:41:00+00:00,25.5264,-88.394,5.0,24.98456,36.177285,195.54125,6.726868494
TARA_R100001781,2012-01-09 13:41:00+00:00,25.5264,-88.394,5.0,24.98456,36.177285,195.54125,6.726868494
TARA_R000001512,2012-01-09 13:41:00+00:00,25.5264,-88.394,5.0,24.98456,36.177285,195.54125,6.726868494
TARA_R000001513,2012-01-09 13:41:00+00:00,25.5264,-88.394,5.0,24.98456,36.177285,195.54125,6.726868494
TARA_R000001514,2012-01-09 13:41:00+00:00,25.5264,-88.394,5.0,24.98456,36.177285,195.54125,6.726868494
TARA_G100006069,2012-01-09 13:41:00+00:00,25.5264,-88.394,5.0,24.98456,36.177285,195.54125,6.726868494
TARA_G100006070,2012-01-09 13:41:00+00:00,25.5264,-88.394,5.0,24.98456,36.177285,195.54125,6.726868494
TARA_G100006058,2012-01-09 13:41:00+00:00,25.5264,-88.394,5.0,24.98456,36.177285,195.54125,6.726868494
TARA_G100006314,2012-01-09 13:41:00+00:00,25.5264,-88.394,5.0,24.98456,36.177285,195.54125,6.726868494
TARA_G100006050,2012-01-09 13:41:00+00:00,25.5264,-88.394,5.0,24.98456,36.177285,195.54125,6.726868494
TARA_G100006051,2012-01-09 13:41:00+00:00,25.5264,-88.394,5.0,24.98456,36.177285,195.54125,6.726868494
TARA_G100006046,2012-01-09 13:41:00+00:00,25.5264,-88.394,5.0,24.98456,36.177285,195.54125,6.726868494
TARA_G100006047,2012-01-09 13:41:00+00:00,25.5264,-88.394,5.0,24.98456,36.177285,195.54125,6.726868494
TARA_G100006257,2012-01-09 13:41:00+00:00,25.5264,-88.394,5.0,24.98456,36.177285,195.54125,6.726868494
TARA_G100006258,2012-01-09 13:41:00+00:00,25.5264,-88.394,5.0,24.98456,36.177285,195.54125,6.726868494
TARA_B000003387,2012-01-09 13:41:00+00:00,25.5264,-88.394,5.0,24.98456,36.177285,195.54125,6.726868494
TARA_B000003388,2012-01-09 13:41:00+00:00,25.5264,-88.394,5.0,24.98456,36.177285,195.54125,6.726868494
TARA_B000003389,2012-01-09 13:41:00+00:00,25.5264,-88.394,5.0,24.98456,36.177285,195.54125,6.726868494
TARA_B000003390,2012-01-09 13:41:00+00:00,25.5264,-88.394,5.0,24.98456,36.177285,195.54125,6.726868494
TARA_R000001531,2012-01-09 13:41:00+00:00,25.5264,-88.394,5.0,24.98456,36.177285,195.54125,6.726868494
TARA_R000001532,2012-01-09 13:41:00+00:00,25.5264,-88.394,5.0,24.98456,36.177285,195.54125,6.726868494
TARA_R000001533,2012-01-09 13:41:00+00:00,25.5264,-88.394,5.0,24.98456,36.177285,195.54125,6.726868494
TARA_R000001527,2012-01-09 13:41:00+00:00,25.5264,-88.394,5.0,24.98456,36.177285,195.54125,6.726868494
TARA_R000001528,2012-01-09 13:41:00+00:00,25.5264,-88.394,5.0,24.98456,36.177285,195.54125,6.726868494
TARA_G000000445,2012-01-09 13:41:00+00:00,25.5264,-88.394,5.0,24.98456,36.177285,195.54125,6.726868494
TARA_G000000446,2012-01-09 13:41:00+00:00,25.5264,-88.394,5.0,24.98456,36.177285,195.54125,6.726868494
TARA_G000000447,2012-01-09 13:41:00+00:00,25.5264,-88.394,5.0,24.98456,36.177285,195.54125,6.726868494
TARA_G100006253,2012-01-09 13:41:00+00:00,25.5264,-88.394,5.0,24.98456,36.177285,195.54125,6.726868494
TARA_G100006254,2012-01-09 13:41:00+00:00,25.5264,-88.394,5.0,24.98456,36.177285,195.54125,6.726868494
TARA_G100006063,2012-01-09 13:41:00+00:00,25.5264,-88.394,5.0,24.98456,36.177285,195.54125,6.726868494
TARA_G100006064,2012-01-09 13:41:00+00:00,25.5264,-88.394,5.0,24.98456,36.177285,195.54125,6.726868494
TARA_B100002037,2012-01-09 13:41:00+00:00,25.5264,-88.394,5.0,24.98456,36.177285,195.54125,6.726868494
TARA_B100002038,2012-01-09 13:41:00+00:00,25.5264,-88.394,5.0,24.98456,36.177285,195.54125,6.726868494
TARA_B100002039,2012-01-09 13:41:00+00:00,25.5264,-88.394,5.0,24.98456,36.177285,195.54125,6.726868494
TARA_R100001817,2012-01-09 13:41:00+00:00,25.5264,-88.394,5.0,24.98456,36.177285,195.54125,6.726868494
TARA_R100001818,2012-01-09 13:41:00+00:00,25.5264,-88.394,5.0,24.98456,36.177285,195.54125,6.726868494
TARA_R100001819,2012-01-09 13:41:00+00:00,25.5264,-88.394,5.0,24.98456,36.177285,195.54125,6.726868494
TARA_G100006073,2012-01-09 13:41:00+00:00,25.5264,-88.394,5.0,24.98456,36.177285,195.54125,6.726868494
TARA_G100006074,2012-01-09 13:41:00+00:00,25.5264,-88.394,5.0,24.98456,36.177285,195.54125,6.726868494
TARA_G100006061,2012-01-09 13:41:00+00:00,25.5264,-88.394,5.0,24.98456,36.177285,195.54125,6.726868494
TARA_G100006062,2012-01-09 13:41:00+00:00,25.5264,-88.394,5.0,24.98456,36.177285,195.54125,6.726868494
TARA_G100006054,2012-01-09 13:41:00+00:00,25.5264,-88.394,5.0,24.98456,36.177285,195.54125,6.726868494
TARA_G100006055,2012-01-09 13:41:00+00:00,25.5264,-88.394,5.0,24.98456,36.177285,195.54125,6.726868494
TARA_R000001521,2012-01-09 13:41:00+00:00,25.5264,-88.394,5.0,24.98456,36.177285,195.54125,6.726868494
TARA_R000001522,2012-01-09 13:41:00+00:00,25.5264,-88.394,5.0,24.98456,36.177285,195.54125,6.726868494
TARA_R000001523,2012-01-09 13:41:00+00:00,25.5264,-88.394,5.0,24.98456,36.177285,195.54125,6.726868494
TARA_R100001825,2012-01-09 13:41:00+00:00,25.5264,-88.394,5.0,24.98456,36.177285,195.54125,6.726868494
TARA_R100001826,2012-01-09 13:41:00+00:00,25.5264,-88.394,5.0,24.98456,36.177285,195.54125,6.726868494
TARA_G100006043,2012-01-09 13:41:00+00:00,25.5264,-88.394,5.0,24.98456,36.177285,195.54125,6.726868494
TARA_G100006075,2012-01-09 13:41:00+00:00,25.5264,-88.394,5.0,24.98456,36.177285,195.54125,6.726868494
TARA_B100002050,2012-01-09 13:41:00+00:00,25.5264,-88.394,5.0,24.98456,36.177285,195.54125,6.726868494
TARA_B100002051,2012-01-09 13:41:00+00:00,25.5264,-88.394,5.0,24.98456,36.177285,195.54125,6.726868494
TARA_B000003409,2012-01-09 13:41:00+00:00,25.5264,-88.394,5.0,24.98456,36.177285,195.54125,6.726868494
TARA_B000003410,2012-01-09 13:41:00+00:00,25.5264,-88.394,5.0,24.98456,36.177285,195.54125,6.726868494
TARA_N000003081,2012-01-09 13:41:00+00:00,25.5264,-88.394,5.0,24.98456,36.177285,195.54125,6.726868494
TARA_N000003082,2012-01-09 13:41:00+00:00,25.5264,-88.394,5.0,24.98456,36.177285,195.54125,6.726868494
TARA_N000003073,2012-01-09 13:41:00+00:00,25.5264,-88.394,5.0,24.98456,36.177285,195.54125,6.726868494
TARA_N000003074,2012-01-09 13:41:00+00:00,25.5264,-88.394,5.0,24.98456,36.177285,195.54125,6.726868494
TARA_N000003083,2012-01-09 13:41:00+00:00,25.5264,-88.394,5.0,24.98456,36.177285,195.54125,6.726868494
TARA_N000003084,2012-01-09 13:41:00+00:00,25.5264,-88.394,5.0,24.98456,36.177285,195.54125,6.726868494
TARA_B000003413,2012-01-09 13:41:00+00:00,25.5264,-88.394,5.0,24.98456,36.177285,195.54125,6.726868494
TARA_B000003414,2012-01-09 13:41:00+00:00,25.5264,-88.394,5.0,24.98456,36.177285,195.54125,6.726868494
TARA_B100002054,2012-01-09 13:41:00+00:00,25.5264,-88.394,5.0,24.98456,36.177285,195.54125,6.726868494
TARA_B100002055,2012-01-09 13:41:00+00:00,25.5264,-88.394,5.0,24.98456,36.177285,195.54125,6.726868494
TARA_N000003075,2012-01-09 13:41:00+00:00,25.5264,-88.394,5.0,24.98456,36.177285,195.54125,6.726868494
TARA_N000003076,2012-01-09 13:41:00+00:00,25.5264,-88.394,5.0,24.98456,36.177285,195.54125,6.726868494
TARA_N000003085,2012-01-09 13:41:00+00:00,25.5264,-88.394,5.0,24.98456,36.177285,195.54125,6.726868494
TARA_N000003086,2012-01-09 13:41:00+00:00,25.5264,-88.394,5.0,24.98456,36.177285,195.54125,6.726868494
TARA_Y100000607,2012-01-09 13:41:00+00:00,25.5264,-88.394,5.0,24.98456,36.177285,195.54125,6.726868494
TARA_Y100000600,2012-01-09 13:41:00+00:00,25.5264,-88.394,5.0,24.98456,36.177285,195.54125,6.726868494
TARA_Y100000598,2012-01-09 13:41:00+00:00,25.5264,-88.394,5.0,24.98456,36.177285,195.54125,6.726868494
TARA_R100001784,2012-01-09 13:41:00+00:00,25.5264,-88.394,5.0,24.98456,36.177285,195.54125,6.726868494
TARA_G000000441,2012-01-09 13:41:00+00:00,25.5264,-88.394,5.0,24.98456,36.177285,195.54125,6.726868494
TARA_G000000442,2012-01-09 13:41:00+00:00,25.5264,-88.394,5.0,24.98456,36.177285,195.54125,6.726868494
TARA_G000000771,2012-01-09 13:41:00+00:00,25.5264,-88.394,5.0,24.98456,36.177285,195.54125,6.726868494
TARA_G000000772,2012-01-09 13:41:00+00:00,25.5264,-88.394,5.0,24.98456,36.177285,195.54125,6.726868494
TARA_K100000747,2012-01-09 15:04:00+00:00,25.5593,-88.4126,5.0,24.98456,36.177285,195.54125,6.726868494
TARA_G100006277,2012-01-09 15:04:00+00:00,25.5593,-88.4126,5.0,24.98456,36.177285,195.54125,6.726868494
TARA_G100006278,2012-01-09 15:04:00+00:00,25.5593,-88.4126,5.0,24.98456,36.177285,195.54125,6.726868494
TARA_G100006291,2012-01-09 15:04:00+00:00,25.5593,-88.4126,5.0,24.98456,36.177285,195.54125,6.726868494
TARA_G100006298,2012-01-09 15:04:00+00:00,25.5593,-88.4126,5.0,24.98456,36.177285,195.54125,6.726868494
TARA_G100006299,2012-01-09 15:04:00+00:00,25.5593,-88.4126,5.0,24.98456,36.177285,195.54125,6.726868494
TARA_G100006282,2012-01-09 15:04:00+00:00,25.5593,-88.4126,5.0,24.98456,36.177285,195.54125,6.726868494
TARA_G100006283,2012-01-09 15:04:00+00:00,25.5593,-88.4126,5.0,24.98456,36.177285,195.54125,6.726868494
TARA_N000003079,2012-01-09 15:04:00+00:00,25.5593,-88.4126,5.0,24.98456,36.177285,195.54125,6.726868494
TARA_N000003080,2012-01-09 15:04:00+00:00,25.5593,-88.4126,5.0,24.98456,36.177285,195.54125,6.726868494
TARA_N000003089,2012-01-09 15:04:00+00:00,25.5593,-88.4126,5.0,24.98456,36.177285,195.54125,6.726868494
TARA_N000003090,2012-01-09 15:04:00+00:00,25.5593,-88.4126,5.0,24.98456,36.177285,195.54125,6.726868494
TARA_G100006294,2012-01-09 15:04:00+00:00,25.5593,-88.4126,5.0,24.98456,36.177285,195.54125,6.726868494
TARA_G100006295,2012-01-09 15:04:00+00:00,25.5593,-88.4126,5.0,24.98456,36.177285,195.54125,6.726868494
TARA_K100000745,2012-01-09 18:52:00+00:00,25.5773,-88.4308,125.0,24.961605,36.17927,193.38225,6.796594791
TARA_G100006280,2012-01-09 18:52:00+00:00,25.5773,-88.4308,125.0,24.961605,36.17927,193.38225,6.796594791
TARA_G100006281,2012-01-09 18:52:00+00:00,25.5773,-88.4308,125.0,24.961605,36.17927,193.38225,6.796594791
TARA_G100006290,2012-01-09 18:52:00+00:00,25.5773,-88.4308,125.0,24.961605,36.17927,193.38225,6.796594791
TARA_G100006296,2012-01-09 18:52:00+00:00,25.5773,-88.4308,125.0,24.961605,36.17927,193.38225,6.796594791
TARA_G100006297,2012-01-09 18:52:00+00:00,25.5773,-88.4308,125.0,24.961605,36.17927,193.38225,6.796594791
TARA_G100006284,2012-01-09 18:52:00+00:00,25.5773,-88.4308,125.0,24.961605,36.17927,193.38225,6.796594791
TARA_G100006285,2012-01-09 18:52:00+00:00,25.5773,-88.4308,125.0,24.961605,36.17927,193.38225,6.796594791
TARA_N000003097,2012-01-09 18:52:00+00:00,25.5773,-88.4308,125.0,24.961605,36.17927,193.38225,6.796594791
TARA_N000003098,2012-01-09 18:52:00+00:00,25.5773,-88.4308,125.0,24.961605,36.17927,193.38225,6.796594791
TARA_N000003107,2012-01-09 18:52:00+00:00,25.5773,-88.4308,125.0,24.961605,36.17927,193.38225,6.796594791
TARA_N000003108,2012-01-09 18:52:00+00:00,25.5773,-88.4308,125.0,24.961605,36.17927,193.38225,6.796594791
TARA_G100006292,2012-01-09 18:52:00+00:00,25.5773,-88.4308,125.0,24.961605,36.17927,193.38225,6.796594791
TARA_G100006293,2012-01-09 18:52:00+00:00,25.5773,-88.4308,125.0,24.961605,36.17927,193.38225,6.796594791
TARA_K100000749,2012-01-09 19:26:00+00:00,25.5921,-88.4388,125.0,24.961605,36.17927,193.38225,6.796594791
TARA_G100006263,2012-01-09 19:26:00+00:00,25.5921,-88.4388,125.0,24.961605,36.17927,193.38225,6.796594791
TARA_G100006264,2012-01-09 19:26:00+00:00,25.5921,-88.4388,125.0,24.961605,36.17927,193.38225,6.796594791
TARA_G100006267,2012-01-09 19:26:00+00:00,25.5921,-88.4388,125.0,24.961605,36.17927,193.38225,6.796594791
TARA_G100006268,2012-01-09 19:26:00+00:00,25.5921,-88.4388,125.0,24.961605,36.17927,193.38225,6.796594791
TARA_G100006275,2012-01-09 19:26:00+00:00,25.5921,-88.4388,125.0,24.961605,36.17927,193.38225,6.796594791
TARA_G100006276,2012-01-09 19:26:00+00:00,25.5921,-88.4388,125.0,24.961605,36.17927,193.38225,6.796594791
TARA_G100006300,2012-01-09 19:26:00+00:00,25.5921,-88.4388,125.0,24.961605,36.17927,193.38225,6.796594791
TARA_G100006302,2012-01-09 19:26:00+00:00,25.5921,-88.4388,125.0,24.961605,36.17927,193.38225,6.796594791
TARA_G100006310,2012-01-09 19:26:00+00:00,25.5921,-88.4388,125.0,24.961605,36.17927,193.38225,6.796594791
TARA_G100006311,2012-01-09 19:26:00+00:00,25.5921,-88.4388,125.0,24.961605,36.17927,193.38225,6.796594791
TARA_G100006271,2012-01-09 19:26:00+00:00,25.5921,-88.4388,125.0,24.961605,36.17927,193.38225,6.796594791
TARA_G100006272,2012-01-09 19:26:00+00:00,25.5921,-88.4388,125.0,24.961605,36.17927,193.38225,6.796594791
TARA_N000003099,2012-01-09 19:26:00+00:00,25.5921,-88.4388,125.0,24.961605,36.17927,193.38225,6.796594791
TARA_N000003100,2012-01-09 19:26:00+00:00,25.5921,-88.4388,125.0,24.961605,36.17927,193.38225,6.796594791
TARA_N000003109,2012-01-09 19:26:00+00:00,25.5921,-88.4388,125.0,24.961605,36.17927,193.38225,6.796594791
TARA_N000003110,2012-01-09 19:26:00+00:00,25.5921,-88.4388,125.0,24.961605,36.17927,193.38225,6.796594791
TARA_G100006304,2012-01-09 19:26:00+00:00,25.5921,-88.4388,125.0,24.961605,36.17927,193.38225,6.796594791
TARA_G100006305,2012-01-09 19:26:00+00:00,25.5921,-88.4388,125.0,24.961605,36.17927,193.38225,6.796594791
TARA_B000003406,2012-01-09 20:17:00+00:00,25.6168,-88.4532,125.0,24.961605,36.17927,193.38225,6.796594791
TARA_B000003407,2012-01-09 20:17:00+00:00,25.6168,-88.4532,125.0,24.961605,36.17927,193.38225,6.796594791
TARA_B000003408,2012-01-09 20:17:00+00:00,25.6168,-88.4532,125.0,24.961605,36.17927,193.38225,6.796594791
TARA_Y100001067,2012-01-09 20:17:00+00:00,25.6168,-88.4532,125.0,24.961605,36.17927,193.38225,6.796594791
TARA_Y100001068,2012-01-09 20:17:00+00:00,25.6168,-88.4532,125.0,24.961605,36.17927,193.38225,6.796594791
TARA_Y000000473,2012-01-09 20:17:00+00:00,25.6168,-88.4532,125.0,24.961605,36.17927,193.38225,6.796594791
TARA_Y000000474,2012-01-09 20:17:00+00:00,25.6168,-88.4532,125.0,24.961605,36.17927,193.38225,6.796594791
TARA_R100001782,2012-01-09 20:17:00+00:00,25.6168,-88.4532,125.0,24.961605,36.17927,193.38225,6.796594791
TARA_R100001783,2012-01-09 20:17:00+00:00,25.6168,-88.4532,125.0,24.961605,36.17927,193.38225,6.796594791
TARA_R000001515,2012-01-09 20:17:00+00:00,25.6168,-88.4532,125.0,24.961605,36.17927,193.38225,6.796594791
TARA_R000001516,2012-01-09 20:17:00+00:00,25.6168,-88.4532,125.0,24.961605,36.17927,193.38225,6.796594791
TARA_R000001517,2012-01-09 20:17:00+00:00,25.6168,-88.4532,125.0,24.961605,36.17927,193.38225,6.796594791
TARA_G100006067,2012-01-09 20:17:00+00:00,25.6168,-88.4532,125.0,24.961605,36.17927,193.38225,6.796594791
TARA_G100006068,2012-01-09 20:17:00+00:00,25.6168,-88.4532,125.0,24.961605,36.17927,193.38225,6.796594791
TARA_G100006312,2012-01-09 20:17:00+00:00,25.6168,-88.4532,125.0,24.961605,36.17927,193.38225,6.796594791
TARA_G100006313,2012-01-09 20:17:00+00:00,25.6168,-88.4532,125.0,24.961605,36.17927,193.38225,6.796594791
TARA_G100006052,2012-01-09 20:17:00+00:00,25.6168,-88.4532,125.0,24.961605,36.17927,193.38225,6.796594791
TARA_G100006053,2012-01-09 20:17:00+00:00,25.6168,-88.4532,125.0,24.961605,36.17927,193.38225,6.796594791
TARA_G100006048,2012-01-09 20:17:00+00:00,25.6168,-88.4532,125.0,24.961605,36.17927,193.38225,6.796594791
TARA_G100006049,2012-01-09 20:17:00+00:00,25.6168,-88.4532,125.0,24.961605,36.17927,193.38225,6.796594791
TARA_G100006259,2012-01-09 20:17:00+00:00,25.6168,-88.4532,125.0,24.961605,36.17927,193.38225,6.796594791
TARA_G100006260,2012-01-09 20:17:00+00:00,25.6168,-88.4532,125.0,24.961605,36.17927,193.38225,6.796594791
TARA_B000003391,2012-01-09 20:17:00+00:00,25.6168,-88.4532,125.0,24.961605,36.17927,193.38225,6.796594791
TARA_B000003392,2012-01-09 20:17:00+00:00,25.6168,-88.4532,125.0,24.961605,36.17927,193.38225,6.796594791
TARA_B000003393,2012-01-09 20:17:00+00:00,25.6168,-88.4532,125.0,24.961605,36.17927,193.38225,6.796594791
TARA_B000003394,2012-01-09 20:17:00+00:00,25.6168,-88.4532,125.0,24.961605,36.17927,193.38225,6.796594791
TARA_R000001534,2012-01-09 20:17:00+00:00,25.6168,-88.4532,125.0,24.961605,36.17927,193.38225,6.796594791
TARA_R000001535,2012-01-09 20:17:00+00:00,25.6168,-88.4532,125.0,24.961605,36.17927,193.38225,6.796594791
TARA_R000001536,2012-01-09 20:17:00+00:00,25.6168,-88.4532,125.0,24.961605,36.17927,193.38225,6.796594791
TARA_R000001529,2012-01-09 20:17:00+00:00,25.6168,-88.4532,125.0,24.961605,36.17927,193.38225,6.796594791
TARA_R000001530,2012-01-09 20:17:00+00:00,25.6168,-88.4532,125.0,24.961605,36.17927,193.38225,6.796594791
TARA_G000000448,2012-01-09 20:17:00+00:00,25.6168,-88.4532,125.0,24.961605,36.17927,193.38225,6.796594791
TARA_G000000449,2012-01-09 20:17:00+00:00,25.6168,-88.4532,125.0,24.961605,36.17927,193.38225,6.796594791
TARA_G000000450,2012-01-09 20:17:00+00:00,25.6168,-88.4532,125.0,24.961605,36.17927,193.38225,6.796594791
TARA_G100006255,2012-01-09 20:17:00+00:00,25.6168,-88.4532,125.0,24.961605,36.17927,193.38225,6.796594791
TARA_G100006256,2012-01-09 20:17:00+00:00,25.6168,-88.4532,125.0,24.961605,36.17927,193.38225,6.796594791
TARA_G100006065,2012-01-09 20:17:00+00:00,25.6168,-88.4532,125.0,24.961605,36.17927,193.38225,6.796594791
TARA_G100006066,2012-01-09 20:17:00+00:00,25.6168,-88.4532,125.0,24.961605,36.17927,193.38225,6.796594791
TARA_B100002040,2012-01-09 20:17:00+00:00,25.6168,-88.4532,125.0,24.961605,36.17927,193.38225,6.796594791
TARA_B100002041,2012-01-09 20:17:00+00:00,25.6168,-88.4532,125.0,24.961605,36.17927,193.38225,6.796594791
TARA_B100002042,2012-01-09 20:17:00+00:00,25.6168,-88.4532,125.0,24.961605,36.17927,193.38225,6.796594791
TARA_R100001814,2012-01-09 20:17:00+00:00,25.6168,-88.4532,125.0,24.961605,36.17927,193.38225,6.796594791
TARA_R100001815,2012-01-09 20:17:00+00:00,25.6168,-88.4532,125.0,24.961605,36.17927,193.38225,6.796594791
TARA_R100001816,2012-01-09 20:17:00+00:00,25.6168,-88.4532,125.0,24.961605,36.17927,193.38225,6.796594791
TARA_G100006071,2012-01-09 20:17:00+00:00,25.6168,-88.4532,125.0,24.961605,36.17927,193.38225,6.796594791
TARA_G100006072,2012-01-09 20:17:00+00:00,25.6168,-88.4532,125.0,24.961605,36.17927,193.38225,6.796594791
TARA_G100006059,2012-01-09 20:17:00+00:00,25.6168,-88.4532,125.0,24.961605,36.17927,193.38225,6.796594791
TARA_G100006060,2012-01-09 20:17:00+00:00,25.6168,-88.4532,125.0,24.961605,36.17927,193.38225,6.796594791
TARA_G100006056,2012-01-09 20:17:00+00:00,25.6168,-88.4532,125.0,24.961605,36.17927,193.38225,6.796594791
TARA_G100006057,2012-01-09 20:17:00+00:00,25.6168,-88.4532,125.0,24.961605,36.17927,193.38225,6.796594791
TARA_R000001524,2012-01-09 20:17:00+00:00,25.6168,-88.4532,125.0,24.961605,36.17927,193.38225,6.796594791
TARA_R000001525,2012-01-09 20:17:00+00:00,25.6168,-88.4532,125.0,24.961605,36.17927,193.38225,6.796594791
TARA_R000001526,2012-01-09 20:17:00+00:00,25.6168,-88.4532,125.0,24.961605,36.17927,193.38225,6.796594791
TARA_R100001827,2012-01-09 20:17:00+00:00,25.6168,-88.4532,125.0,24.961605,36.17927,193.38225,6.796594791
TARA_R100001828,2012-01-09 20:17:00+00:00,25.6168,-88.4532,125.0,24.961605,36.17927,193.38225,6.796594791
TARA_G100006044,2012-01-09 20:17:00+00:00,25.6168,-88.4532,125.0,24.961605,36.17927,193.38225,6.796594791
TARA_G100006045,2012-01-09 20:17:00+00:00,25.6168,-88.4532,125.0,24.961605,36.17927,193.38225,6.796594791
TARA_B100002052,2012-01-09 20:17:00+00:00,25.6168,-88.4532,125.0,24.961605,36.17927,193.38225,6.796594791
TARA_B100002053,2012-01-09 20:17:00+00:00,25.6168,-88.4532,125.0,24.961605,36.17927,193.38225,6.796594791
TARA_B000003411,2012-01-09 20:17:00+00:00,25.6168,-88.4532,125.0,24.961605,36.17927,193.38225,6.796594791
TARA_B000003412,2012-01-09 20:17:00+00:00,25.6168,-88.4532,125.0,24.961605,36.17927,193.38225,6.796594791
TARA_N000003103,2012-01-09 20:17:00+00:00,25.6168,-88.4532,125.0,24.961605,36.17927,193.38225,6.796594791
TARA_N000003104,2012-01-09 20:17:00+00:00,25.6168,-88.4532,125.0,24.961605,36.17927,193.38225,6.796594791
TARA_N000003113,2012-01-09 20:17:00+00:00,25.6168,-88.4532,125.0,24.961605,36.17927,193.38225,6.796594791
TARA_N000003114,2012-01-09 20:17:00+00:00,25.6168,-88.4532,125.0,24.961605,36.17927,193.38225,6.796594791
TARA_B000003415,2012-01-09 20:17:00+00:00,25.6168,-88.4532,125.0,24.961605,36.17927,193.38225,6.796594791
TARA_B000003416,2012-01-09 20:17:00+00:00,25.6168,-88.4532,125.0,24.961605,36.17927,193.38225,6.796594791
TARA_B100002056,2012-01-09 20:17:00+00:00,25.6168,-88.4532,125.0,24.961605,36.17927,193.38225,6.796594791
TARA_B100002057,2012-01-09 20:17:00+00:00,25.6168,-88.4532,125.0,24.961605,36.17927,193.38225,6.796594791
TARA_N000003101,2012-01-09 20:17:00+00:00,25.6168,-88.4532,125.0,24.961605,36.17927,193.38225,6.796594791
TARA_N000003102,2012-01-09 20:17:00+00:00,25.6168,-88.4532,125.0,24.961605,36.17927,193.38225,6.796594791
TARA_N000003111,2012-01-09 20:17:00+00:00,25.6168,-88.4532,125.0,24.961605,36.17927,193.38225,6.796594791
TARA_N000003112,2012-01-09 20:17:00+00:00,25.6168,-88.4532,125.0,24.961605,36.17927,193.38225,6.796594791
TARA_Y100000608,2012-01-09 20:17:00+00:00,25.6168,-88.4532,125.0,24.961605,36.17927,193.38225,6.796594791
TARA_Y100000601,2012-01-09 20:17:00+00:00,25.6168,-88.4532,125.0,24.961605,36.17927,193.38225,6.796594791
TARA_Y100000599,2012-01-09 20:17:00+00:00,25.6168,-88.4532,125.0,24.961605,36.17927,193.38225,6.796594791
TARA_R100001785,2012-01-09 20:17:00+00:00,25.6168,-88.4532,125.0,24.961605,36.17927,193.38225,6.796594791
TARA_G000000443,2012-01-09 20:17:00+00:00,25.6168,-88.4532,125.0,24.961605,36.17927,193.38225,6.796594791
TARA_G000000444,2012-01-09 20:17:00+00:00,25.6168,-88.4532,125.0,24.961605,36.17927,193.38225,6.796594791
TARA_G000000773,2012-01-09 20:17:00+00:00,25.6168,-88.4532,125.0,24.961605,36.17927,193.38225,6.796594791
TARA_G000000774,2012-01-09 20:17:00+00:00,25.6168,-88.4532,125.0,24.961605,36.17927,193.38225,6.796594791
TARA_B000003395,2012-01-10 14:49:00+00:00,25.6236,-88.45,640.0,9.735075,35.165212,108.231313,6.844384602
TARA_B000003396,2012-01-10 14:49:00+00:00,25.6236,-88.45,640.0,9.735075,35.165212,108.231313,6.844384602
TARA_B000003397,2012-01-10 14:49:00+00:00,25.6236,-88.45,640.0,9.735075,35.165212,108.231313,6.844384602
TARA_B000003398,2012-01-10 14:49:00+00:00,25.6236,-88.45,640.0,9.735075,35.165212,108.231313,6.844384602
TARA_Y100001069,2012-01-10 14:49:00+00:00,25.6236,-88.45,640.0,9.735075,35.165212,108.231313,6.844384602
TARA_Y100001070,2012-01-10 14:49:00+00:00,25.6236,-88.45,640.0,9.735075,35.165212,108.231313,6.844384602
TARA_Y000000231,2012-01-10 14:49:00+00:00,25.6236,-88.45,640.0,9.735075,35.165212,108.231313,6.844384602
TARA_Y000000232,2012-01-10 14:49:00+00:00,25.6236,-88.45,640.0,9.735075,35.165212,108.231313,6.844384602
TARA_R100001820,2012-01-10 14:49:00+00:00,25.6236,-88.45,640.0,9.735075,35.165212,108.231313,6.844384602
TARA_R100001821,2012-01-10 14:49:00+00:00,25.6236,-88.45,640.0,9.735075,35.165212,108.231313,6.844384602
TARA_R000001518,2012-01-10 14:49:00+00:00,25.6236,-88.45,640.0,9.735075,35.165212,108.231313,6.844384602
TARA_R000001519,2012-01-10 14:49:00+00:00,25.6236,-88.45,640.0,9.735075,35.165212,108.231313,6.844384602
TARA_R000001520,2012-01-10 14:49:00+00:00,25.6236,-88.45,640.0,9.735075,35.165212,108.231313,6.844384602
TARA_G100006286,2012-01-10 14:49:00+00:00,25.6236,-88.45,640.0,9.735075,35.165212,108.231313,6.844384602
TARA_G100006287,2012-01-10 14:49:00+00:00,25.6236,-88.45,640.0,9.735075,35.165212,108.231313,6.844384602
TARA_G100007836,2012-01-10 14:49:00+00:00,25.6236,-88.45,640.0,9.735075,35.165212,108.231313,6.844384602
TARA_G100007837,2012-01-10 14:49:00+00:00,25.6236,-88.45,640.0,9.735075,35.165212,108.231313,6.844384602
TARA_B000003382,2012-01-10 14:49:00+00:00,25.6236,-88.45,640.0,9.735075,35.165212,108.231313,6.844384602
TARA_B000003384,2012-01-10 14:49:00+00:00,25.6236,-88.45,640.0,9.735075,35.165212,108.231313,6.844384602
TARA_B000003385,2012-01-10 14:49:00+00:00,25.6236,-88.45,640.0,9.735075,35.165212,108.231313,6.844384602
TARA_B000003386,2012-01-10 14:49:00+00:00,25.6236,-88.45,640.0,9.735075,35.165212,108.231313,6.844384602
TARA_R000001542,2012-01-10 14:49:00+00:00,25.6236,-88.45,640.0,9.735075,35.165212,108.231313,6.844384602
TARA_R000001543,2012-01-10 14:49:00+00:00,25.6236,-88.45,640.0,9.735075,35.165212,108.231313,6.844384602
TARA_R000001544,2012-01-10 14:49:00+00:00,25.6236,-88.45,640.0,9.735075,35.165212,108.231313,6.844384602
TARA_R000001540,2012-01-10 14:49:00+00:00,25.6236,-88.45,640.0,9.735075,35.165212,108.231313,6.844384602
TARA_R000001541,2012-01-10 14:49:00+00:00,25.6236,-88.45,640.0,9.735075,35.165212,108.231313,6.844384602
TARA_G000001844,2012-01-10 14:49:00+00:00,25.6236,-88.45,640.0,9.735075,35.165212,108.231313,6.844384602
TARA_G000001845,2012-01-10 14:49:00+00:00,25.6236,-88.45,640.0,9.735075,35.165212,108.231313,6.844384602
TARA_G000001846,2012-01-10 14:49:00+00:00,25.6236,-88.45,640.0,9.735075,35.165212,108.231313,6.844384602
TARA_G100007834,2012-01-10 14:49:00+00:00,25.6236,-88.45,640.0,9.735075,35.165212,108.231313,6.844384602
TARA_G100007835,2012-01-10 14:49:00+00:00,25.6236,-88.45,640.0,9.735075,35.165212,108.231313,6.844384602
TARA_G100007838,2012-01-10 14:49:00+00:00,25.6236,-88.45,640.0,9.735075,35.165212,108.231313,6.844384602
TARA_G100006288,2012-01-10 14:49:00+00:00,25.6236,-88.45,640.0,9.735075,35.165212,108.231313,6.844384602
TARA_G100006289,2012-01-10 14:49:00+00:00,25.6236,-88.45,640.0,9.735075,35.165212,108.231313,6.844384602
TARA_B100002035,2012-01-10 14:49:00+00:00,25.6236,-88.45,640.0,9.735075,35.165212,108.231313,6.844384602
TARA_B100002036,2012-01-10 14:49:00+00:00,25.6236,-88.45,640.0,9.735075,35.165212,108.231313,6.844384602
TARA_R100001812,2012-01-10 14:49:00+00:00,25.6236,-88.45,640.0,9.735075,35.165212,108.231313,6.844384602
TARA_R100001813,2012-01-10 14:49:00+00:00,25.6236,-88.45,640.0,9.735075,35.165212,108.231313,6.844384602
TARA_G100007832,2012-01-10 14:49:00+00:00,25.6236,-88.45,640.0,9.735075,35.165212,108.231313,6.844384602
TARA_G100007833,2012-01-10 14:49:00+00:00,25.6236,-88.45,640.0,9.735075,35.165212,108.231313,6.844384602
TARA_R000001537,2012-01-10 14:49:00+00:00,25.6236,-88.45,640.0,9.735075,35.165212,108.231313,6.844384602
TARA_R000001538,2012-01-10 14:49:00+00:00,25.6236,-88.45,640.0,9.735075,35.165212,108.231313,6.844384602
TARA_R000001539,2012-01-10 14:49:00+00:00,25.6236,-88.45,640.0,9.735075,35.165212,108.231313,6.844384602
TARA_R100001823,2012-01-10 14:49:00+00:00,25.6236,-88.45,640.0,9.735075,35.165212,108.231313,6.844384602
TARA_R100001824,2012-01-10 14:49:00+00:00,25.6236,-88.45,640.0,9.735075,35.165212,108.231313,6.844384602
TARA_B100002048,2012-01-10 14:49:00+00:00,25.6236,-88.45,640.0,9.735075,35.165212,108.231313,6.844384602
TARA_B100002049,2012-01-10 14:49:00+00:00,25.6236,-88.45,640.0,9.735075,35.165212,108.231313,6.844384602
TARA_B000003401,2012-01-10 14:49:00+00:00,25.6236,-88.45,640.0,9.735075,35.165212,108.231313,6.844384602
TARA_B000003402,2012-01-10 14:49:00+00:00,25.6236,-88.45,640.0,9.735075,35.165212,108.231313,6.844384602
TARA_N000003117,2012-01-10 14:49:00+00:00,25.6236,-88.45,640.0,9.735075,35.165212,108.231313,6.844384602
TARA_N000003118,2012-01-10 14:49:00+00:00,25.6236,-88.45,640.0,9.735075,35.165212,108.231313,6.844384602
TARA_B000003399,2012-01-10 14:49:00+00:00,25.6236,-88.45,640.0,9.735075,35.165212,108.231313,6.844384602
TARA_B000003400,2012-01-10 14:49:00+00:00,25.6236,-88.45,640.0,9.735075,35.165212,108.231313,6.844384602
TARA_B100002046,2012-01-10 14:49:00+00:00,25.6236,-88.45,640.0,9.735075,35.165212,108.231313,6.844384602
TARA_B100002047,2012-01-10 14:49:00+00:00,25.6236,-88.45,640.0,9.735075,35.165212,108.231313,6.844384602
TARA_Y100001064,2012-01-10 14:49:00+00:00,25.6236,-88.45,640.0,9.735075,35.165212,108.231313,6.844384602
TARA_Y100001063,2012-01-10 14:49:00+00:00,25.6236,-88.45,640.0,9.735075,35.165212,108.231313,6.844384602
TARA_Y100001062,2012-01-10 14:49:00+00:00,25.6236,-88.45,640.0,9.735075,35.165212,108.231313,6.844384602
TARA_R100001822,2012-01-10 14:49:00+00:00,25.6236,-88.45,640.0,9.735075,35.165212,108.231313,6.844384602
TARA_G000000629,2012-01-10 14:49:00+00:00,25.6236,-88.45,640.0,9.735075,35.165212,108.231313,6.844384602
TARA_G000000630,2012-01-10 14:49:00+00:00,25.6236,-88.45,640.0,9.735075,35.165212,108.231313,6.844384602
TARA_B000003263,2012-02-02 11:52:00+00:00,39.2305,-70.0377,5.0,13.993715,35.12152,236.78925,6.760536259
TARA_B000003264,2012-02-02 11:52:00+00:00,39.2305,-70.0377,5.0,13.993715,35.12152,236.78925,6.760536259
TARA_B000003265,2012-02-02 11:52:00+00:00,39.2305,-70.0377,5.0,13.993715,35.12152,236.78925,6.760536259
TARA_Y100001111,2012-02-02 11:52:00+00:00,39.2305,-70.0377,5.0,13.993715,35.12152,236.78925,6.760536259
TARA_Y100001112,2012-02-02 11:52:00+00:00,39.2305,-70.0377,5.0,13.993715,35.12152,236.78925,6.760536259
TARA_Y000000245,2012-02-02 11:52:00+00:00,39.2305,-70.0377,5.0,13.993715,35.12152,236.78925,6.760536259
TARA_Y000000246,2012-02-02 11:52:00+00:00,39.2305,-70.0377,5.0,13.993715,35.12152,236.78925,6.760536259
TARA_R100000854,2012-02-02 11:52:00+00:00,39.2305,-70.0377,5.0,13.993715,35.12152,236.78925,6.760536259
TARA_R100000855,2012-02-02 11:52:00+00:00,39.2305,-70.0377,5.0,13.993715,35.12152,236.78925,6.760536259
TARA_R000001635,2012-02-02 11:52:00+00:00,39.2305,-70.0377,5.0,13.993715,35.12152,236.78925,6.760536259
TARA_R000001637,2012-02-02 11:52:00+00:00,39.2305,-70.0377,5.0,13.993715,35.12152,236.78925,6.760536259
TARA_R000001644,2012-02-02 11:52:00+00:00,39.2305,-70.0377,5.0,13.993715,35.12152,236.78925,6.760536259
TARA_G100007540,2012-02-02 11:52:00+00:00,39.2305,-70.0377,5.0,13.993715,35.12152,236.78925,6.760536259
TARA_G100007541,2012-02-02 11:52:00+00:00,39.2305,-70.0377,5.0,13.993715,35.12152,236.78925,6.760536259
TARA_G100007532,2012-02-02 11:52:00+00:00,39.2305,-70.0377,5.0,13.993715,35.12152,236.78925,6.760536259
TARA_G100007533,2012-02-02 11:52:00+00:00,39.2305,-70.0377,5.0,13.993715,35.12152,236.78925,6.760536259
TARA_B000003251,2012-02-02 11:52:00+00:00,39.2305,-70.0377,5.0,13.993715,35.12152,236.78925,6.760536259
TARA_B000003252,2012-02-02 11:52:00+00:00,39.2305,-70.0377,5.0,13.993715,35.12152,236.78925,6.760536259
TARA_B000003253,2012-02-02 11:52:00+00:00,39.2305,-70.0377,5.0,13.993715,35.12152,236.78925,6.760536259
TARA_B000003254,2012-02-02 11:52:00+00:00,39.2305,-70.0377,5.0,13.993715,35.12152,236.78925,6.760536259
TARA_R000001626,2012-02-02 11:52:00+00:00,39.2305,-70.0377,5.0,13.993715,35.12152,236.78925,6.760536259
TARA_R000001627,2012-02-02 11:52:00+00:00,39.2305,-70.0377,5.0,13.993715,35.12152,236.78925,6.760536259
TARA_R000001628,2012-02-02 11:52:00+00:00,39.2305,-70.0377,5.0,13.993715,35.12152,236.78925,6.760536259
TARA_R000001620,2012-02-02 11:52:00+00:00,39.2305,-70.0377,5.0,13.993715,35.12152,236.78925,6.760536259
TARA_R000001621,2012-02-02 11:52:00+00:00,39.2305,-70.0377,5.0,13.993715,35.12152,236.78925,6.760536259
TARA_G000000482,2012-02-02 11:52:00+00:00,39.2305,-70.0377,5.0,13.993715,35.12152,236.78925,6.760536259
TARA_G000000483,2012-02-02 11:52:00+00:00,39.2305,-70.0377,5.0,13.993715,35.12152,236.78925,6.760536259
TARA_G000000484,2012-02-02 11:52:00+00:00,39.2305,-70.0377,5.0,13.993715,35.12152,236.78925,6.760536259
TARA_B100001147,2012-02-02 11:52:00+00:00,39.2305,-70.0377,5.0,13.993715,35.12152,236.78925,6.760536259
TARA_B100001148,2012-02-02 11:52:00+00:00,39.2305,-70.0377,5.0,13.993715,35.12152,236.78925,6.760536259
TARA_B100001153,2012-02-02 11:52:00+00:00,39.2305,-70.0377,5.0,13.993715,35.12152,236.78925,6.760536259
TARA_R100000876,2012-02-02 11:52:00+00:00,39.2305,-70.0377,5.0,13.993715,35.12152,236.78925,6.760536259
TARA_R100000877,2012-02-02 11:52:00+00:00,39.2305,-70.0377,5.0,13.993715,35.12152,236.78925,6.760536259
TARA_R100000878,2012-02-02 11:52:00+00:00,39.2305,-70.0377,5.0,13.993715,35.12152,236.78925,6.760536259
TARA_G100007536,2012-02-02 11:52:00+00:00,39.2305,-70.0377,5.0,13.993715,35.12152,236.78925,6.760536259
TARA_G100007537,2012-02-02 11:52:00+00:00,39.2305,-70.0377,5.0,13.993715,35.12152,236.78925,6.760536259
TARA_R000001611,2012-02-02 11:52:00+00:00,39.2305,-70.0377,5.0,13.993715,35.12152,236.78925,6.760536259
TARA_R000001612,2012-02-02 11:52:00+00:00,39.2305,-70.0377,5.0,13.993715,35.12152,236.78925,6.760536259
TARA_R000001613,2012-02-02 11:52:00+00:00,39.2305,-70.0377,5.0,13.993715,35.12152,236.78925,6.760536259
TARA_R100000870,2012-02-02 11:52:00+00:00,39.2305,-70.0377,5.0,13.993715,35.12152,236.78925,6.760536259
TARA_R100000871,2012-02-02 11:52:00+00:00,39.2305,-70.0377,5.0,13.993715,35.12152,236.78925,6.760536259
TARA_G100007528,2012-02-02 11:52:00+00:00,39.2305,-70.0377,5.0,13.993715,35.12152,236.78925,6.760536259
TARA_G100007529,2012-02-02 11:52:00+00:00,39.2305,-70.0377,5.0,13.993715,35.12152,236.78925,6.760536259
TARA_B100001141,2012-02-02 11:52:00+00:00,39.2305,-70.0377,5.0,13.993715,35.12152,236.78925,6.760536259
TARA_B100001142,2012-02-02 11:52:00+00:00,39.2305,-70.0377,5.0,13.993715,35.12152,236.78925,6.760536259
TARA_B000003245,2012-02-02 11:52:00+00:00,39.2305,-70.0377,5.0,13.993715,35.12152,236.78925,6.760536259
TARA_B000003246,2012-02-02 11:52:00+00:00,39.2305,-70.0377,5.0,13.993715,35.12152,236.78925,6.760536259
TARA_N000003215,2012-02-02 11:52:00+00:00,39.2305,-70.0377,5.0,13.993715,35.12152,236.78925,6.760536259
TARA_N000003216,2012-02-02 11:52:00+00:00,39.2305,-70.0377,5.0,13.993715,35.12152,236.78925,6.760536259
TARA_N000003199,2012-02-02 11:52:00+00:00,39.2305,-70.0377,5.0,13.993715,35.12152,236.78925,6.760536259
TARA_N000003200,2012-02-02 11:52:00+00:00,39.2305,-70.0377,5.0,13.993715,35.12152,236.78925,6.760536259
TARA_N000003219,2012-02-02 11:52:00+00:00,39.2305,-70.0377,5.0,13.993715,35.12152,236.78925,6.760536259
TARA_N000003220,2012-02-02 11:52:00+00:00,39.2305,-70.0377,5.0,13.993715,35.12152,236.78925,6.760536259
TARA_B000003239,2012-02-02 11:52:00+00:00,39.2305,-70.0377,5.0,13.993715,35.12152,236.78925,6.760536259
TARA_B000003240,2012-02-02 11:52:00+00:00,39.2305,-70.0377,5.0,13.993715,35.12152,236.78925,6.760536259
TARA_B100001135,2012-02-02 11:52:00+00:00,39.2305,-70.0377,5.0,13.993715,35.12152,236.78925,6.760536259
TARA_B100001136,2012-02-02 11:52:00+00:00,39.2305,-70.0377,5.0,13.993715,35.12152,236.78925,6.760536259
TARA_Y100001108,2012-02-02 11:52:00+00:00,39.2305,-70.0377,5.0,13.993715,35.12152,236.78925,6.760536259
TARA_Y100001105,2012-02-02 11:52:00+00:00,39.2305,-70.0377,5.0,13.993715,35.12152,236.78925,6.760536259
TARA_Y100001102,2012-02-02 11:52:00+00:00,39.2305,-70.0377,5.0,13.993715,35.12152,236.78925,6.760536259
TARA_R100000861,2012-02-02 11:52:00+00:00,39.2305,-70.0377,5.0,13.993715,35.12152,236.78925,6.760536259
TARA_W001000003,2012-02-02 11:52:00+00:00,39.2305,-70.0377,5.0,13.993715,35.12152,236.78925,6.760536259
TARA_G000000478,2012-02-02 11:52:00+00:00,39.2305,-70.0377,5.0,13.993715,35.12152,236.78925,6.760536259
TARA_G000000479,2012-02-02 11:52:00+00:00,39.2305,-70.0377,5.0,13.993715,35.12152,236.78925,6.760536259
TARA_K100000818,2012-02-02 13:48:00+00:00,39.2214,-70.0322,5.0,13.993715,35.12152,236.78925,6.760536259
TARA_G100007608,2012-02-02 13:48:00+00:00,39.2214,-70.0322,5.0,13.993715,35.12152,236.78925,6.760536259
TARA_G100007609,2012-02-02 13:48:00+00:00,39.2214,-70.0322,5.0,13.993715,35.12152,236.78925,6.760536259
TARA_G100007624,2012-02-02 13:48:00+00:00,39.2214,-70.0322,5.0,13.993715,35.12152,236.78925,6.760536259
TARA_G100007612,2012-02-02 13:48:00+00:00,39.2214,-70.0322,5.0,13.993715,35.12152,236.78925,6.760536259
TARA_G100007613,2012-02-02 13:48:00+00:00,39.2214,-70.0322,5.0,13.993715,35.12152,236.78925,6.760536259
TARA_G100007620,2012-02-02 13:48:00+00:00,39.2214,-70.0322,5.0,13.993715,35.12152,236.78925,6.760536259
TARA_G100007621,2012-02-02 13:48:00+00:00,39.2214,-70.0322,5.0,13.993715,35.12152,236.78925,6.760536259
TARA_N000003211,2012-02-02 13:48:00+00:00,39.2214,-70.0322,5.0,13.993715,35.12152,236.78925,6.760536259
TARA_N000003212,2012-02-02 13:48:00+00:00,39.2214,-70.0322,5.0,13.993715,35.12152,236.78925,6.760536259
TARA_N000003231,2012-02-02 13:48:00+00:00,39.2214,-70.0322,5.0,13.993715,35.12152,236.78925,6.760536259
TARA_N000003232,2012-02-02 13:48:00+00:00,39.2214,-70.0322,5.0,13.993715,35.12152,236.78925,6.760536259
TARA_G100007616,2012-02-02 13:48:00+00:00,39.2214,-70.0322,5.0,13.993715,35.12152,236.78925,6.760536259
TARA_G100007617,2012-02-02 13:48:00+00:00,39.2214,-70.0322,5.0,13.993715,35.12152,236.78925,6.760536259
TARA_K100000835,2012-02-02 14:46:00+00:00,39.2077,-70.034,5.0,13.993715,35.12152,236.78925,6.760536259
TARA_G100007584,2012-02-02 14:46:00+00:00,39.2077,-70.034,5.0,13.993715,35.12152,236.78925,6.760536259
TARA_G100007585,2012-02-02 14:46:00+00:00,39.2077,-70.034,5.0,13.993715,35.12152,236.78925,6.760536259
TARA_G100007592,2012-02-02 14:46:00+00:00,39.2077,-70.034,5.0,13.993715,35.12152,236.78925,6.760536259
TARA_G100007593,2012-02-02 14:46:00+00:00,39.2077,-70.034,5.0,13.993715,35.12152,236.78925,6.760536259
TARA_G100007600,2012-02-02 14:46:00+00:00,39.2077,-70.034,5.0,13.993715,35.12152,236.78925,6.760536259
TARA_G100007601,2012-02-02 14:46:00+00:00,39.2077,-70.034,5.0,13.993715,35.12152,236.78925,6.760536259
TARA_G100007604,2012-02-02 14:46:00+00:00,39.2077,-70.034,5.0,13.993715,35.12152,236.78925,6.760536259
TARA_G100007606,2012-02-02 14:46:00+00:00,39.2077,-70.034,5.0,13.993715,35.12152,236.78925,6.760536259
TARA_G100007588,2012-02-02 14:46:00+00:00,39.2077,-70.034,5.0,13.993715,35.12152,236.78925,6.760536259
TARA_G100007589,2012-02-02 14:46:00+00:00,39.2077,-70.034,5.0,13.993715,35.12152,236.78925,6.760536259
TARA_G100007596,2012-02-02 14:46:00+00:00,39.2077,-70.034,5.0,13.993715,35.12152,236.78925,6.760536259
TARA_G100007597,2012-02-02 14:46:00+00:00,39.2077,-70.034,5.0,13.993715,35.12152,236.78925,6.760536259
TARA_N000003207,2012-02-02 14:46:00+00:00,39.2077,-70.034,5.0,13.993715,35.12152,236.78925,6.760536259
TARA_N000003208,2012-02-02 14:46:00+00:00,39.2077,-70.034,5.0,13.993715,35.12152,236.78925,6.760536259
TARA_N000003227,2012-02-02 14:46:00+00:00,39.2077,-70.034,5.0,13.993715,35.12152,236.78925,6.760536259
TARA_N000003228,2012-02-02 14:46:00+00:00,39.2077,-70.034,5.0,13.993715,35.12152,236.78925,6.760536259
TARA_G100007628,2012-02-02 14:46:00+00:00,39.2077,-70.034,5.0,13.993715,35.12152,236.78925,6.760536259
TARA_G100007629,2012-02-02 14:46:00+00:00,39.2077,-70.034,5.0,13.993715,35.12152,236.78925,6.760536259
TARA_G100007572,2012-02-02 15:44:00+00:00,39.194,-70.0499,5.0,13.993715,35.12152,236.78925,6.760536259
TARA_G100007573,2012-02-02 15:44:00+00:00,39.194,-70.0499,5.0,13.993715,35.12152,236.78925,6.760536259
TARA_G100007560,2012-02-02 15:44:00+00:00,39.194,-70.0499,5.0,13.993715,35.12152,236.78925,6.760536259
TARA_G100007561,2012-02-02 15:44:00+00:00,39.194,-70.0499,5.0,13.993715,35.12152,236.78925,6.760536259
TARA_G100007580,2012-02-02 15:44:00+00:00,39.194,-70.0499,5.0,13.993715,35.12152,236.78925,6.760536259
TARA_G100007581,2012-02-02 15:44:00+00:00,39.194,-70.0499,5.0,13.993715,35.12152,236.78925,6.760536259
TARA_G100007576,2012-02-02 15:44:00+00:00,39.194,-70.0499,5.0,13.993715,35.12152,236.78925,6.760536259
TARA_G100007577,2012-02-02 15:44:00+00:00,39.194,-70.0499,5.0,13.993715,35.12152,236.78925,6.760536259
TARA_G100007556,2012-02-02 15:44:00+00:00,39.194,-70.0499,5.0,13.993715,35.12152,236.78925,6.760536259
TARA_G100007557,2012-02-02 15:44:00+00:00,39.194,-70.0499,5.0,13.993715,35.12152,236.78925,6.760536259
TARA_G100007568,2012-02-02 15:44:00+00:00,39.194,-70.0499,5.0,13.993715,35.12152,236.78925,6.760536259
TARA_G100007569,2012-02-02 15:44:00+00:00,39.194,-70.0499,5.0,13.993715,35.12152,236.78925,6.760536259
TARA_G100007564,2012-02-02 15:44:00+00:00,39.194,-70.0499,5.0,13.993715,35.12152,236.78925,6.760536259
TARA_G100007565,2012-02-02 15:44:00+00:00,39.194,-70.0499,5.0,13.993715,35.12152,236.78925,6.760536259
TARA_N000003203,2012-02-02 15:44:00+00:00,39.194,-70.0499,5.0,13.993715,35.12152,236.78925,6.760536259
TARA_N000003204,2012-02-02 15:44:00+00:00,39.194,-70.0499,5.0,13.993715,35.12152,236.78925,6.760536259
TARA_N000003223,2012-02-02 15:44:00+00:00,39.194,-70.0499,5.0,13.993715,35.12152,236.78925,6.760536259
TARA_N000003224,2012-02-02 15:44:00+00:00,39.194,-70.0499,5.0,13.993715,35.12152,236.78925,6.760536259
TARA_G000000488,2012-02-02 15:44:00+00:00,39.194,-70.0499,5.0,13.993715,35.12152,236.78925,6.760536259
TARA_G000000489,2012-02-02 15:44:00+00:00,39.194,-70.0499,5.0,13.993715,35.12152,236.78925,6.760536259
TARA_B000003266,2012-02-02 18:36:00+00:00,39.2392,-70.0343,590.0,5.004169,34.963392,232.660562,6.881070703
TARA_B000003267,2012-02-02 18:36:00+00:00,39.2392,-70.0343,590.0,5.004169,34.963392,232.660562,6.881070703
TARA_B000003268,2012-02-02 18:36:00+00:00,39.2392,-70.0343,590.0,5.004169,34.963392,232.660562,6.881070703
TARA_B000003269,2012-02-02 18:36:00+00:00,39.2392,-70.0343,590.0,5.004169,34.963392,232.660562,6.881070703
TARA_B000003270,2012-02-02 18:36:00+00:00,39.2392,-70.0343,590.0,5.004169,34.963392,232.660562,6.881070703
TARA_B000003271,2012-02-02 18:36:00+00:00,39.2392,-70.0343,590.0,5.004169,34.963392,232.660562,6.881070703
TARA_B000003272,2012-02-02 18:36:00+00:00,39.2392,-70.0343,590.0,5.004169,34.963392,232.660562,6.881070703
TARA_Y100001115,2012-02-02 18:36:00+00:00,39.2392,-70.0343,590.0,5.004169,34.963392,232.660562,6.881070703
TARA_Y100001116,2012-02-02 18:36:00+00:00,39.2392,-70.0343,590.0,5.004169,34.963392,232.660562,6.881070703
TARA_Y000000249,2012-02-02 18:36:00+00:00,39.2392,-70.0343,590.0,5.004169,34.963392,232.660562,6.881070703
TARA_Y000000250,2012-02-02 18:36:00+00:00,39.2392,-70.0343,590.0,5.004169,34.963392,232.660562,6.881070703
TARA_R100000858,2012-02-02 18:36:00+00:00,39.2392,-70.0343,590.0,5.004169,34.963392,232.660562,6.881070703
TARA_R100000859,2012-02-02 18:36:00+00:00,39.2392,-70.0343,590.0,5.004169,34.963392,232.660562,6.881070703
TARA_R000001641,2012-02-02 18:36:00+00:00,39.2392,-70.0343,590.0,5.004169,34.963392,232.660562,6.881070703
TARA_R000001642,2012-02-02 18:36:00+00:00,39.2392,-70.0343,590.0,5.004169,34.963392,232.660562,6.881070703
TARA_R000001643,2012-02-02 18:36:00+00:00,39.2392,-70.0343,590.0,5.004169,34.963392,232.660562,6.881070703
TARA_G100007626,2012-02-02 18:36:00+00:00,39.2392,-70.0343,590.0,5.004169,34.963392,232.660562,6.881070703
TARA_G100007627,2012-02-02 18:36:00+00:00,39.2392,-70.0343,590.0,5.004169,34.963392,232.660562,6.881070703
TARA_G100005847,2012-02-02 18:36:00+00:00,39.2392,-70.0343,590.0,5.004169,34.963392,232.660562,6.881070703
TARA_G100005848,2012-02-02 18:36:00+00:00,39.2392,-70.0343,590.0,5.004169,34.963392,232.660562,6.881070703
TARA_B000003255,2012-02-02 18:36:00+00:00,39.2392,-70.0343,590.0,5.004169,34.963392,232.660562,6.881070703
TARA_B000003256,2012-02-02 18:36:00+00:00,39.2392,-70.0343,590.0,5.004169,34.963392,232.660562,6.881070703
TARA_B000003257,2012-02-02 18:36:00+00:00,39.2392,-70.0343,590.0,5.004169,34.963392,232.660562,6.881070703
TARA_B000003258,2012-02-02 18:36:00+00:00,39.2392,-70.0343,590.0,5.004169,34.963392,232.660562,6.881070703
TARA_B000003259,2012-02-02 18:36:00+00:00,39.2392,-70.0343,590.0,5.004169,34.963392,232.660562,6.881070703
TARA_B000003260,2012-02-02 18:36:00+00:00,39.2392,-70.0343,590.0,5.004169,34.963392,232.660562,6.881070703
TARA_B000003261,2012-02-02 18:36:00+00:00,39.2392,-70.0343,590.0,5.004169,34.963392,232.660562,6.881070703
TARA_B000003262,2012-02-02 18:36:00+00:00,39.2392,-70.0343,590.0,5.004169,34.963392,232.660562,6.881070703
TARA_R000001632,2012-02-02 18:36:00+00:00,39.2392,-70.0343,590.0,5.004169,34.963392,232.660562,6.881070703
TARA_R000001633,2012-02-02 18:36:00+00:00,39.2392,-70.0343,590.0,5.004169,34.963392,232.660562,6.881070703
TARA_R000001634,2012-02-02 18:36:00+00:00,39.2392,-70.0343,590.0,5.004169,34.963392,232.660562,6.881070703
TARA_R000001624,2012-02-02 18:36:00+00:00,39.2392,-70.0343,590.0,5.004169,34.963392,232.660562,6.881070703
TARA_R000001625,2012-02-02 18:36:00+00:00,39.2392,-70.0343,590.0,5.004169,34.963392,232.660562,6.881070703
TARA_G000000494,2012-02-02 18:36:00+00:00,39.2392,-70.0343,590.0,5.004169,34.963392,232.660562,6.881070703
TARA_G000000495,2012-02-02 18:36:00+00:00,39.2392,-70.0343,590.0,5.004169,34.963392,232.660562,6.881070703
TARA_G000000496,2012-02-02 18:36:00+00:00,39.2392,-70.0343,590.0,5.004169,34.963392,232.660562,6.881070703
TARA_G100005845,2012-02-02 18:36:00+00:00,39.2392,-70.0343,590.0,5.004169,34.963392,232.660562,6.881070703
TARA_G100005846,2012-02-02 18:36:00+00:00,39.2392,-70.0343,590.0,5.004169,34.963392,232.660562,6.881070703
TARA_G100005849,2012-02-02 18:36:00+00:00,39.2392,-70.0343,590.0,5.004169,34.963392,232.660562,6.881070703
TARA_G100005841,2012-02-02 18:36:00+00:00,39.2392,-70.0343,590.0,5.004169,34.963392,232.660562,6.881070703
TARA_G100005842,2012-02-02 18:36:00+00:00,39.2392,-70.0343,590.0,5.004169,34.963392,232.660562,6.881070703
TARA_B100001151,2012-02-02 18:36:00+00:00,39.2392,-70.0343,590.0,5.004169,34.963392,232.660562,6.881070703
TARA_B100001152,2012-02-02 18:36:00+00:00,39.2392,-70.0343,590.0,5.004169,34.963392,232.660562,6.881070703
TARA_R100000882,2012-02-02 18:36:00+00:00,39.2392,-70.0343,590.0,5.004169,34.963392,232.660562,6.881070703
TARA_R100000883,2012-02-02 18:36:00+00:00,39.2392,-70.0343,590.0,5.004169,34.963392,232.660562,6.881070703
TARA_G100005843,2012-02-02 18:36:00+00:00,39.2392,-70.0343,590.0,5.004169,34.963392,232.660562,6.881070703
TARA_G100005844,2012-02-02 18:36:00+00:00,39.2392,-70.0343,590.0,5.004169,34.963392,232.660562,6.881070703
TARA_R000001617,2012-02-02 18:36:00+00:00,39.2392,-70.0343,590.0,5.004169,34.963392,232.660562,6.881070703
TARA_R000001618,2012-02-02 18:36:00+00:00,39.2392,-70.0343,590.0,5.004169,34.963392,232.660562,6.881070703
TARA_R000001619,2012-02-02 18:36:00+00:00,39.2392,-70.0343,590.0,5.004169,34.963392,232.660562,6.881070703
TARA_R100000874,2012-02-02 18:36:00+00:00,39.2392,-70.0343,590.0,5.004169,34.963392,232.660562,6.881070703
TARA_R100000875,2012-02-02 18:36:00+00:00,39.2392,-70.0343,590.0,5.004169,34.963392,232.660562,6.881070703
TARA_B100001143,2012-02-02 18:36:00+00:00,39.2392,-70.0343,590.0,5.004169,34.963392,232.660562,6.881070703
TARA_B100001144,2012-02-02 18:36:00+00:00,39.2392,-70.0343,590.0,5.004169,34.963392,232.660562,6.881070703
TARA_B100001145,2012-02-02 18:36:00+00:00,39.2392,-70.0343,590.0,5.004169,34.963392,232.660562,6.881070703
TARA_B100001146,2012-02-02 18:36:00+00:00,39.2392,-70.0343,590.0,5.004169,34.963392,232.660562,6.881070703
TARA_B000003247,2012-02-02 18:36:00+00:00,39.2392,-70.0343,590.0,5.004169,34.963392,232.660562,6.881070703
TARA_B000003248,2012-02-02 18:36:00+00:00,39.2392,-70.0343,590.0,5.004169,34.963392,232.660562,6.881070703
TARA_B000003249,2012-02-02 18:36:00+00:00,39.2392,-70.0343,590.0,5.004169,34.963392,232.660562,6.881070703
TARA_B000003250,2012-02-02 18:36:00+00:00,39.2392,-70.0343,590.0,5.004169,34.963392,232.660562,6.881070703
TARA_N000003236,2012-02-02 18:36:00+00:00,39.2392,-70.0343,590.0,5.004169,34.963392,232.660562,6.881070703
TARA_N000003238,2012-02-02 18:36:00+00:00,39.2392,-70.0343,590.0,5.004169,34.963392,232.660562,6.881070703
TARA_N000003235,2012-02-02 18:36:00+00:00,39.2392,-70.0343,590.0,5.004169,34.963392,232.660562,6.881070703
TARA_N000003237,2012-02-02 18:36:00+00:00,39.2392,-70.0343,590.0,5.004169,34.963392,232.660562,6.881070703
TARA_B000003241,2012-02-02 18:36:00+00:00,39.2392,-70.0343,590.0,5.004169,34.963392,232.660562,6.881070703
TARA_B000003242,2012-02-02 18:36:00+00:00,39.2392,-70.0343,590.0,5.004169,34.963392,232.660562,6.881070703
TARA_B000003243,2012-02-02 18:36:00+00:00,39.2392,-70.0343,590.0,5.004169,34.963392,232.660562,6.881070703
TARA_B000003244,2012-02-02 18:36:00+00:00,39.2392,-70.0343,590.0,5.004169,34.963392,232.660562,6.881070703
TARA_B100001137,2012-02-02 18:36:00+00:00,39.2392,-70.0343,590.0,5.004169,34.963392,232.660562,6.881070703
TARA_B100001138,2012-02-02 18:36:00+00:00,39.2392,-70.0343,590.0,5.004169,34.963392,232.660562,6.881070703
TARA_B100001139,2012-02-02 18:36:00+00:00,39.2392,-70.0343,590.0,5.004169,34.963392,232.660562,6.881070703
TARA_B100001140,2012-02-02 18:36:00+00:00,39.2392,-70.0343,590.0,5.004169,34.963392,232.660562,6.881070703
TARA_Y100001110,2012-02-02 18:36:00+00:00,39.2392,-70.0343,590.0,5.004169,34.963392,232.660562,6.881070703
TARA_Y100001107,2012-02-02 18:36:00+00:00,39.2392,-70.0343,590.0,5.004169,34.963392,232.660562,6.881070703
TARA_Y100001104,2012-02-02 18:36:00+00:00,39.2392,-70.0343,590.0,5.004169,34.963392,232.660562,6.881070703
TARA_R100000867,2012-02-02 18:36:00+00:00,39.2392,-70.0343,590.0,5.004169,34.963392,232.660562,6.881070703
TARA_G000000492,2012-02-02 18:36:00+00:00,39.2392,-70.0343,590.0,5.004169,34.963392,232.660562,6.881070703
TARA_G000000493,2012-02-02 18:36:00+00:00,39.2392,-70.0343,590.0,5.004169,34.963392,232.660562,6.881070703
TARA_B000003842,2012-02-15 12:54:00+00:00,34.6712,-71.3093,5.0,19.312775,36.513137,213.9635,6.547036832
TARA_B000003843,2012-02-15 12:54:00+00:00,34.6712,-71.3093,5.0,19.312775,36.513137,213.9635,6.547036832
TARA_B000003844,2012-02-15 12:54:00+00:00,34.6712,-71.3093,5.0,19.312775,36.513137,213.9635,6.547036832
TARA_Y100001120,2012-02-15 12:54:00+00:00,34.6712,-71.3093,5.0,19.312775,36.513137,213.9635,6.547036832
TARA_Y100001121,2012-02-15 12:54:00+00:00,34.6712,-71.3093,5.0,19.312775,36.513137,213.9635,6.547036832
TARA_Y000000251,2012-02-15 12:54:00+00:00,34.6712,-71.3093,5.0,19.312775,36.513137,213.9635,6.547036832
TARA_Y000000269,2012-02-15 12:54:00+00:00,34.6712,-71.3093,5.0,19.312775,36.513137,213.9635,6.547036832
TARA_R100000884,2012-02-15 12:54:00+00:00,34.6712,-71.3093,5.0,19.312775,36.513137,213.9635,6.547036832
TARA_R100000885,2012-02-15 12:54:00+00:00,34.6712,-71.3093,5.0,19.312775,36.513137,213.9635,6.547036832
TARA_R000001655,2012-02-15 12:54:00+00:00,34.6712,-71.3093,5.0,19.312775,36.513137,213.9635,6.547036832
TARA_R000001656,2012-02-15 12:54:00+00:00,34.6712,-71.3093,5.0,19.312775,36.513137,213.9635,6.547036832
TARA_R000002212,2012-02-15 12:54:00+00:00,34.6712,-71.3093,5.0,19.312775,36.513137,213.9635,6.547036832
TARA_G100010930,2012-02-15 12:54:00+00:00,34.6712,-71.3093,5.0,19.312775,36.513137,213.9635,6.547036832
TARA_G100010931,2012-02-15 12:54:00+00:00,34.6712,-71.3093,5.0,19.312775,36.513137,213.9635,6.547036832
TARA_G100011006,2012-02-15 12:54:00+00:00,34.6712,-71.3093,5.0,19.312775,36.513137,213.9635,6.547036832
TARA_G100011007,2012-02-15 12:54:00+00:00,34.6712,-71.3093,5.0,19.312775,36.513137,213.9635,6.547036832
TARA_G100010926,2012-02-15 12:54:00+00:00,34.6712,-71.3093,5.0,19.312775,36.513137,213.9635,6.547036832
TARA_G100010927,2012-02-15 12:54:00+00:00,34.6712,-71.3093,5.0,19.312775,36.513137,213.9635,6.547036832
TARA_B000003838,2012-02-15 12:54:00+00:00,34.6712,-71.3093,5.0,19.312775,36.513137,213.9635,6.547036832
TARA_B000003839,2012-02-15 12:54:00+00:00,34.6712,-71.3093,5.0,19.312775,36.513137,213.9635,6.547036832
TARA_B000003840,2012-02-15 12:54:00+00:00,34.6712,-71.3093,5.0,19.312775,36.513137,213.9635,6.547036832
TARA_B000003841,2012-02-15 12:54:00+00:00,34.6712,-71.3093,5.0,19.312775,36.513137,213.9635,6.547036832
TARA_R000001651,2012-02-15 12:54:00+00:00,34.6712,-71.3093,5.0,19.312775,36.513137,213.9635,6.547036832
TARA_R000001652,2012-02-15 12:54:00+00:00,34.6712,-71.3093,5.0,19.312775,36.513137,213.9635,6.547036832
TARA_R000001653,2012-02-15 12:54:00+00:00,34.6712,-71.3093,5.0,19.312775,36.513137,213.9635,6.547036832
TARA_R000001649,2012-02-15 12:54:00+00:00,34.6712,-71.3093,5.0,19.312775,36.513137,213.9635,6.547036832
TARA_R000001650,2012-02-15 12:54:00+00:00,34.6712,-71.3093,5.0,19.312775,36.513137,213.9635,6.547036832
TARA_G000000501,2012-02-15 12:54:00+00:00,34.6712,-71.3093,5.0,19.312775,36.513137,213.9635,6.547036832
TARA_G000000502,2012-02-15 12:54:00+00:00,34.6712,-71.3093,5.0,19.312775,36.513137,213.9635,6.547036832
TARA_G000000506,2012-02-15 12:54:00+00:00,34.6712,-71.3093,5.0,19.312775,36.513137,213.9635,6.547036832
TARA_G100011002,2012-02-15 12:54:00+00:00,34.6712,-71.3093,5.0,19.312775,36.513137,213.9635,6.547036832
TARA_G100011003,2012-02-15 12:54:00+00:00,34.6712,-71.3093,5.0,19.312775,36.513137,213.9635,6.547036832
TARA_B100001545,2012-02-15 12:54:00+00:00,34.6712,-71.3093,5.0,19.312775,36.513137,213.9635,6.547036832
TARA_B100001546,2012-02-15 12:54:00+00:00,34.6712,-71.3093,5.0,19.312775,36.513137,213.9635,6.547036832
TARA_B100001547,2012-02-15 12:54:00+00:00,34.6712,-71.3093,5.0,19.312775,36.513137,213.9635,6.547036832
TARA_R100000889,2012-02-15 12:54:00+00:00,34.6712,-71.3093,5.0,19.312775,36.513137,213.9635,6.547036832
TARA_R100000890,2012-02-15 12:54:00+00:00,34.6712,-71.3093,5.0,19.312775,36.513137,213.9635,6.547036832
TARA_R100000891,2012-02-15 12:54:00+00:00,34.6712,-71.3093,5.0,19.312775,36.513137,213.9635,6.547036832
TARA_G100010934,2012-02-15 12:54:00+00:00,34.6712,-71.3093,5.0,19.312775,36.513137,213.9635,6.547036832
TARA_G100010935,2012-02-15 12:54:00+00:00,34.6712,-71.3093,5.0,19.312775,36.513137,213.9635,6.547036832
TARA_G100010994,2012-02-15 12:54:00+00:00,34.6712,-71.3093,5.0,19.312775,36.513137,213.9635,6.547036832
TARA_G100010995,2012-02-15 12:54:00+00:00,34.6712,-71.3093,5.0,19.312775,36.513137,213.9635,6.547036832
TARA_R000001646,2012-02-15 12:54:00+00:00,34.6712,-71.3093,5.0,19.312775,36.513137,213.9635,6.547036832
TARA_R000001647,2012-02-15 12:54:00+00:00,34.6712,-71.3093,5.0,19.312775,36.513137,213.9635,6.547036832
TARA_R000001648,2012-02-15 12:54:00+00:00,34.6712,-71.3093,5.0,19.312775,36.513137,213.9635,6.547036832
TARA_R100000887,2012-02-15 12:54:00+00:00,34.6712,-71.3093,5.0,19.312775,36.513137,213.9635,6.547036832
TARA_R100000888,2012-02-15 12:54:00+00:00,34.6712,-71.3093,5.0,19.312775,36.513137,213.9635,6.547036832
TARA_G100005850,2012-02-15 12:54:00+00:00,34.6712,-71.3093,5.0,19.312775,36.513137,213.9635,6.547036832
TARA_G100005851,2012-02-15 12:54:00+00:00,34.6712,-71.3093,5.0,19.312775,36.513137,213.9635,6.547036832
TARA_B100001539,2012-02-15 12:54:00+00:00,34.6712,-71.3093,5.0,19.312775,36.513137,213.9635,6.547036832
TARA_B100001540,2012-02-15 12:54:00+00:00,34.6712,-71.3093,5.0,19.312775,36.513137,213.9635,6.547036832
TARA_B000003828,2012-02-15 12:54:00+00:00,34.6712,-71.3093,5.0,19.312775,36.513137,213.9635,6.547036832
TARA_B000003829,2012-02-15 12:54:00+00:00,34.6712,-71.3093,5.0,19.312775,36.513137,213.9635,6.547036832
TARA_N000003249,2012-02-15 12:54:00+00:00,34.6712,-71.3093,5.0,19.312775,36.513137,213.9635,6.547036832
TARA_N000003250,2012-02-15 12:54:00+00:00,34.6712,-71.3093,5.0,19.312775,36.513137,213.9635,6.547036832
TARA_N000002153,2012-02-15 12:54:00+00:00,34.6712,-71.3093,5.0,19.312775,36.513137,213.9635,6.547036832
TARA_N000002154,2012-02-15 12:54:00+00:00,34.6712,-71.3093,5.0,19.312775,36.513137,213.9635,6.547036832
TARA_N000003253,2012-02-15 12:54:00+00:00,34.6712,-71.3093,5.0,19.312775,36.513137,213.9635,6.547036832
TARA_N000003254,2012-02-15 12:54:00+00:00,34.6712,-71.3093,5.0,19.312775,36.513137,213.9635,6.547036832
TARA_B000003826,2012-02-15 12:54:00+00:00,34.6712,-71.3093,5.0,19.312775,36.513137,213.9635,6.547036832
TARA_B000003827,2012-02-15 12:54:00+00:00,34.6712,-71.3093,5.0,19.312775,36.513137,213.9635,6.547036832
TARA_B100001537,2012-02-15 12:54:00+00:00,34.6712,-71.3093,5.0,19.312775,36.513137,213.9635,6.547036832
TARA_B100001538,2012-02-15 12:54:00+00:00,34.6712,-71.3093,5.0,19.312775,36.513137,213.9635,6.547036832
TARA_Y100001119,2012-02-15 12:54:00+00:00,34.6712,-71.3093,5.0,19.312775,36.513137,213.9635,6.547036832
TARA_Y100001118,2012-02-15 12:54:00+00:00,34.6712,-71.3093,5.0,19.312775,36.513137,213.9635,6.547036832
TARA_Y100001117,2012-02-15 12:54:00+00:00,34.6712,-71.3093,5.0,19.312775,36.513137,213.9635,6.547036832
TARA_R100000886,2012-02-15 12:54:00+00:00,34.6712,-71.3093,5.0,19.312775,36.513137,213.9635,6.547036832
TARA_G100010998,2012-02-15 12:54:00+00:00,34.6712,-71.3093,5.0,19.312775,36.513137,213.9635,6.547036832
TARA_G100010999,2012-02-15 12:54:00+00:00,34.6712,-71.3093,5.0,19.312775,36.513137,213.9635,6.547036832
TARA_G000000497,2012-02-15 12:54:00+00:00,34.6712,-71.3093,5.0,19.312775,36.513137,213.9635,6.547036832
TARA_G000000498,2012-02-15 12:54:00+00:00,34.6712,-71.3093,5.0,19.312775,36.513137,213.9635,6.547036832
TARA_G100011010,2012-02-15 15:15:00+00:00,34.7631,-71.2422,5.0,19.312775,36.513137,213.9635,6.547036832
TARA_N000002165,2012-02-15 15:15:00+00:00,34.7631,-71.2422,5.0,19.312775,36.513137,213.9635,6.547036832
TARA_N000002166,2012-02-15 15:15:00+00:00,34.7631,-71.2422,5.0,19.312775,36.513137,213.9635,6.547036832
TARA_N000003240,2012-02-15 15:15:00+00:00,34.7631,-71.2422,5.0,19.312775,36.513137,213.9635,6.547036832
TARA_N000003241,2012-02-15 15:15:00+00:00,34.7631,-71.2422,5.0,19.312775,36.513137,213.9635,6.547036832
TARA_G100010978,2012-02-15 16:08:00+00:00,34.7942,-71.2229,5.0,19.312775,36.513137,213.9635,6.547036832
TARA_G100010979,2012-02-15 16:08:00+00:00,34.7942,-71.2229,5.0,19.312775,36.513137,213.9635,6.547036832
TARA_G100010970,2012-02-15 16:08:00+00:00,34.7942,-71.2229,5.0,19.312775,36.513137,213.9635,6.547036832
TARA_G100010971,2012-02-15 16:08:00+00:00,34.7942,-71.2229,5.0,19.312775,36.513137,213.9635,6.547036832
TARA_G100010986,2012-02-15 16:08:00+00:00,34.7942,-71.2229,5.0,19.312775,36.513137,213.9635,6.547036832
TARA_G100010987,2012-02-15 16:08:00+00:00,34.7942,-71.2229,5.0,19.312775,36.513137,213.9635,6.547036832
TARA_G100010982,2012-02-15 16:08:00+00:00,34.7942,-71.2229,5.0,19.312775,36.513137,213.9635,6.547036832
TARA_G100010984,2012-02-15 16:08:00+00:00,34.7942,-71.2229,5.0,19.312775,36.513137,213.9635,6.547036832
TARA_G100010974,2012-02-15 16:08:00+00:00,34.7942,-71.2229,5.0,19.312775,36.513137,213.9635,6.547036832
TARA_G100010975,2012-02-15 16:08:00+00:00,34.7942,-71.2229,5.0,19.312775,36.513137,213.9635,6.547036832
TARA_G100010962,2012-02-15 16:08:00+00:00,34.7942,-71.2229,5.0,19.312775,36.513137,213.9635,6.547036832
TARA_G100010963,2012-02-15 16:08:00+00:00,34.7942,-71.2229,5.0,19.312775,36.513137,213.9635,6.547036832
TARA_N000002161,2012-02-15 16:08:00+00:00,34.7942,-71.2229,5.0,19.312775,36.513137,213.9635,6.547036832
TARA_N000002162,2012-02-15 16:08:00+00:00,34.7942,-71.2229,5.0,19.312775,36.513137,213.9635,6.547036832
TARA_N000003246,2012-02-15 16:08:00+00:00,34.7942,-71.2229,5.0,19.312775,36.513137,213.9635,6.547036832
TARA_N000003247,2012-02-15 16:08:00+00:00,34.7942,-71.2229,5.0,19.312775,36.513137,213.9635,6.547036832
TARA_G100010990,2012-02-15 16:08:00+00:00,34.7942,-71.2229,5.0,19.312775,36.513137,213.9635,6.547036832
TARA_G100010991,2012-02-15 16:08:00+00:00,34.7942,-71.2229,5.0,19.312775,36.513137,213.9635,6.547036832
TARA_G100010942,2012-02-15 16:49:00+00:00,34.8217,-71.21,5.0,19.373088,36.540563,213.948062,6.547036832
TARA_G100010943,2012-02-15 16:49:00+00:00,34.8217,-71.21,5.0,19.373088,36.540563,213.948062,6.547036832
TARA_G100010954,2012-02-15 16:49:00+00:00,34.8217,-71.21,5.0,19.373088,36.540563,213.948062,6.547036832
TARA_G100010955,2012-02-15 16:49:00+00:00,34.8217,-71.21,5.0,19.373088,36.540563,213.948062,6.547036832
TARA_G100010966,2012-02-15 16:49:00+00:00,34.8217,-71.21,5.0,19.373088,36.540563,213.948062,6.547036832
TARA_G100010967,2012-02-15 16:49:00+00:00,34.8217,-71.21,5.0,19.373088,36.540563,213.948062,6.547036832
TARA_G100010958,2012-02-15 16:49:00+00:00,34.8217,-71.21,5.0,19.373088,36.540563,213.948062,6.547036832
TARA_G100010959,2012-02-15 16:49:00+00:00,34.8217,-71.21,5.0,19.373088,36.540563,213.948062,6.547036832
TARA_G100010938,2012-02-15 16:49:00+00:00,34.8217,-71.21,5.0,19.373088,36.540563,213.948062,6.547036832
TARA_G100010939,2012-02-15 16:49:00+00:00,34.8217,-71.21,5.0,19.373088,36.540563,213.948062,6.547036832
TARA_G100010946,2012-02-15 16:49:00+00:00,34.8217,-71.21,5.0,19.373088,36.540563,213.948062,6.547036832
TARA_G100010947,2012-02-15 16:49:00+00:00,34.8217,-71.21,5.0,19.373088,36.540563,213.948062,6.547036832
TARA_G100010950,2012-02-15 16:49:00+00:00,34.8217,-71.21,5.0,19.373088,36.540563,213.948062,6.547036832
TARA_G100010951,2012-02-15 16:49:00+00:00,34.8217,-71.21,5.0,19.373088,36.540563,213.948062,6.547036832
TARA_N000002157,2012-02-15 16:49:00+00:00,34.8217,-71.21,5.0,19.373088,36.540563,213.948062,6.547036832
TARA_N000002158,2012-02-15 16:49:00+00:00,34.8217,-71.21,5.0,19.373088,36.540563,213.948062,6.547036832
TARA_N000003257,2012-02-15 16:49:00+00:00,34.8217,-71.21,5.0,19.373088,36.540563,213.948062,6.547036832
TARA_N000003258,2012-02-15 16:49:00+00:00,34.8217,-71.21,5.0,19.373088,36.540563,213.948062,6.547036832
TARA_G000000507,2012-02-15 16:49:00+00:00,34.8217,-71.21,5.0,19.373088,36.540563,213.948062,6.547036832
TARA_G000000508,2012-02-15 16:49:00+00:00,34.8217,-71.21,5.0,19.373088,36.540563,213.948062,6.547036832
TARA_B000003882,2012-02-16 12:01:00+00:00,34.6663,-71.2907,640.0,10.6855,35.36729,137.3344,6.741054363
TARA_B000003883,2012-02-16 12:01:00+00:00,34.6663,-71.2907,640.0,10.6855,35.36729,137.3344,6.741054363
TARA_B000003884,2012-02-16 12:01:00+00:00,34.6663,-71.2907,640.0,10.6855,35.36729,137.3344,6.741054363
TARA_B000003885,2012-02-16 12:01:00+00:00,34.6663,-71.2907,640.0,10.6855,35.36729,137.3344,6.741054363
TARA_Y100000622,2012-02-16 12:01:00+00:00,34.6663,-71.2907,640.0,10.6855,35.36729,137.3344,6.741054363
TARA_Y100000623,2012-02-16 12:01:00+00:00,34.6663,-71.2907,640.0,10.6855,35.36729,137.3344,6.741054363
TARA_Y000000259,2012-02-16 12:01:00+00:00,34.6663,-71.2907,640.0,10.6855,35.36729,137.3344,6.741054363
TARA_Y000000260,2012-02-16 12:01:00+00:00,34.6663,-71.2907,640.0,10.6855,35.36729,137.3344,6.741054363
TARA_R100001871,2012-02-16 12:01:00+00:00,34.6663,-71.2907,640.0,10.6855,35.36729,137.3344,6.741054363
TARA_R100001872,2012-02-16 12:01:00+00:00,34.6663,-71.2907,640.0,10.6855,35.36729,137.3344,6.741054363
TARA_R000002213,2012-02-16 12:01:00+00:00,34.6663,-71.2907,640.0,10.6855,35.36729,137.3344,6.741054363
TARA_R000002214,2012-02-16 12:01:00+00:00,34.6663,-71.2907,640.0,10.6855,35.36729,137.3344,6.741054363
TARA_R000002226,2012-02-16 12:01:00+00:00,34.6663,-71.2907,640.0,10.6855,35.36729,137.3344,6.741054363
TARA_G100011012,2012-02-16 12:01:00+00:00,34.6663,-71.2907,640.0,10.6855,35.36729,137.3344,6.741054363
TARA_G100011013,2012-02-16 12:01:00+00:00,34.6663,-71.2907,640.0,10.6855,35.36729,137.3344,6.741054363
TARA_G100011020,2012-02-16 12:01:00+00:00,34.6663,-71.2907,640.0,10.6855,35.36729,137.3344,6.741054363
TARA_G100011021,2012-02-16 12:01:00+00:00,34.6663,-71.2907,640.0,10.6855,35.36729,137.3344,6.741054363
TARA_B000003878,2012-02-16 12:01:00+00:00,34.6663,-71.2907,640.0,10.6855,35.36729,137.3344,6.741054363
TARA_B000003879,2012-02-16 12:01:00+00:00,34.6663,-71.2907,640.0,10.6855,35.36729,137.3344,6.741054363
TARA_B000003880,2012-02-16 12:01:00+00:00,34.6663,-71.2907,640.0,10.6855,35.36729,137.3344,6.741054363
TARA_B000003881,2012-02-16 12:01:00+00:00,34.6663,-71.2907,640.0,10.6855,35.36729,137.3344,6.741054363
TARA_R000002209,2012-02-16 12:01:00+00:00,34.6663,-71.2907,640.0,10.6855,35.36729,137.3344,6.741054363
TARA_R000002210,2012-02-16 12:01:00+00:00,34.6663,-71.2907,640.0,10.6855,35.36729,137.3344,6.741054363
TARA_R000002211,2012-02-16 12:01:00+00:00,34.6663,-71.2907,640.0,10.6855,35.36729,137.3344,6.741054363
TARA_R000002207,2012-02-16 12:01:00+00:00,34.6663,-71.2907,640.0,10.6855,35.36729,137.3344,6.741054363
TARA_R000002208,2012-02-16 12:01:00+00:00,34.6663,-71.2907,640.0,10.6855,35.36729,137.3344,6.741054363
TARA_G000000511,2012-02-16 12:01:00+00:00,34.6663,-71.2907,640.0,10.6855,35.36729,137.3344,6.741054363
TARA_G000000513,2012-02-16 12:01:00+00:00,34.6663,-71.2907,640.0,10.6855,35.36729,137.3344,6.741054363
TARA_G000000700,2012-02-16 12:01:00+00:00,34.6663,-71.2907,640.0,10.6855,35.36729,137.3344,6.741054363
TARA_G100011018,2012-02-16 12:01:00+00:00,34.6663,-71.2907,640.0,10.6855,35.36729,137.3344,6.741054363
TARA_G100011019,2012-02-16 12:01:00+00:00,34.6663,-71.2907,640.0,10.6855,35.36729,137.3344,6.741054363
TARA_G100011024,2012-02-16 12:01:00+00:00,34.6663,-71.2907,640.0,10.6855,35.36729,137.3344,6.741054363
TARA_G100011014,2012-02-16 12:01:00+00:00,34.6663,-71.2907,640.0,10.6855,35.36729,137.3344,6.741054363
TARA_G100011015,2012-02-16 12:01:00+00:00,34.6663,-71.2907,640.0,10.6855,35.36729,137.3344,6.741054363
TARA_B100001168,2012-02-16 12:01:00+00:00,34.6663,-71.2907,640.0,10.6855,35.36729,137.3344,6.741054363
TARA_B100001169,2012-02-16 12:01:00+00:00,34.6663,-71.2907,640.0,10.6855,35.36729,137.3344,6.741054363
TARA_B100001170,2012-02-16 12:01:00+00:00,34.6663,-71.2907,640.0,10.6855,35.36729,137.3344,6.741054363
TARA_R100001876,2012-02-16 12:01:00+00:00,34.6663,-71.2907,640.0,10.6855,35.36729,137.3344,6.741054363
TARA_R100001877,2012-02-16 12:01:00+00:00,34.6663,-71.2907,640.0,10.6855,35.36729,137.3344,6.741054363
TARA_G100011016,2012-02-16 12:01:00+00:00,34.6663,-71.2907,640.0,10.6855,35.36729,137.3344,6.741054363
TARA_G100011017,2012-02-16 12:01:00+00:00,34.6663,-71.2907,640.0,10.6855,35.36729,137.3344,6.741054363
TARA_R000002204,2012-02-16 12:01:00+00:00,34.6663,-71.2907,640.0,10.6855,35.36729,137.3344,6.741054363
TARA_R000002205,2012-02-16 12:01:00+00:00,34.6663,-71.2907,640.0,10.6855,35.36729,137.3344,6.741054363
TARA_R000002206,2012-02-16 12:01:00+00:00,34.6663,-71.2907,640.0,10.6855,35.36729,137.3344,6.741054363
TARA_R100001874,2012-02-16 12:01:00+00:00,34.6663,-71.2907,640.0,10.6855,35.36729,137.3344,6.741054363
TARA_R100001875,2012-02-16 12:01:00+00:00,34.6663,-71.2907,640.0,10.6855,35.36729,137.3344,6.741054363
TARA_B100001166,2012-02-16 12:01:00+00:00,34.6663,-71.2907,640.0,10.6855,35.36729,137.3344,6.741054363
TARA_B100001167,2012-02-16 12:01:00+00:00,34.6663,-71.2907,640.0,10.6855,35.36729,137.3344,6.741054363
TARA_B000003888,2012-02-16 12:01:00+00:00,34.6663,-71.2907,640.0,10.6855,35.36729,137.3344,6.741054363
TARA_B000003889,2012-02-16 12:01:00+00:00,34.6663,-71.2907,640.0,10.6855,35.36729,137.3344,6.741054363
TARA_N000002150,2012-02-16 12:01:00+00:00,34.6663,-71.2907,640.0,10.6855,35.36729,137.3344,6.741054363
TARA_N000002152,2012-02-16 12:01:00+00:00,34.6663,-71.2907,640.0,10.6855,35.36729,137.3344,6.741054363
TARA_N000002149,2012-02-16 12:01:00+00:00,34.6663,-71.2907,640.0,10.6855,35.36729,137.3344,6.741054363
TARA_N000002151,2012-02-16 12:01:00+00:00,34.6663,-71.2907,640.0,10.6855,35.36729,137.3344,6.741054363
TARA_B000003886,2012-02-16 12:01:00+00:00,34.6663,-71.2907,640.0,10.6855,35.36729,137.3344,6.741054363
TARA_B000003887,2012-02-16 12:01:00+00:00,34.6663,-71.2907,640.0,10.6855,35.36729,137.3344,6.741054363
TARA_B100001164,2012-02-16 12:01:00+00:00,34.6663,-71.2907,640.0,10.6855,35.36729,137.3344,6.741054363
TARA_B100001165,2012-02-16 12:01:00+00:00,34.6663,-71.2907,640.0,10.6855,35.36729,137.3344,6.741054363
TARA_Y100000621,2012-02-16 12:01:00+00:00,34.6663,-71.2907,640.0,10.6855,35.36729,137.3344,6.741054363
TARA_Y100000620,2012-02-16 12:01:00+00:00,34.6663,-71.2907,640.0,10.6855,35.36729,137.3344,6.741054363
TARA_Y100000619,2012-02-16 12:01:00+00:00,34.6663,-71.2907,640.0,10.6855,35.36729,137.3344,6.741054363
TARA_R100001873,2012-02-16 12:01:00+00:00,34.6663,-71.2907,640.0,10.6855,35.36729,137.3344,6.741054363
TARA_G000000514,2012-02-16 12:01:00+00:00,34.6663,-71.2907,640.0,10.6855,35.36729,137.3344,6.741054363
TARA_G000000515,2012-02-16 12:01:00+00:00,34.6663,-71.2907,640.0,10.6855,35.36729,137.3344,6.741054363
TARA_B000003899,2012-02-24 11:40:00+00:00,31.6948,-64.2489,5.0,20.481195,36.596745,213.6889,6.754100284
TARA_B000003900,2012-02-24 11:40:00+00:00,31.6948,-64.2489,5.0,20.481195,36.596745,213.6889,6.754100284
TARA_B000003901,2012-02-24 11:40:00+00:00,31.6948,-64.2489,5.0,20.481195,36.596745,213.6889,6.754100284
TARA_Y100000628,2012-02-24 11:40:00+00:00,31.6948,-64.2489,5.0,20.481195,36.596745,213.6889,6.754100284
TARA_Y100000629,2012-02-24 11:40:00+00:00,31.6948,-64.2489,5.0,20.481195,36.596745,213.6889,6.754100284
TARA_Y000000261,2012-02-24 11:40:00+00:00,31.6948,-64.2489,5.0,20.481195,36.596745,213.6889,6.754100284
TARA_Y000000262,2012-02-24 11:40:00+00:00,31.6948,-64.2489,5.0,20.481195,36.596745,213.6889,6.754100284
TARA_R100001878,2012-02-24 11:40:00+00:00,31.6948,-64.2489,5.0,20.481195,36.596745,213.6889,6.754100284
TARA_R100001879,2012-02-24 11:40:00+00:00,31.6948,-64.2489,5.0,20.481195,36.596745,213.6889,6.754100284
TARA_R000002201,2012-02-24 11:40:00+00:00,31.6948,-64.2489,5.0,20.481195,36.596745,213.6889,6.754100284
TARA_R000002202,2012-02-24 11:40:00+00:00,31.6948,-64.2489,5.0,20.481195,36.596745,213.6889,6.754100284
TARA_R000002203,2012-02-24 11:40:00+00:00,31.6948,-64.2489,5.0,20.481195,36.596745,213.6889,6.754100284
TARA_G100011150,2012-02-24 11:40:00+00:00,31.6948,-64.2489,5.0,20.481195,36.596745,213.6889,6.754100284
TARA_G100011151,2012-02-24 11:40:00+00:00,31.6948,-64.2489,5.0,20.481195,36.596745,213.6889,6.754100284
TARA_G100011146,2012-02-24 11:40:00+00:00,31.6948,-64.2489,5.0,20.481195,36.596745,213.6889,6.754100284
TARA_G100011147,2012-02-24 11:40:00+00:00,31.6948,-64.2489,5.0,20.481195,36.596745,213.6889,6.754100284
TARA_B000003895,2012-02-24 11:40:00+00:00,31.6948,-64.2489,5.0,20.481195,36.596745,213.6889,6.754100284
TARA_B000003896,2012-02-24 11:40:00+00:00,31.6948,-64.2489,5.0,20.481195,36.596745,213.6889,6.754100284
TARA_B000003897,2012-02-24 11:40:00+00:00,31.6948,-64.2489,5.0,20.481195,36.596745,213.6889,6.754100284
TARA_B000003898,2012-02-24 11:40:00+00:00,31.6948,-64.2489,5.0,20.481195,36.596745,213.6889,6.754100284
TARA_R000002198,2012-02-24 11:40:00+00:00,31.6948,-64.2489,5.0,20.481195,36.596745,213.6889,6.754100284
TARA_R000002199,2012-02-24 11:40:00+00:00,31.6948,-64.2489,5.0,20.481195,36.596745,213.6889,6.754100284
TARA_R000002200,2012-02-24 11:40:00+00:00,31.6948,-64.2489,5.0,20.481195,36.596745,213.6889,6.754100284
TARA_R000002196,2012-02-24 11:40:00+00:00,31.6948,-64.2489,5.0,20.481195,36.596745,213.6889,6.754100284
TARA_R000002197,2012-02-24 11:40:00+00:00,31.6948,-64.2489,5.0,20.481195,36.596745,213.6889,6.754100284
TARA_G000000525,2012-02-24 11:40:00+00:00,31.6948,-64.2489,5.0,20.481195,36.596745,213.6889,6.754100284
TARA_G000000526,2012-02-24 11:40:00+00:00,31.6948,-64.2489,5.0,20.481195,36.596745,213.6889,6.754100284
TARA_G000000527,2012-02-24 11:40:00+00:00,31.6948,-64.2489,5.0,20.481195,36.596745,213.6889,6.754100284
TARA_B100001745,2012-02-24 11:40:00+00:00,31.6948,-64.2489,5.0,20.481195,36.596745,213.6889,6.754100284
TARA_B100001746,2012-02-24 11:40:00+00:00,31.6948,-64.2489,5.0,20.481195,36.596745,213.6889,6.754100284
TARA_B100001747,2012-02-24 11:40:00+00:00,31.6948,-64.2489,5.0,20.481195,36.596745,213.6889,6.754100284
TARA_R100001883,2012-02-24 11:40:00+00:00,31.6948,-64.2489,5.0,20.481195,36.596745,213.6889,6.754100284
TARA_R100001884,2012-02-24 11:40:00+00:00,31.6948,-64.2489,5.0,20.481195,36.596745,213.6889,6.754100284
TARA_R100001885,2012-02-24 11:40:00+00:00,31.6948,-64.2489,5.0,20.481195,36.596745,213.6889,6.754100284
TARA_G100011148,2012-02-24 11:40:00+00:00,31.6948,-64.2489,5.0,20.481195,36.596745,213.6889,6.754100284
TARA_G100011149,2012-02-24 11:40:00+00:00,31.6948,-64.2489,5.0,20.481195,36.596745,213.6889,6.754100284
TARA_R000002193,2012-02-24 11:40:00+00:00,31.6948,-64.2489,5.0,20.481195,36.596745,213.6889,6.754100284
TARA_R000002194,2012-02-24 11:40:00+00:00,31.6948,-64.2489,5.0,20.481195,36.596745,213.6889,6.754100284
TARA_R000002195,2012-02-24 11:40:00+00:00,31.6948,-64.2489,5.0,20.481195,36.596745,213.6889,6.754100284
TARA_R100001881,2012-02-24 11:40:00+00:00,31.6948,-64.2489,5.0,20.481195,36.596745,213.6889,6.754100284
TARA_R100001882,2012-02-24 11:40:00+00:00,31.6948,-64.2489,5.0,20.481195,36.596745,213.6889,6.754100284
TARA_G100011144,2012-02-24 11:40:00+00:00,31.6948,-64.2489,5.0,20.481195,36.596745,213.6889,6.754100284
TARA_G100011145,2012-02-24 11:40:00+00:00,31.6948,-64.2489,5.0,20.481195,36.596745,213.6889,6.754100284
TARA_B100001743,2012-02-24 11:40:00+00:00,31.6948,-64.2489,5.0,20.481195,36.596745,213.6889,6.754100284
TARA_B100001744,2012-02-24 11:40:00+00:00,31.6948,-64.2489,5.0,20.481195,36.596745,213.6889,6.754100284
TARA_B000003893,2012-02-24 11:40:00+00:00,31.6948,-64.2489,5.0,20.481195,36.596745,213.6889,6.754100284
TARA_B000003894,2012-02-24 11:40:00+00:00,31.6948,-64.2489,5.0,20.481195,36.596745,213.6889,6.754100284
TARA_N000002111,2012-02-24 11:40:00+00:00,31.6948,-64.2489,5.0,20.481195,36.596745,213.6889,6.754100284
TARA_N000002112,2012-02-24 11:40:00+00:00,31.6948,-64.2489,5.0,20.481195,36.596745,213.6889,6.754100284
TARA_N000002113,2012-02-24 11:40:00+00:00,31.6948,-64.2489,5.0,20.481195,36.596745,213.6889,6.754100284
TARA_N000002114,2012-02-24 11:40:00+00:00,31.6948,-64.2489,5.0,20.481195,36.596745,213.6889,6.754100284
TARA_N000002121,2012-02-24 11:40:00+00:00,31.6948,-64.2489,5.0,20.481195,36.596745,213.6889,6.754100284
TARA_N000002122,2012-02-24 11:40:00+00:00,31.6948,-64.2489,5.0,20.481195,36.596745,213.6889,6.754100284
TARA_B000003892,2012-02-24 11:40:00+00:00,31.6948,-64.2489,5.0,20.481195,36.596745,213.6889,6.754100284
TARA_B000003902,2012-02-24 11:40:00+00:00,31.6948,-64.2489,5.0,20.481195,36.596745,213.6889,6.754100284
TARA_B100001741,2012-02-24 11:40:00+00:00,31.6948,-64.2489,5.0,20.481195,36.596745,213.6889,6.754100284
TARA_B100001742,2012-02-24 11:40:00+00:00,31.6948,-64.2489,5.0,20.481195,36.596745,213.6889,6.754100284
TARA_Y100000627,2012-02-24 11:40:00+00:00,31.6948,-64.2489,5.0,20.481195,36.596745,213.6889,6.754100284
TARA_Y100000626,2012-02-24 11:40:00+00:00,31.6948,-64.2489,5.0,20.481195,36.596745,213.6889,6.754100284
TARA_Y100000625,2012-02-24 11:40:00+00:00,31.6948,-64.2489,5.0,20.481195,36.596745,213.6889,6.754100284
TARA_R100001880,2012-02-24 11:40:00+00:00,31.6948,-64.2489,5.0,20.481195,36.596745,213.6889,6.754100284
TARA_G000000524,2012-02-24 11:40:00+00:00,31.6948,-64.2489,5.0,20.481195,36.596745,213.6889,6.754100284
TARA_G000000699,2012-02-24 11:40:00+00:00,31.6948,-64.2489,5.0,20.481195,36.596745,213.6889,6.754100284
TARA_G100011180,2012-02-24 13:51:00+00:00,31.7432,-64.1967,5.0,20.481195,36.596745,213.6889,6.754100284
TARA_G100011181,2012-02-24 13:51:00+00:00,31.7432,-64.1967,5.0,20.481195,36.596745,213.6889,6.754100284
TARA_G100011188,2012-02-24 13:51:00+00:00,31.7432,-64.1967,5.0,20.481195,36.596745,213.6889,6.754100284
TARA_G100011182,2012-02-24 13:51:00+00:00,31.7432,-64.1967,5.0,20.481195,36.596745,213.6889,6.754100284
TARA_G100011183,2012-02-24 13:51:00+00:00,31.7432,-64.1967,5.0,20.481195,36.596745,213.6889,6.754100284
TARA_G100011186,2012-02-24 13:51:00+00:00,31.7432,-64.1967,5.0,20.481195,36.596745,213.6889,6.754100284
TARA_G100011187,2012-02-24 13:51:00+00:00,31.7432,-64.1967,5.0,20.481195,36.596745,213.6889,6.754100284
TARA_N000002119,2012-02-24 13:51:00+00:00,31.7432,-64.1967,5.0,20.481195,36.596745,213.6889,6.754100284
TARA_N000002120,2012-02-24 13:51:00+00:00,31.7432,-64.1967,5.0,20.481195,36.596745,213.6889,6.754100284
TARA_N000002127,2012-02-24 13:51:00+00:00,31.7432,-64.1967,5.0,20.481195,36.596745,213.6889,6.754100284
TARA_N000002128,2012-02-24 13:51:00+00:00,31.7432,-64.1967,5.0,20.481195,36.596745,213.6889,6.754100284
TARA_G100011184,2012-02-24 13:51:00+00:00,31.7432,-64.1967,5.0,20.481195,36.596745,213.6889,6.754100284
TARA_G100011185,2012-02-24 13:51:00+00:00,31.7432,-64.1967,5.0,20.481195,36.596745,213.6889,6.754100284
TARA_G100011166,2012-02-24 15:14:00+00:00,31.7913,-64.1522,5.0,20.481195,36.596745,213.6889,6.754100284
TARA_G100011167,2012-02-24 15:14:00+00:00,31.7913,-64.1522,5.0,20.481195,36.596745,213.6889,6.754100284
TARA_G100011170,2012-02-24 15:14:00+00:00,31.7913,-64.1522,5.0,20.481195,36.596745,213.6889,6.754100284
TARA_G100011171,2012-02-24 15:14:00+00:00,31.7913,-64.1522,5.0,20.481195,36.596745,213.6889,6.754100284
TARA_G100011174,2012-02-24 15:14:00+00:00,31.7913,-64.1522,5.0,20.481195,36.596745,213.6889,6.754100284
TARA_G100011175,2012-02-24 15:14:00+00:00,31.7913,-64.1522,5.0,20.481195,36.596745,213.6889,6.754100284
TARA_G100011178,2012-02-24 15:14:00+00:00,31.7913,-64.1522,5.0,20.481195,36.596745,213.6889,6.754100284
TARA_G100011179,2012-02-24 15:14:00+00:00,31.7913,-64.1522,5.0,20.481195,36.596745,213.6889,6.754100284
TARA_G100011168,2012-02-24 15:14:00+00:00,31.7913,-64.1522,5.0,20.481195,36.596745,213.6889,6.754100284
TARA_G100011169,2012-02-24 15:14:00+00:00,31.7913,-64.1522,5.0,20.481195,36.596745,213.6889,6.754100284
TARA_G100011172,2012-02-24 15:14:00+00:00,31.7913,-64.1522,5.0,20.481195,36.596745,213.6889,6.754100284
TARA_G100011173,2012-02-24 15:14:00+00:00,31.7913,-64.1522,5.0,20.481195,36.596745,213.6889,6.754100284
TARA_N000002117,2012-02-24 15:14:00+00:00,31.7913,-64.1522,5.0,20.481195,36.596745,213.6889,6.754100284
TARA_N000002118,2012-02-24 15:14:00+00:00,31.7913,-64.1522,5.0,20.481195,36.596745,213.6889,6.754100284
TARA_N000002125,2012-02-24 15:14:00+00:00,31.7913,-64.1522,5.0,20.481195,36.596745,213.6889,6.754100284
TARA_N000002126,2012-02-24 15:14:00+00:00,31.7913,-64.1522,5.0,20.481195,36.596745,213.6889,6.754100284
TARA_G100011176,2012-02-24 15:14:00+00:00,31.7913,-64.1522,5.0,20.481195,36.596745,213.6889,6.754100284
TARA_G100011177,2012-02-24 15:14:00+00:00,31.7913,-64.1522,5.0,20.481195,36.596745,213.6889,6.754100284
TARA_G100011160,2012-02-24 15:43:00+00:00,31.8103,-64.1348,5.0,20.481195,36.596745,213.6889,6.754100284
TARA_G100011161,2012-02-24 15:43:00+00:00,31.8103,-64.1348,5.0,20.481195,36.596745,213.6889,6.754100284
TARA_G100011154,2012-02-24 15:43:00+00:00,31.8103,-64.1348,5.0,20.481195,36.596745,213.6889,6.754100284
TARA_G100011155,2012-02-24 15:43:00+00:00,31.8103,-64.1348,5.0,20.481195,36.596745,213.6889,6.754100284
TARA_G100011164,2012-02-24 15:43:00+00:00,31.8103,-64.1348,5.0,20.481195,36.596745,213.6889,6.754100284
TARA_G100011165,2012-02-24 15:43:00+00:00,31.8103,-64.1348,5.0,20.481195,36.596745,213.6889,6.754100284
TARA_G100011162,2012-02-24 15:43:00+00:00,31.8103,-64.1348,5.0,20.481195,36.596745,213.6889,6.754100284
TARA_G100011163,2012-02-24 15:43:00+00:00,31.8103,-64.1348,5.0,20.481195,36.596745,213.6889,6.754100284
TARA_G100011152,2012-02-24 15:43:00+00:00,31.8103,-64.1348,5.0,20.481195,36.596745,213.6889,6.754100284
TARA_G100011153,2012-02-24 15:43:00+00:00,31.8103,-64.1348,5.0,20.481195,36.596745,213.6889,6.754100284
TARA_G100011158,2012-02-24 15:43:00+00:00,31.8103,-64.1348,5.0,20.481195,36.596745,213.6889,6.754100284
TARA_G100011159,2012-02-24 15:43:00+00:00,31.8103,-64.1348,5.0,20.481195,36.596745,213.6889,6.754100284
TARA_G100011156,2012-02-24 15:43:00+00:00,31.8103,-64.1348,5.0,20.481195,36.596745,213.6889,6.754100284
TARA_G100011157,2012-02-24 15:43:00+00:00,31.8103,-64.1348,5.0,20.481195,36.596745,213.6889,6.754100284
TARA_N000002115,2012-02-24 15:43:00+00:00,31.8103,-64.1348,5.0,20.481195,36.596745,213.6889,6.754100284
TARA_N000002116,2012-02-24 15:43:00+00:00,31.8103,-64.1348,5.0,20.481195,36.596745,213.6889,6.754100284
TARA_N000002123,2012-02-24 15:43:00+00:00,31.8103,-64.1348,5.0,20.481195,36.596745,213.6889,6.754100284
TARA_N000002124,2012-02-24 15:43:00+00:00,31.8103,-64.1348,5.0,20.481195,36.596745,213.6889,6.754100284
TARA_G000000528,2012-02-24 15:43:00+00:00,31.8103,-64.1348,5.0,20.481195,36.596745,213.6889,6.754100284
TARA_G000000529,2012-02-24 15:43:00+00:00,31.8103,-64.1348,5.0,20.481195,36.596745,213.6889,6.754100284
TARA_B000003923,2012-03-01 10:48:00+00:00,34.1132,-49.9181,5.0,18.82554,36.41274,220.9492,6.711311234
TARA_B000003924,2012-03-01 10:48:00+00:00,34.1132,-49.9181,5.0,18.82554,36.41274,220.9492,6.711311234
TARA_Y100001140,2012-03-01 10:48:00+00:00,34.1132,-49.9181,5.0,18.82554,36.41274,220.9492,6.711311234
TARA_Y100001141,2012-03-01 10:48:00+00:00,34.1132,-49.9181,5.0,18.82554,36.41274,220.9492,6.711311234
TARA_Y000000265,2012-03-01 10:48:00+00:00,34.1132,-49.9181,5.0,18.82554,36.41274,220.9492,6.711311234
TARA_Y000000266,2012-03-01 10:48:00+00:00,34.1132,-49.9181,5.0,18.82554,36.41274,220.9492,6.711311234
TARA_R100001897,2012-03-01 10:48:00+00:00,34.1132,-49.9181,5.0,18.82554,36.41274,220.9492,6.711311234
TARA_R100001898,2012-03-01 10:48:00+00:00,34.1132,-49.9181,5.0,18.82554,36.41274,220.9492,6.711311234
TARA_R000002179,2012-03-01 10:48:00+00:00,34.1132,-49.9181,5.0,18.82554,36.41274,220.9492,6.711311234
TARA_R000002180,2012-03-01 10:48:00+00:00,34.1132,-49.9181,5.0,18.82554,36.41274,220.9492,6.711311234
TARA_R000002181,2012-03-01 10:48:00+00:00,34.1132,-49.9181,5.0,18.82554,36.41274,220.9492,6.711311234
TARA_G100005932,2012-03-01 10:48:00+00:00,34.1132,-49.9181,5.0,18.82554,36.41274,220.9492,6.711311234
TARA_G100005933,2012-03-01 10:48:00+00:00,34.1132,-49.9181,5.0,18.82554,36.41274,220.9492,6.711311234
TARA_G100012831,2012-03-01 10:48:00+00:00,34.1132,-49.9181,5.0,18.82554,36.41274,220.9492,6.711311234
TARA_G100012832,2012-03-01 10:48:00+00:00,34.1132,-49.9181,5.0,18.82554,36.41274,220.9492,6.711311234
TARA_G100005928,2012-03-01 10:48:00+00:00,34.1132,-49.9181,5.0,18.82554,36.41274,220.9492,6.711311234
TARA_G100005929,2012-03-01 10:48:00+00:00,34.1132,-49.9181,5.0,18.82554,36.41274,220.9492,6.711311234
TARA_B000003919,2012-03-01 10:48:00+00:00,34.1132,-49.9181,5.0,18.82554,36.41274,220.9492,6.711311234
TARA_B000003920,2012-03-01 10:48:00+00:00,34.1132,-49.9181,5.0,18.82554,36.41274,220.9492,6.711311234
TARA_B000003921,2012-03-01 10:48:00+00:00,34.1132,-49.9181,5.0,18.82554,36.41274,220.9492,6.711311234
TARA_B000003922,2012-03-01 10:48:00+00:00,34.1132,-49.9181,5.0,18.82554,36.41274,220.9492,6.711311234
TARA_R000002176,2012-03-01 10:48:00+00:00,34.1132,-49.9181,5.0,18.82554,36.41274,220.9492,6.711311234
TARA_R000002177,2012-03-01 10:48:00+00:00,34.1132,-49.9181,5.0,18.82554,36.41274,220.9492,6.711311234
TARA_R000002178,2012-03-01 10:48:00+00:00,34.1132,-49.9181,5.0,18.82554,36.41274,220.9492,6.711311234
TARA_R000002174,2012-03-01 10:48:00+00:00,34.1132,-49.9181,5.0,18.82554,36.41274,220.9492,6.711311234
TARA_R000002175,2012-03-01 10:48:00+00:00,34.1132,-49.9181,5.0,18.82554,36.41274,220.9492,6.711311234
TARA_G000000612,2012-03-01 10:48:00+00:00,34.1132,-49.9181,5.0,18.82554,36.41274,220.9492,6.711311234
TARA_G000000613,2012-03-01 10:48:00+00:00,34.1132,-49.9181,5.0,18.82554,36.41274,220.9492,6.711311234
TARA_G000000614,2012-03-01 10:48:00+00:00,34.1132,-49.9181,5.0,18.82554,36.41274,220.9492,6.711311234
TARA_G100012833,2012-03-01 10:48:00+00:00,34.1132,-49.9181,5.0,18.82554,36.41274,220.9492,6.711311234
TARA_G100012834,2012-03-01 10:48:00+00:00,34.1132,-49.9181,5.0,18.82554,36.41274,220.9492,6.711311234
TARA_B100001762,2012-03-01 10:48:00+00:00,34.1132,-49.9181,5.0,18.82554,36.41274,220.9492,6.711311234
TARA_B100001763,2012-03-01 10:48:00+00:00,34.1132,-49.9181,5.0,18.82554,36.41274,220.9492,6.711311234
TARA_B100001764,2012-03-01 10:48:00+00:00,34.1132,-49.9181,5.0,18.82554,36.41274,220.9492,6.711311234
TARA_R100001896,2012-03-01 10:48:00+00:00,34.1132,-49.9181,5.0,18.82554,36.41274,220.9492,6.711311234
TARA_R100001901,2012-03-01 10:48:00+00:00,34.1132,-49.9181,5.0,18.82554,36.41274,220.9492,6.711311234
TARA_R100001902,2012-03-01 10:48:00+00:00,34.1132,-49.9181,5.0,18.82554,36.41274,220.9492,6.711311234
TARA_G100005930,2012-03-01 10:48:00+00:00,34.1132,-49.9181,5.0,18.82554,36.41274,220.9492,6.711311234
TARA_G100005931,2012-03-01 10:48:00+00:00,34.1132,-49.9181,5.0,18.82554,36.41274,220.9492,6.711311234
TARA_G100012837,2012-03-01 10:48:00+00:00,34.1132,-49.9181,5.0,18.82554,36.41274,220.9492,6.711311234
TARA_G100012838,2012-03-01 10:48:00+00:00,34.1132,-49.9181,5.0,18.82554,36.41274,220.9492,6.711311234
TARA_R000002171,2012-03-01 10:48:00+00:00,34.1132,-49.9181,5.0,18.82554,36.41274,220.9492,6.711311234
TARA_R000002172,2012-03-01 10:48:00+00:00,34.1132,-49.9181,5.0,18.82554,36.41274,220.9492,6.711311234
TARA_R000002173,2012-03-01 10:48:00+00:00,34.1132,-49.9181,5.0,18.82554,36.41274,220.9492,6.711311234
TARA_R100001895,2012-03-01 10:48:00+00:00,34.1132,-49.9181,5.0,18.82554,36.41274,220.9492,6.711311234
TARA_R100001900,2012-03-01 10:48:00+00:00,34.1132,-49.9181,5.0,18.82554,36.41274,220.9492,6.711311234
TARA_G100005924,2012-03-01 10:48:00+00:00,34.1132,-49.9181,5.0,18.82554,36.41274,220.9492,6.711311234
TARA_G100005925,2012-03-01 10:48:00+00:00,34.1132,-49.9181,5.0,18.82554,36.41274,220.9492,6.711311234
TARA_B100001760,2012-03-01 10:48:00+00:00,34.1132,-49.9181,5.0,18.82554,36.41274,220.9492,6.711311234
TARA_B100001761,2012-03-01 10:48:00+00:00,34.1132,-49.9181,5.0,18.82554,36.41274,220.9492,6.711311234
TARA_B000003917,2012-03-01 10:48:00+00:00,34.1132,-49.9181,5.0,18.82554,36.41274,220.9492,6.711311234
TARA_B000003918,2012-03-01 10:48:00+00:00,34.1132,-49.9181,5.0,18.82554,36.41274,220.9492,6.711311234
TARA_N000002133,2012-03-01 10:48:00+00:00,34.1132,-49.9181,5.0,18.82554,36.41274,220.9492,6.711311234
TARA_N000002134,2012-03-01 10:48:00+00:00,34.1132,-49.9181,5.0,18.82554,36.41274,220.9492,6.711311234
TARA_N000002135,2012-03-01 10:48:00+00:00,34.1132,-49.9181,5.0,18.82554,36.41274,220.9492,6.711311234
TARA_N000002136,2012-03-01 10:48:00+00:00,34.1132,-49.9181,5.0,18.82554,36.41274,220.9492,6.711311234
TARA_N000002519,2012-03-01 10:48:00+00:00,34.1132,-49.9181,5.0,18.82554,36.41274,220.9492,6.711311234
TARA_N000002520,2012-03-01 10:48:00+00:00,34.1132,-49.9181,5.0,18.82554,36.41274,220.9492,6.711311234
TARA_B000003915,2012-03-01 10:48:00+00:00,34.1132,-49.9181,5.0,18.82554,36.41274,220.9492,6.711311234
TARA_B000003916,2012-03-01 10:48:00+00:00,34.1132,-49.9181,5.0,18.82554,36.41274,220.9492,6.711311234
TARA_B100001758,2012-03-01 10:48:00+00:00,34.1132,-49.9181,5.0,18.82554,36.41274,220.9492,6.711311234
TARA_B100001759,2012-03-01 10:48:00+00:00,34.1132,-49.9181,5.0,18.82554,36.41274,220.9492,6.711311234
TARA_Y100001139,2012-03-01 10:48:00+00:00,34.1132,-49.9181,5.0,18.82554,36.41274,220.9492,6.711311234
TARA_Y100001138,2012-03-01 10:48:00+00:00,34.1132,-49.9181,5.0,18.82554,36.41274,220.9492,6.711311234
TARA_Y100000630,2012-03-01 10:48:00+00:00,34.1132,-49.9181,5.0,18.82554,36.41274,220.9492,6.711311234
TARA_R100001899,2012-03-01 10:48:00+00:00,34.1132,-49.9181,5.0,18.82554,36.41274,220.9492,6.711311234
TARA_G100012835,2012-03-01 10:48:00+00:00,34.1132,-49.9181,5.0,18.82554,36.41274,220.9492,6.711311234
TARA_G100012836,2012-03-01 10:48:00+00:00,34.1132,-49.9181,5.0,18.82554,36.41274,220.9492,6.711311234
TARA_G000000610,2012-03-01 10:48:00+00:00,34.1132,-49.9181,5.0,18.82554,36.41274,220.9492,6.711311234
TARA_G000000611,2012-03-01 10:48:00+00:00,34.1132,-49.9181,5.0,18.82554,36.41274,220.9492,6.711311234
TARA_G100012839,2012-03-01 13:01:00+00:00,34.0823,-49.8695,5.0,18.82554,36.41274,220.9492,6.711311234
TARA_N000002141,2012-03-01 13:01:00+00:00,34.0823,-49.8695,5.0,18.82554,36.41274,220.9492,6.711311234
TARA_N000002142,2012-03-01 13:01:00+00:00,34.0823,-49.8695,5.0,18.82554,36.41274,220.9492,6.711311234
TARA_N000002525,2012-03-01 13:01:00+00:00,34.0823,-49.8695,5.0,18.82554,36.41274,220.9492,6.711311234
TARA_N000002526,2012-03-01 13:01:00+00:00,34.0823,-49.8695,5.0,18.82554,36.41274,220.9492,6.711311234
TARA_G100012860,2012-03-01 14:22:00+00:00,34.0639,-49.844,5.0,18.82554,36.41274,220.9492,6.711311234
TARA_G100012861,2012-03-01 14:22:00+00:00,34.0639,-49.844,5.0,18.82554,36.41274,220.9492,6.711311234
TARA_G100012864,2012-03-01 14:22:00+00:00,34.0639,-49.844,5.0,18.82554,36.41274,220.9492,6.711311234
TARA_G100012865,2012-03-01 14:22:00+00:00,34.0639,-49.844,5.0,18.82554,36.41274,220.9492,6.711311234
TARA_G100012846,2012-03-01 14:22:00+00:00,34.0639,-49.844,5.0,18.82554,36.41274,220.9492,6.711311234
TARA_G100012847,2012-03-01 14:22:00+00:00,34.0639,-49.844,5.0,18.82554,36.41274,220.9492,6.711311234
TARA_G100012850,2012-03-01 14:22:00+00:00,34.0639,-49.844,5.0,18.82554,36.41274,220.9492,6.711311234
TARA_G100012851,2012-03-01 14:22:00+00:00,34.0639,-49.844,5.0,18.82554,36.41274,220.9492,6.711311234
TARA_G100012862,2012-03-01 14:22:00+00:00,34.0639,-49.844,5.0,18.82554,36.41274,220.9492,6.711311234
TARA_G100012863,2012-03-01 14:22:00+00:00,34.0639,-49.844,5.0,18.82554,36.41274,220.9492,6.711311234
TARA_G100012866,2012-03-01 14:22:00+00:00,34.0639,-49.844,5.0,18.82554,36.41274,220.9492,6.711311234
TARA_G100012867,2012-03-01 14:22:00+00:00,34.0639,-49.844,5.0,18.82554,36.41274,220.9492,6.711311234
TARA_N000002139,2012-03-01 14:22:00+00:00,34.0639,-49.844,5.0,18.82554,36.41274,220.9492,6.711311234
TARA_N000002140,2012-03-01 14:22:00+00:00,34.0639,-49.844,5.0,18.82554,36.41274,220.9492,6.711311234
TARA_N000002523,2012-03-01 14:22:00+00:00,34.0639,-49.844,5.0,18.82554,36.41274,220.9492,6.711311234
TARA_N000002524,2012-03-01 14:22:00+00:00,34.0639,-49.844,5.0,18.82554,36.41274,220.9492,6.711311234
TARA_G100012848,2012-03-01 14:22:00+00:00,34.0639,-49.844,5.0,18.82554,36.41274,220.9492,6.711311234
TARA_G100012849,2012-03-01 14:22:00+00:00,34.0639,-49.844,5.0,18.82554,36.41274,220.9492,6.711311234
TARA_G100012889,2012-03-01 14:59:00+00:00,34.0533,-49.8355,5.0,18.82554,36.41274,220.9492,6.711311234
TARA_G100012890,2012-03-01 14:59:00+00:00,34.0533,-49.8355,5.0,18.82554,36.41274,220.9492,6.711311234
TARA_G100012883,2012-03-01 14:59:00+00:00,34.0533,-49.8355,5.0,18.82554,36.41274,220.9492,6.711311234
TARA_G100012884,2012-03-01 14:59:00+00:00,34.0533,-49.8355,5.0,18.82554,36.41274,220.9492,6.711311234
TARA_G100012870,2012-03-01 14:59:00+00:00,34.0533,-49.8355,5.0,18.82554,36.41274,220.9492,6.711311234
TARA_G100012871,2012-03-01 14:59:00+00:00,34.0533,-49.8355,5.0,18.82554,36.41274,220.9492,6.711311234
TARA_G100012868,2012-03-01 14:59:00+00:00,34.0533,-49.8355,5.0,18.82554,36.41274,220.9492,6.711311234
TARA_G100012869,2012-03-01 14:59:00+00:00,34.0533,-49.8355,5.0,18.82554,36.41274,220.9492,6.711311234
TARA_G100005934,2012-03-01 14:59:00+00:00,34.0533,-49.8355,5.0,18.82554,36.41274,220.9492,6.711311234
TARA_G100012882,2012-03-01 14:59:00+00:00,34.0533,-49.8355,5.0,18.82554,36.41274,220.9492,6.711311234
TARA_G100012887,2012-03-01 14:59:00+00:00,34.0533,-49.8355,5.0,18.82554,36.41274,220.9492,6.711311234
TARA_G100012888,2012-03-01 14:59:00+00:00,34.0533,-49.8355,5.0,18.82554,36.41274,220.9492,6.711311234
TARA_G100012885,2012-03-01 14:59:00+00:00,34.0533,-49.8355,5.0,18.82554,36.41274,220.9492,6.711311234
TARA_G100012886,2012-03-01 14:59:00+00:00,34.0533,-49.8355,5.0,18.82554,36.41274,220.9492,6.711311234
TARA_N000002137,2012-03-01 14:59:00+00:00,34.0533,-49.8355,5.0,18.82554,36.41274,220.9492,6.711311234
TARA_N000002138,2012-03-01 14:59:00+00:00,34.0533,-49.8355,5.0,18.82554,36.41274,220.9492,6.711311234
TARA_N000002521,2012-03-01 14:59:00+00:00,34.0533,-49.8355,5.0,18.82554,36.41274,220.9492,6.711311234
TARA_N000002522,2012-03-01 14:59:00+00:00,34.0533,-49.8355,5.0,18.82554,36.41274,220.9492,6.711311234
TARA_G000000608,2012-03-01 14:59:00+00:00,34.0533,-49.8355,5.0,18.82554,36.41274,220.9492,6.711311234
TARA_G000000609,2012-03-01 14:59:00+00:00,34.0533,-49.8355,5.0,18.82554,36.41274,220.9492,6.711311234
TARA_B000003933,2012-03-01 18:50:00+00:00,34.0771,-49.8233,740.0,10.496305,35.369805,152.7195,6.783395287
TARA_B000003934,2012-03-01 18:50:00+00:00,34.0771,-49.8233,740.0,10.496305,35.369805,152.7195,6.783395287
TARA_Y100000635,2012-03-01 18:50:00+00:00,34.0771,-49.8233,740.0,10.496305,35.369805,152.7195,6.783395287
TARA_Y100000636,2012-03-01 18:50:00+00:00,34.0771,-49.8233,740.0,10.496305,35.369805,152.7195,6.783395287
TARA_Y000000469,2012-03-01 18:50:00+00:00,34.0771,-49.8233,740.0,10.496305,35.369805,152.7195,6.783395287
TARA_Y000000470,2012-03-01 18:50:00+00:00,34.0771,-49.8233,740.0,10.496305,35.369805,152.7195,6.783395287
TARA_R100001903,2012-03-01 18:50:00+00:00,34.0771,-49.8233,740.0,10.496305,35.369805,152.7195,6.783395287
TARA_R100001904,2012-03-01 18:50:00+00:00,34.0771,-49.8233,740.0,10.496305,35.369805,152.7195,6.783395287
TARA_R000002168,2012-03-01 18:50:00+00:00,34.0771,-49.8233,740.0,10.496305,35.369805,152.7195,6.783395287
TARA_R000002169,2012-03-01 18:50:00+00:00,34.0771,-49.8233,740.0,10.496305,35.369805,152.7195,6.783395287
TARA_R000002170,2012-03-01 18:50:00+00:00,34.0771,-49.8233,740.0,10.496305,35.369805,152.7195,6.783395287
TARA_G100012812,2012-03-01 18:50:00+00:00,34.0771,-49.8233,740.0,10.496305,35.369805,152.7195,6.783395287
TARA_G100012813,2012-03-01 18:50:00+00:00,34.0771,-49.8233,740.0,10.496305,35.369805,152.7195,6.783395287
TARA_G100012820,2012-03-01 18:50:00+00:00,34.0771,-49.8233,740.0,10.496305,35.369805,152.7195,6.783395287
TARA_G100012821,2012-03-01 18:50:00+00:00,34.0771,-49.8233,740.0,10.496305,35.369805,152.7195,6.783395287
TARA_B000003929,2012-03-01 18:50:00+00:00,34.0771,-49.8233,740.0,10.496305,35.369805,152.7195,6.783395287
TARA_B000003930,2012-03-01 18:50:00+00:00,34.0771,-49.8233,740.0,10.496305,35.369805,152.7195,6.783395287
TARA_B000003931,2012-03-01 18:50:00+00:00,34.0771,-49.8233,740.0,10.496305,35.369805,152.7195,6.783395287
TARA_B000003932,2012-03-01 18:50:00+00:00,34.0771,-49.8233,740.0,10.496305,35.369805,152.7195,6.783395287
TARA_R000002165,2012-03-01 18:50:00+00:00,34.0771,-49.8233,740.0,10.496305,35.369805,152.7195,6.783395287
TARA_R000002166,2012-03-01 18:50:00+00:00,34.0771,-49.8233,740.0,10.496305,35.369805,152.7195,6.783395287
TARA_R000002167,2012-03-01 18:50:00+00:00,34.0771,-49.8233,740.0,10.496305,35.369805,152.7195,6.783395287
TARA_R000002163,2012-03-01 18:50:00+00:00,34.0771,-49.8233,740.0,10.496305,35.369805,152.7195,6.783395287
TARA_R000002164,2012-03-01 18:50:00+00:00,34.0771,-49.8233,740.0,10.496305,35.369805,152.7195,6.783395287
TARA_G000000603,2012-03-01 18:50:00+00:00,34.0771,-49.8233,740.0,10.496305,35.369805,152.7195,6.783395287
TARA_G000000604,2012-03-01 18:50:00+00:00,34.0771,-49.8233,740.0,10.496305,35.369805,152.7195,6.783395287
TARA_G000000605,2012-03-01 18:50:00+00:00,34.0771,-49.8233,740.0,10.496305,35.369805,152.7195,6.783395287
TARA_G100012818,2012-03-01 18:50:00+00:00,34.0771,-49.8233,740.0,10.496305,35.369805,152.7195,6.783395287
TARA_G100012819,2012-03-01 18:50:00+00:00,34.0771,-49.8233,740.0,10.496305,35.369805,152.7195,6.783395287
TARA_G100012811,2012-03-01 18:50:00+00:00,34.0771,-49.8233,740.0,10.496305,35.369805,152.7195,6.783395287
TARA_G100012814,2012-03-01 18:50:00+00:00,34.0771,-49.8233,740.0,10.496305,35.369805,152.7195,6.783395287
TARA_G100012815,2012-03-01 18:50:00+00:00,34.0771,-49.8233,740.0,10.496305,35.369805,152.7195,6.783395287
TARA_B100001767,2012-03-01 18:50:00+00:00,34.0771,-49.8233,740.0,10.496305,35.369805,152.7195,6.783395287
TARA_B100001768,2012-03-01 18:50:00+00:00,34.0771,-49.8233,740.0,10.496305,35.369805,152.7195,6.783395287
TARA_R100001908,2012-03-01 18:50:00+00:00,34.0771,-49.8233,740.0,10.496305,35.369805,152.7195,6.783395287
TARA_R100001909,2012-03-01 18:50:00+00:00,34.0771,-49.8233,740.0,10.496305,35.369805,152.7195,6.783395287
TARA_G100012816,2012-03-01 18:50:00+00:00,34.0771,-49.8233,740.0,10.496305,35.369805,152.7195,6.783395287
TARA_G100012817,2012-03-01 18:50:00+00:00,34.0771,-49.8233,740.0,10.496305,35.369805,152.7195,6.783395287
TARA_R000002160,2012-03-01 18:50:00+00:00,34.0771,-49.8233,740.0,10.496305,35.369805,152.7195,6.783395287
TARA_R000002161,2012-03-01 18:50:00+00:00,34.0771,-49.8233,740.0,10.496305,35.369805,152.7195,6.783395287
TARA_R000002162,2012-03-01 18:50:00+00:00,34.0771,-49.8233,740.0,10.496305,35.369805,152.7195,6.783395287
TARA_R100001906,2012-03-01 18:50:00+00:00,34.0771,-49.8233,740.0,10.496305,35.369805,152.7195,6.783395287
TARA_R100001907,2012-03-01 18:50:00+00:00,34.0771,-49.8233,740.0,10.496305,35.369805,152.7195,6.783395287
TARA_B100001766,2012-03-01 18:50:00+00:00,34.0771,-49.8233,740.0,10.496305,35.369805,152.7195,6.783395287
TARA_B000003927,2012-03-01 18:50:00+00:00,34.0771,-49.8233,740.0,10.496305,35.369805,152.7195,6.783395287
TARA_N000002508,2012-03-01 18:50:00+00:00,34.0771,-49.8233,740.0,10.496305,35.369805,152.7195,6.783395287
TARA_N000002510,2012-03-01 18:50:00+00:00,34.0771,-49.8233,740.0,10.496305,35.369805,152.7195,6.783395287
TARA_N000002507,2012-03-01 18:50:00+00:00,34.0771,-49.8233,740.0,10.496305,35.369805,152.7195,6.783395287
TARA_N000002509,2012-03-01 18:50:00+00:00,34.0771,-49.8233,740.0,10.496305,35.369805,152.7195,6.783395287
TARA_B000003925,2012-03-01 18:50:00+00:00,34.0771,-49.8233,740.0,10.496305,35.369805,152.7195,6.783395287
TARA_B100001765,2012-03-01 18:50:00+00:00,34.0771,-49.8233,740.0,10.496305,35.369805,152.7195,6.783395287
TARA_Y100000634,2012-03-01 18:50:00+00:00,34.0771,-49.8233,740.0,10.496305,35.369805,152.7195,6.783395287
TARA_Y100000633,2012-03-01 18:50:00+00:00,34.0771,-49.8233,740.0,10.496305,35.369805,152.7195,6.783395287
TARA_Y100000632,2012-03-01 18:50:00+00:00,34.0771,-49.8233,740.0,10.496305,35.369805,152.7195,6.783395287
TARA_R100001905,2012-03-01 18:50:00+00:00,34.0771,-49.8233,740.0,10.496305,35.369805,152.7195,6.783395287
TARA_B000001747,2012-03-05 09:25:00+00:00,35.9346,-37.3032,5.0,17.627142,36.285292,229.368083,6.777680429
TARA_B000001748,2012-03-05 09:25:00+00:00,35.9346,-37.3032,5.0,17.627142,36.285292,229.368083,6.777680429
TARA_B000001749,2012-03-05 09:25:00+00:00,35.9346,-37.3032,5.0,17.627142,36.285292,229.368083,6.777680429
TARA_Y100001150,2012-03-05 09:25:00+00:00,35.9346,-37.3032,5.0,17.627142,36.285292,229.368083,6.777680429
TARA_Y100001151,2012-03-05 09:25:00+00:00,35.9346,-37.3032,5.0,17.627142,36.285292,229.368083,6.777680429
TARA_Y000000465,2012-03-05 09:25:00+00:00,35.9346,-37.3032,5.0,17.627142,36.285292,229.368083,6.777680429
TARA_Y000000466,2012-03-05 09:25:00+00:00,35.9346,-37.3032,5.0,17.627142,36.285292,229.368083,6.777680429
TARA_R100001910,2012-03-05 09:25:00+00:00,35.9346,-37.3032,5.0,17.627142,36.285292,229.368083,6.777680429
TARA_R100001911,2012-03-05 09:25:00+00:00,35.9346,-37.3032,5.0,17.627142,36.285292,229.368083,6.777680429
TARA_R000002146,2012-03-05 09:25:00+00:00,35.9346,-37.3032,5.0,17.627142,36.285292,229.368083,6.777680429
TARA_R000002147,2012-03-05 09:25:00+00:00,35.9346,-37.3032,5.0,17.627142,36.285292,229.368083,6.777680429
TARA_R000002148,2012-03-05 09:25:00+00:00,35.9346,-37.3032,5.0,17.627142,36.285292,229.368083,6.777680429
TARA_G100012682,2012-03-05 09:25:00+00:00,35.9346,-37.3032,5.0,17.627142,36.285292,229.368083,6.777680429
TARA_G100012683,2012-03-05 09:25:00+00:00,35.9346,-37.3032,5.0,17.627142,36.285292,229.368083,6.777680429
TARA_G100012678,2012-03-05 09:25:00+00:00,35.9346,-37.3032,5.0,17.627142,36.285292,229.368083,6.777680429
TARA_G100012679,2012-03-05 09:25:00+00:00,35.9346,-37.3032,5.0,17.627142,36.285292,229.368083,6.777680429
TARA_B000001743,2012-03-05 09:25:00+00:00,35.9346,-37.3032,5.0,17.627142,36.285292,229.368083,6.777680429
TARA_B000001744,2012-03-05 09:25:00+00:00,35.9346,-37.3032,5.0,17.627142,36.285292,229.368083,6.777680429
TARA_B000001745,2012-03-05 09:25:00+00:00,35.9346,-37.3032,5.0,17.627142,36.285292,229.368083,6.777680429
TARA_B000001746,2012-03-05 09:25:00+00:00,35.9346,-37.3032,5.0,17.627142,36.285292,229.368083,6.777680429
TARA_R000002143,2012-03-05 09:25:00+00:00,35.9346,-37.3032,5.0,17.627142,36.285292,229.368083,6.777680429
TARA_R000002144,2012-03-05 09:25:00+00:00,35.9346,-37.3032,5.0,17.627142,36.285292,229.368083,6.777680429
TARA_R000002145,2012-03-05 09:25:00+00:00,35.9346,-37.3032,5.0,17.627142,36.285292,229.368083,6.777680429
TARA_R000002141,2012-03-05 09:25:00+00:00,35.9346,-37.3032,5.0,17.627142,36.285292,229.368083,6.777680429
TARA_R000002142,2012-03-05 09:25:00+00:00,35.9346,-37.3032,5.0,17.627142,36.285292,229.368083,6.777680429
TARA_G000000539,2012-03-05 09:25:00+00:00,35.9346,-37.3032,5.0,17.627142,36.285292,229.368083,6.777680429
TARA_G000000540,2012-03-05 09:25:00+00:00,35.9346,-37.3032,5.0,17.627142,36.285292,229.368083,6.777680429
TARA_G000000541,2012-03-05 09:25:00+00:00,35.9346,-37.3032,5.0,17.627142,36.285292,229.368083,6.777680429
TARA_B100001773,2012-03-05 09:25:00+00:00,35.9346,-37.3032,5.0,17.627142,36.285292,229.368083,6.777680429
TARA_B100001774,2012-03-05 09:25:00+00:00,35.9346,-37.3032,5.0,17.627142,36.285292,229.368083,6.777680429
TARA_B100001775,2012-03-05 09:25:00+00:00,35.9346,-37.3032,5.0,17.627142,36.285292,229.368083,6.777680429
TARA_R100001915,2012-03-05 09:25:00+00:00,35.9346,-37.3032,5.0,17.627142,36.285292,229.368083,6.777680429
TARA_R100001916,2012-03-05 09:25:00+00:00,35.9346,-37.3032,5.0,17.627142,36.285292,229.368083,6.777680429
TARA_R100001917,2012-03-05 09:25:00+00:00,35.9346,-37.3032,5.0,17.627142,36.285292,229.368083,6.777680429
TARA_G100012680,2012-03-05 09:25:00+00:00,35.9346,-37.3032,5.0,17.627142,36.285292,229.368083,6.777680429
TARA_G100012681,2012-03-05 09:25:00+00:00,35.9346,-37.3032,5.0,17.627142,36.285292,229.368083,6.777680429
TARA_R000002138,2012-03-05 09:25:00+00:00,35.9346,-37.3032,5.0,17.627142,36.285292,229.368083,6.777680429
TARA_R000002139,2012-03-05 09:25:00+00:00,35.9346,-37.3032,5.0,17.627142,36.285292,229.368083,6.777680429
TARA_R000002140,2012-03-05 09:25:00+00:00,35.9346,-37.3032,5.0,17.627142,36.285292,229.368083,6.777680429
TARA_R100001913,2012-03-05 09:25:00+00:00,35.9346,-37.3032,5.0,17.627142,36.285292,229.368083,6.777680429
TARA_R100001914,2012-03-05 09:25:00+00:00,35.9346,-37.3032,5.0,17.627142,36.285292,229.368083,6.777680429
TARA_G100012676,2012-03-05 09:25:00+00:00,35.9346,-37.3032,5.0,17.627142,36.285292,229.368083,6.777680429
TARA_G100012677,2012-03-05 09:25:00+00:00,35.9346,-37.3032,5.0,17.627142,36.285292,229.368083,6.777680429
TARA_B100001771,2012-03-05 09:25:00+00:00,35.9346,-37.3032,5.0,17.627142,36.285292,229.368083,6.777680429
TARA_B100001772,2012-03-05 09:25:00+00:00,35.9346,-37.3032,5.0,17.627142,36.285292,229.368083,6.777680429
TARA_B000001741,2012-03-05 09:25:00+00:00,35.9346,-37.3032,5.0,17.627142,36.285292,229.368083,6.777680429
TARA_B000001742,2012-03-05 09:25:00+00:00,35.9346,-37.3032,5.0,17.627142,36.285292,229.368083,6.777680429
TARA_N000002695,2012-03-05 09:25:00+00:00,35.9346,-37.3032,5.0,17.627142,36.285292,229.368083,6.777680429
TARA_N000002696,2012-03-05 09:25:00+00:00,35.9346,-37.3032,5.0,17.627142,36.285292,229.368083,6.777680429
TARA_N000002697,2012-03-05 09:25:00+00:00,35.9346,-37.3032,5.0,17.627142,36.285292,229.368083,6.777680429
TARA_N000002698,2012-03-05 09:25:00+00:00,35.9346,-37.3032,5.0,17.627142,36.285292,229.368083,6.777680429
TARA_N000002705,2012-03-05 09:25:00+00:00,35.9346,-37.3032,5.0,17.627142,36.285292,229.368083,6.777680429
TARA_N000002706,2012-03-05 09:25:00+00:00,35.9346,-37.3032,5.0,17.627142,36.285292,229.368083,6.777680429
TARA_B000001739,2012-03-05 09:25:00+00:00,35.9346,-37.3032,5.0,17.627142,36.285292,229.368083,6.777680429
TARA_B000001740,2012-03-05 09:25:00+00:00,35.9346,-37.3032,5.0,17.627142,36.285292,229.368083,6.777680429
TARA_B100001769,2012-03-05 09:25:00+00:00,35.9346,-37.3032,5.0,17.627142,36.285292,229.368083,6.777680429
TARA_B100001770,2012-03-05 09:25:00+00:00,35.9346,-37.3032,5.0,17.627142,36.285292,229.368083,6.777680429
TARA_Y100001149,2012-03-05 09:25:00+00:00,35.9346,-37.3032,5.0,17.627142,36.285292,229.368083,6.777680429
TARA_Y100001148,2012-03-05 09:25:00+00:00,35.9346,-37.3032,5.0,17.627142,36.285292,229.368083,6.777680429
TARA_Y100001147,2012-03-05 09:25:00+00:00,35.9346,-37.3032,5.0,17.627142,36.285292,229.368083,6.777680429
TARA_R100001912,2012-03-05 09:25:00+00:00,35.9346,-37.3032,5.0,17.627142,36.285292,229.368083,6.777680429
TARA_G000000537,2012-03-05 09:25:00+00:00,35.9346,-37.3032,5.0,17.627142,36.285292,229.368083,6.777680429
TARA_G000000538,2012-03-05 09:25:00+00:00,35.9346,-37.3032,5.0,17.627142,36.285292,229.368083,6.777680429
TARA_G100012712,2012-03-05 10:33:00+00:00,35.9167,-37.2761,5.0,17.627142,36.285292,229.368083,6.777680429
TARA_G100012713,2012-03-05 10:33:00+00:00,35.9167,-37.2761,5.0,17.627142,36.285292,229.368083,6.777680429
TARA_G100012720,2012-03-05 10:33:00+00:00,35.9167,-37.2761,5.0,17.627142,36.285292,229.368083,6.777680429
TARA_G100012714,2012-03-05 10:33:00+00:00,35.9167,-37.2761,5.0,17.627142,36.285292,229.368083,6.777680429
TARA_G100012715,2012-03-05 10:33:00+00:00,35.9167,-37.2761,5.0,17.627142,36.285292,229.368083,6.777680429
TARA_G100012718,2012-03-05 10:33:00+00:00,35.9167,-37.2761,5.0,17.627142,36.285292,229.368083,6.777680429
TARA_G100012719,2012-03-05 10:33:00+00:00,35.9167,-37.2761,5.0,17.627142,36.285292,229.368083,6.777680429
TARA_N000002703,2012-03-05 10:33:00+00:00,35.9167,-37.2761,5.0,17.627142,36.285292,229.368083,6.777680429
TARA_N000002704,2012-03-05 10:33:00+00:00,35.9167,-37.2761,5.0,17.627142,36.285292,229.368083,6.777680429
TARA_N000002711,2012-03-05 10:33:00+00:00,35.9167,-37.2761,5.0,17.627142,36.285292,229.368083,6.777680429
TARA_N000002712,2012-03-05 10:33:00+00:00,35.9167,-37.2761,5.0,17.627142,36.285292,229.368083,6.777680429
TARA_G100012716,2012-03-05 10:33:00+00:00,35.9167,-37.2761,5.0,17.627142,36.285292,229.368083,6.777680429
TARA_G100012717,2012-03-05 10:33:00+00:00,35.9167,-37.2761,5.0,17.627142,36.285292,229.368083,6.777680429
TARA_G100012698,2012-03-05 12:07:00+00:00,35.8913,-37.2369,5.0,17.627142,36.285292,229.368083,6.777680429
TARA_G100012699,2012-03-05 12:07:00+00:00,35.8913,-37.2369,5.0,17.627142,36.285292,229.368083,6.777680429
TARA_G100012702,2012-03-05 12:07:00+00:00,35.8913,-37.2369,5.0,17.627142,36.285292,229.368083,6.777680429
TARA_G100012703,2012-03-05 12:07:00+00:00,35.8913,-37.2369,5.0,17.627142,36.285292,229.368083,6.777680429
TARA_G100012706,2012-03-05 12:07:00+00:00,35.8913,-37.2369,5.0,17.627142,36.285292,229.368083,6.777680429
TARA_G100012707,2012-03-05 12:07:00+00:00,35.8913,-37.2369,5.0,17.627142,36.285292,229.368083,6.777680429
TARA_G100012710,2012-03-05 12:07:00+00:00,35.8913,-37.2369,5.0,17.627142,36.285292,229.368083,6.777680429
TARA_G100012711,2012-03-05 12:07:00+00:00,35.8913,-37.2369,5.0,17.627142,36.285292,229.368083,6.777680429
TARA_G100012700,2012-03-05 12:07:00+00:00,35.8913,-37.2369,5.0,17.627142,36.285292,229.368083,6.777680429
TARA_G100012701,2012-03-05 12:07:00+00:00,35.8913,-37.2369,5.0,17.627142,36.285292,229.368083,6.777680429
TARA_G100012704,2012-03-05 12:07:00+00:00,35.8913,-37.2369,5.0,17.627142,36.285292,229.368083,6.777680429
TARA_G100012705,2012-03-05 12:07:00+00:00,35.8913,-37.2369,5.0,17.627142,36.285292,229.368083,6.777680429
TARA_N000002701,2012-03-05 12:07:00+00:00,35.8913,-37.2369,5.0,17.627142,36.285292,229.368083,6.777680429
TARA_N000002702,2012-03-05 12:07:00+00:00,35.8913,-37.2369,5.0,17.627142,36.285292,229.368083,6.777680429
TARA_N000002709,2012-03-05 12:07:00+00:00,35.8913,-37.2369,5.0,17.627142,36.285292,229.368083,6.777680429
TARA_N000002710,2012-03-05 12:07:00+00:00,35.8913,-37.2369,5.0,17.627142,36.285292,229.368083,6.777680429
TARA_G100012708,2012-03-05 12:07:00+00:00,35.8913,-37.2369,5.0,17.627142,36.285292,229.368083,6.777680429
TARA_G100012709,2012-03-05 12:07:00+00:00,35.8913,-37.2369,5.0,17.627142,36.285292,229.368083,6.777680429
TARA_G100012692,2012-03-05 13:45:00+00:00,35.8641,-37.1831,5.0,17.627142,36.285292,229.368083,6.777680429
TARA_G100012693,2012-03-05 13:45:00+00:00,35.8641,-37.1831,5.0,17.627142,36.285292,229.368083,6.777680429
TARA_G100012686,2012-03-05 13:45:00+00:00,35.8641,-37.1831,5.0,17.627142,36.285292,229.368083,6.777680429
TARA_G100012687,2012-03-05 13:45:00+00:00,35.8641,-37.1831,5.0,17.627142,36.285292,229.368083,6.777680429
TARA_G100012696,2012-03-05 13:45:00+00:00,35.8641,-37.1831,5.0,17.627142,36.285292,229.368083,6.777680429
TARA_G100012697,2012-03-05 13:45:00+00:00,35.8641,-37.1831,5.0,17.627142,36.285292,229.368083,6.777680429
TARA_G100012694,2012-03-05 13:45:00+00:00,35.8641,-37.1831,5.0,17.627142,36.285292,229.368083,6.777680429
TARA_G100012695,2012-03-05 13:45:00+00:00,35.8641,-37.1831,5.0,17.627142,36.285292,229.368083,6.777680429
TARA_G100012684,2012-03-05 13:45:00+00:00,35.8641,-37.1831,5.0,17.627142,36.285292,229.368083,6.777680429
TARA_G100012685,2012-03-05 13:45:00+00:00,35.8641,-37.1831,5.0,17.627142,36.285292,229.368083,6.777680429
TARA_G100012690,2012-03-05 13:45:00+00:00,35.8641,-37.1831,5.0,17.627142,36.285292,229.368083,6.777680429
TARA_G100012691,2012-03-05 13:45:00+00:00,35.8641,-37.1831,5.0,17.627142,36.285292,229.368083,6.777680429
TARA_G100012688,2012-03-05 13:45:00+00:00,35.8641,-37.1831,5.0,17.627142,36.285292,229.368083,6.777680429
TARA_G100012689,2012-03-05 13:45:00+00:00,35.8641,-37.1831,5.0,17.627142,36.285292,229.368083,6.777680429
TARA_N000002699,2012-03-05 13:45:00+00:00,35.8641,-37.1831,5.0,17.627142,36.285292,229.368083,6.777680429
TARA_N000002700,2012-03-05 13:45:00+00:00,35.8641,-37.1831,5.0,17.627142,36.285292,229.368083,6.777680429
TARA_N000002707,2012-03-05 13:45:00+00:00,35.8641,-37.1831,5.0,17.627142,36.285292,229.368083,6.777680429
TARA_N000002708,2012-03-05 13:45:00+00:00,35.8641,-37.1831,5.0,17.627142,36.285292,229.368083,6.777680429
TARA_G000000542,2012-03-05 13:45:00+00:00,35.8641,-37.1831,5.0,17.627142,36.285292,229.368083,6.777680429
TARA_G000000543,2012-03-05 13:45:00+00:00,35.8641,-37.1831,5.0,17.627142,36.285292,229.368083,6.777680429
TARA_G100012880,2012-03-05 16:10:00+00:00,35.8777,-37.1969,40.0,17.585567,36.285033,229.097917,6.754542143
TARA_G100012881,2012-03-05 16:10:00+00:00,35.8777,-37.1969,40.0,17.585567,36.285033,229.097917,6.754542143
TARA_G100012874,2012-03-05 16:10:00+00:00,35.8777,-37.1969,40.0,17.585567,36.285033,229.097917,6.754542143
TARA_G100012875,2012-03-05 16:10:00+00:00,35.8777,-37.1969,40.0,17.585567,36.285033,229.097917,6.754542143
TARA_G100012778,2012-03-05 16:10:00+00:00,35.8777,-37.1969,40.0,17.585567,36.285033,229.097917,6.754542143
TARA_G100012779,2012-03-05 16:10:00+00:00,35.8777,-37.1969,40.0,17.585567,36.285033,229.097917,6.754542143
TARA_G100012776,2012-03-05 16:10:00+00:00,35.8777,-37.1969,40.0,17.585567,36.285033,229.097917,6.754542143
TARA_G100012777,2012-03-05 16:10:00+00:00,35.8777,-37.1969,40.0,17.585567,36.285033,229.097917,6.754542143
TARA_G100012872,2012-03-05 16:10:00+00:00,35.8777,-37.1969,40.0,17.585567,36.285033,229.097917,6.754542143
TARA_G100012878,2012-03-05 16:10:00+00:00,35.8777,-37.1969,40.0,17.585567,36.285033,229.097917,6.754542143
TARA_G100012879,2012-03-05 16:10:00+00:00,35.8777,-37.1969,40.0,17.585567,36.285033,229.097917,6.754542143
TARA_G100012876,2012-03-05 16:10:00+00:00,35.8777,-37.1969,40.0,17.585567,36.285033,229.097917,6.754542143
TARA_G100012877,2012-03-05 16:10:00+00:00,35.8777,-37.1969,40.0,17.585567,36.285033,229.097917,6.754542143
TARA_N000002147,2012-03-05 16:10:00+00:00,35.8777,-37.1969,40.0,17.585567,36.285033,229.097917,6.754542143
TARA_N000002148,2012-03-05 16:10:00+00:00,35.8777,-37.1969,40.0,17.585567,36.285033,229.097917,6.754542143
TARA_N000002513,2012-03-05 16:10:00+00:00,35.8777,-37.1969,40.0,17.585567,36.285033,229.097917,6.754542143
TARA_N000002514,2012-03-05 16:10:00+00:00,35.8777,-37.1969,40.0,17.585567,36.285033,229.097917,6.754542143
TARA_G000000606,2012-03-05 16:10:00+00:00,35.8777,-37.1969,40.0,17.585567,36.285033,229.097917,6.754542143
TARA_G000000607,2012-03-05 16:10:00+00:00,35.8777,-37.1969,40.0,17.585567,36.285033,229.097917,6.754542143
TARA_G100012852,2012-03-05 16:47:00+00:00,35.8605,-37.178,40.0,17.585567,36.285033,229.097917,6.754542143
TARA_G100012853,2012-03-05 16:47:00+00:00,35.8605,-37.178,40.0,17.585567,36.285033,229.097917,6.754542143
TARA_G100012856,2012-03-05 16:47:00+00:00,35.8605,-37.178,40.0,17.585567,36.285033,229.097917,6.754542143
TARA_G100012857,2012-03-05 16:47:00+00:00,35.8605,-37.178,40.0,17.585567,36.285033,229.097917,6.754542143
TARA_G100012840,2012-03-05 16:47:00+00:00,35.8605,-37.178,40.0,17.585567,36.285033,229.097917,6.754542143
TARA_G100012841,2012-03-05 16:47:00+00:00,35.8605,-37.178,40.0,17.585567,36.285033,229.097917,6.754542143
TARA_G100012844,2012-03-05 16:47:00+00:00,35.8605,-37.178,40.0,17.585567,36.285033,229.097917,6.754542143
TARA_G100012845,2012-03-05 16:47:00+00:00,35.8605,-37.178,40.0,17.585567,36.285033,229.097917,6.754542143
TARA_G100012854,2012-03-05 16:47:00+00:00,35.8605,-37.178,40.0,17.585567,36.285033,229.097917,6.754542143
TARA_G100012855,2012-03-05 16:47:00+00:00,35.8605,-37.178,40.0,17.585567,36.285033,229.097917,6.754542143
TARA_G100012858,2012-03-05 16:47:00+00:00,35.8605,-37.178,40.0,17.585567,36.285033,229.097917,6.754542143
TARA_G100012859,2012-03-05 16:47:00+00:00,35.8605,-37.178,40.0,17.585567,36.285033,229.097917,6.754542143
TARA_N000002515,2012-03-05 16:47:00+00:00,35.8605,-37.178,40.0,17.585567,36.285033,229.097917,6.754542143
TARA_N000002516,2012-03-05 16:47:00+00:00,35.8605,-37.178,40.0,17.585567,36.285033,229.097917,6.754542143
TARA_N000002717,2012-03-05 16:47:00+00:00,35.8605,-37.178,40.0,17.585567,36.285033,229.097917,6.754542143
TARA_N000002718,2012-03-05 16:47:00+00:00,35.8605,-37.178,40.0,17.585567,36.285033,229.097917,6.754542143
TARA_G100012842,2012-03-05 16:47:00+00:00,35.8605,-37.178,40.0,17.585567,36.285033,229.097917,6.754542143
TARA_G100012843,2012-03-05 16:47:00+00:00,35.8605,-37.178,40.0,17.585567,36.285033,229.097917,6.754542143
TARA_B000001750,2012-03-05 17:34:00+00:00,35.8427,-37.1526,40.0,17.585567,36.285033,229.097917,6.754542143
TARA_B000001751,2012-03-05 17:34:00+00:00,35.8427,-37.1526,40.0,17.585567,36.285033,229.097917,6.754542143
TARA_B000003876,2012-03-05 17:34:00+00:00,35.8427,-37.1526,40.0,17.585567,36.285033,229.097917,6.754542143
TARA_Y100001145,2012-03-05 17:34:00+00:00,35.8427,-37.1526,40.0,17.585567,36.285033,229.097917,6.754542143
TARA_Y100001146,2012-03-05 17:34:00+00:00,35.8427,-37.1526,40.0,17.585567,36.285033,229.097917,6.754542143
TARA_Y000000467,2012-03-05 17:34:00+00:00,35.8427,-37.1526,40.0,17.585567,36.285033,229.097917,6.754542143
TARA_Y000000468,2012-03-05 17:34:00+00:00,35.8427,-37.1526,40.0,17.585567,36.285033,229.097917,6.754542143
TARA_R100001918,2012-03-05 17:34:00+00:00,35.8427,-37.1526,40.0,17.585567,36.285033,229.097917,6.754542143
TARA_R100001919,2012-03-05 17:34:00+00:00,35.8427,-37.1526,40.0,17.585567,36.285033,229.097917,6.754542143
TARA_R000002157,2012-03-05 17:34:00+00:00,35.8427,-37.1526,40.0,17.585567,36.285033,229.097917,6.754542143
TARA_R000002158,2012-03-05 17:34:00+00:00,35.8427,-37.1526,40.0,17.585567,36.285033,229.097917,6.754542143
TARA_R000002159,2012-03-05 17:34:00+00:00,35.8427,-37.1526,40.0,17.585567,36.285033,229.097917,6.754542143
TARA_G100012895,2012-03-05 17:34:00+00:00,35.8427,-37.1526,40.0,17.585567,36.285033,229.097917,6.754542143
TARA_G100012896,2012-03-05 17:34:00+00:00,35.8427,-37.1526,40.0,17.585567,36.285033,229.097917,6.754542143
TARA_G100012891,2012-03-05 17:34:00+00:00,35.8427,-37.1526,40.0,17.585567,36.285033,229.097917,6.754542143
TARA_G100012892,2012-03-05 17:34:00+00:00,35.8427,-37.1526,40.0,17.585567,36.285033,229.097917,6.754542143
TARA_B000001752,2012-03-05 17:34:00+00:00,35.8427,-37.1526,40.0,17.585567,36.285033,229.097917,6.754542143
TARA_B000001753,2012-03-05 17:34:00+00:00,35.8427,-37.1526,40.0,17.585567,36.285033,229.097917,6.754542143
TARA_B000001754,2012-03-05 17:34:00+00:00,35.8427,-37.1526,40.0,17.585567,36.285033,229.097917,6.754542143
TARA_B000001755,2012-03-05 17:34:00+00:00,35.8427,-37.1526,40.0,17.585567,36.285033,229.097917,6.754542143
TARA_R000002154,2012-03-05 17:34:00+00:00,35.8427,-37.1526,40.0,17.585567,36.285033,229.097917,6.754542143
TARA_R000002155,2012-03-05 17:34:00+00:00,35.8427,-37.1526,40.0,17.585567,36.285033,229.097917,6.754542143
TARA_R000002156,2012-03-05 17:34:00+00:00,35.8427,-37.1526,40.0,17.585567,36.285033,229.097917,6.754542143
TARA_R000002152,2012-03-05 17:34:00+00:00,35.8427,-37.1526,40.0,17.585567,36.285033,229.097917,6.754542143
TARA_R000002153,2012-03-05 17:34:00+00:00,35.8427,-37.1526,40.0,17.585567,36.285033,229.097917,6.754542143
TARA_G000000617,2012-03-05 17:34:00+00:00,35.8427,-37.1526,40.0,17.585567,36.285033,229.097917,6.754542143
TARA_G000000618,2012-03-05 17:34:00+00:00,35.8427,-37.1526,40.0,17.585567,36.285033,229.097917,6.754542143
TARA_G000000619,2012-03-05 17:34:00+00:00,35.8427,-37.1526,40.0,17.585567,36.285033,229.097917,6.754542143
TARA_B100001780,2012-03-05 17:34:00+00:00,35.8427,-37.1526,40.0,17.585567,36.285033,229.097917,6.754542143
TARA_B100001781,2012-03-05 17:34:00+00:00,35.8427,-37.1526,40.0,17.585567,36.285033,229.097917,6.754542143
TARA_B100001782,2012-03-05 17:34:00+00:00,35.8427,-37.1526,40.0,17.585567,36.285033,229.097917,6.754542143
TARA_R100001923,2012-03-05 17:34:00+00:00,35.8427,-37.1526,40.0,17.585567,36.285033,229.097917,6.754542143
TARA_R100001924,2012-03-05 17:34:00+00:00,35.8427,-37.1526,40.0,17.585567,36.285033,229.097917,6.754542143
TARA_R100001925,2012-03-05 17:34:00+00:00,35.8427,-37.1526,40.0,17.585567,36.285033,229.097917,6.754542143
TARA_G100012893,2012-03-05 17:34:00+00:00,35.8427,-37.1526,40.0,17.585567,36.285033,229.097917,6.754542143
TARA_G100012894,2012-03-05 17:34:00+00:00,35.8427,-37.1526,40.0,17.585567,36.285033,229.097917,6.754542143
TARA_R000002149,2012-03-05 17:34:00+00:00,35.8427,-37.1526,40.0,17.585567,36.285033,229.097917,6.754542143
TARA_R000002150,2012-03-05 17:34:00+00:00,35.8427,-37.1526,40.0,17.585567,36.285033,229.097917,6.754542143
TARA_R000002151,2012-03-05 17:34:00+00:00,35.8427,-37.1526,40.0,17.585567,36.285033,229.097917,6.754542143
TARA_R100001921,2012-03-05 17:34:00+00:00,35.8427,-37.1526,40.0,17.585567,36.285033,229.097917,6.754542143
TARA_R100001922,2012-03-05 17:34:00+00:00,35.8427,-37.1526,40.0,17.585567,36.285033,229.097917,6.754542143
TARA_G100005926,2012-03-05 17:34:00+00:00,35.8427,-37.1526,40.0,17.585567,36.285033,229.097917,6.754542143
TARA_G100005927,2012-03-05 17:34:00+00:00,35.8427,-37.1526,40.0,17.585567,36.285033,229.097917,6.754542143
TARA_B100001778,2012-03-05 17:34:00+00:00,35.8427,-37.1526,40.0,17.585567,36.285033,229.097917,6.754542143
TARA_B100001779,2012-03-05 17:34:00+00:00,35.8427,-37.1526,40.0,17.585567,36.285033,229.097917,6.754542143
TARA_B000003874,2012-03-05 17:34:00+00:00,35.8427,-37.1526,40.0,17.585567,36.285033,229.097917,6.754542143
TARA_B000003875,2012-03-05 17:34:00+00:00,35.8427,-37.1526,40.0,17.585567,36.285033,229.097917,6.754542143
TARA_N000002143,2012-03-05 17:34:00+00:00,35.8427,-37.1526,40.0,17.585567,36.285033,229.097917,6.754542143
TARA_N000002144,2012-03-05 17:34:00+00:00,35.8427,-37.1526,40.0,17.585567,36.285033,229.097917,6.754542143
TARA_N000002145,2012-03-05 17:34:00+00:00,35.8427,-37.1526,40.0,17.585567,36.285033,229.097917,6.754542143
TARA_N000002146,2012-03-05 17:34:00+00:00,35.8427,-37.1526,40.0,17.585567,36.285033,229.097917,6.754542143
TARA_N000002511,2012-03-05 17:34:00+00:00,35.8427,-37.1526,40.0,17.585567,36.285033,229.097917,6.754542143
TARA_N000002512,2012-03-05 17:34:00+00:00,35.8427,-37.1526,40.0,17.585567,36.285033,229.097917,6.754542143
TARA_B000003872,2012-03-05 17:34:00+00:00,35.8427,-37.1526,40.0,17.585567,36.285033,229.097917,6.754542143
TARA_B000003873,2012-03-05 17:34:00+00:00,35.8427,-37.1526,40.0,17.585567,36.285033,229.097917,6.754542143
TARA_B100001776,2012-03-05 17:34:00+00:00,35.8427,-37.1526,40.0,17.585567,36.285033,229.097917,6.754542143
TARA_B100001777,2012-03-05 17:34:00+00:00,35.8427,-37.1526,40.0,17.585567,36.285033,229.097917,6.754542143
TARA_Y100001144,2012-03-05 17:34:00+00:00,35.8427,-37.1526,40.0,17.585567,36.285033,229.097917,6.754542143
TARA_Y100001143,2012-03-05 17:34:00+00:00,35.8427,-37.1526,40.0,17.585567,36.285033,229.097917,6.754542143
TARA_Y100001142,2012-03-05 17:34:00+00:00,35.8427,-37.1526,40.0,17.585567,36.285033,229.097917,6.754542143
TARA_R100001920,2012-03-05 17:34:00+00:00,35.8427,-37.1526,40.0,17.585567,36.285033,229.097917,6.754542143
TARA_G000000615,2012-03-05 17:34:00+00:00,35.8427,-37.1526,40.0,17.585567,36.285033,229.097917,6.754542143
TARA_G000000616,2012-03-05 17:34:00+00:00,35.8427,-37.1526,40.0,17.585567,36.285033,229.097917,6.754542143
TARA_G100012822,2012-03-05 19:57:00+00:00,35.7867,-37.0916,40.0,17.585567,36.285033,229.097917,6.754542143
TARA_G100012823,2012-03-05 19:57:00+00:00,35.7867,-37.0916,40.0,17.585567,36.285033,229.097917,6.754542143
TARA_G100012830,2012-03-05 19:57:00+00:00,35.7867,-37.0916,40.0,17.585567,36.285033,229.097917,6.754542143
TARA_G100012824,2012-03-05 19:57:00+00:00,35.7867,-37.0916,40.0,17.585567,36.285033,229.097917,6.754542143
TARA_G100012825,2012-03-05 19:57:00+00:00,35.7867,-37.0916,40.0,17.585567,36.285033,229.097917,6.754542143
TARA_G100012828,2012-03-05 19:57:00+00:00,35.7867,-37.0916,40.0,17.585567,36.285033,229.097917,6.754542143
TARA_G100012829,2012-03-05 19:57:00+00:00,35.7867,-37.0916,40.0,17.585567,36.285033,229.097917,6.754542143
TARA_N000002517,2012-03-05 19:57:00+00:00,35.7867,-37.0916,40.0,17.585567,36.285033,229.097917,6.754542143
TARA_N000002518,2012-03-05 19:57:00+00:00,35.7867,-37.0916,40.0,17.585567,36.285033,229.097917,6.754542143
TARA_N000002719,2012-03-05 19:57:00+00:00,35.7867,-37.0916,40.0,17.585567,36.285033,229.097917,6.754542143
TARA_N000002720,2012-03-05 19:57:00+00:00,35.7867,-37.0916,40.0,17.585567,36.285033,229.097917,6.754542143
TARA_G100012826,2012-03-05 19:57:00+00:00,35.7867,-37.0916,40.0,17.585567,36.285033,229.097917,6.754542143
TARA_G100012827,2012-03-05 19:57:00+00:00,35.7867,-37.0916,40.0,17.585567,36.285033,229.097917,6.754542143
TARA_B000003323,2012-03-09 08:59:00+00:00,36.1715,-29.023,5.0,17.303005,36.229605,232.28725,6.781088813
TARA_B000003324,2012-03-09 08:59:00+00:00,36.1715,-29.023,5.0,17.303005,36.229605,232.28725,6.781088813
TARA_B000003325,2012-03-09 08:59:00+00:00,36.1715,-29.023,5.0,17.303005,36.229605,232.28725,6.781088813
TARA_Y100000645,2012-03-09 08:59:00+00:00,36.1715,-29.023,5.0,17.303005,36.229605,232.28725,6.781088813
TARA_Y100000646,2012-03-09 08:59:00+00:00,36.1715,-29.023,5.0,17.303005,36.229605,232.28725,6.781088813
TARA_Y000000461,2012-03-09 08:59:00+00:00,36.1715,-29.023,5.0,17.303005,36.229605,232.28725,6.781088813
TARA_Y000000462,2012-03-09 08:59:00+00:00,36.1715,-29.023,5.0,17.303005,36.229605,232.28725,6.781088813
TARA_R100001926,2012-03-09 08:59:00+00:00,36.1715,-29.023,5.0,17.303005,36.229605,232.28725,6.781088813
TARA_R100001927,2012-03-09 08:59:00+00:00,36.1715,-29.023,5.0,17.303005,36.229605,232.28725,6.781088813
TARA_R000002124,2012-03-09 08:59:00+00:00,36.1715,-29.023,5.0,17.303005,36.229605,232.28725,6.781088813
TARA_R000002125,2012-03-09 08:59:00+00:00,36.1715,-29.023,5.0,17.303005,36.229605,232.28725,6.781088813
TARA_R000002126,2012-03-09 08:59:00+00:00,36.1715,-29.023,5.0,17.303005,36.229605,232.28725,6.781088813
TARA_G100012513,2012-03-09 08:59:00+00:00,36.1715,-29.023,5.0,17.303005,36.229605,232.28725,6.781088813
TARA_G100012514,2012-03-09 08:59:00+00:00,36.1715,-29.023,5.0,17.303005,36.229605,232.28725,6.781088813
TARA_G100012505,2012-03-09 08:59:00+00:00,36.1715,-29.023,5.0,17.303005,36.229605,232.28725,6.781088813
TARA_G100012506,2012-03-09 08:59:00+00:00,36.1715,-29.023,5.0,17.303005,36.229605,232.28725,6.781088813
TARA_B000003319,2012-03-09 08:59:00+00:00,36.1715,-29.023,5.0,17.303005,36.229605,232.28725,6.781088813
TARA_B000003320,2012-03-09 08:59:00+00:00,36.1715,-29.023,5.0,17.303005,36.229605,232.28725,6.781088813
TARA_B000003321,2012-03-09 08:59:00+00:00,36.1715,-29.023,5.0,17.303005,36.229605,232.28725,6.781088813
TARA_B000003322,2012-03-09 08:59:00+00:00,36.1715,-29.023,5.0,17.303005,36.229605,232.28725,6.781088813
TARA_R000002121,2012-03-09 08:59:00+00:00,36.1715,-29.023,5.0,17.303005,36.229605,232.28725,6.781088813
TARA_R000002122,2012-03-09 08:59:00+00:00,36.1715,-29.023,5.0,17.303005,36.229605,232.28725,6.781088813
TARA_R000002123,2012-03-09 08:59:00+00:00,36.1715,-29.023,5.0,17.303005,36.229605,232.28725,6.781088813
TARA_R000002119,2012-03-09 08:59:00+00:00,36.1715,-29.023,5.0,17.303005,36.229605,232.28725,6.781088813
TARA_R000002120,2012-03-09 08:59:00+00:00,36.1715,-29.023,5.0,17.303005,36.229605,232.28725,6.781088813
TARA_G000000553,2012-03-09 08:59:00+00:00,36.1715,-29.023,5.0,17.303005,36.229605,232.28725,6.781088813
TARA_G000000554,2012-03-09 08:59:00+00:00,36.1715,-29.023,5.0,17.303005,36.229605,232.28725,6.781088813
TARA_G000000555,2012-03-09 08:59:00+00:00,36.1715,-29.023,5.0,17.303005,36.229605,232.28725,6.781088813
TARA_B100001568,2012-03-09 08:59:00+00:00,36.1715,-29.023,5.0,17.303005,36.229605,232.28725,6.781088813
TARA_B100001569,2012-03-09 08:59:00+00:00,36.1715,-29.023,5.0,17.303005,36.229605,232.28725,6.781088813
TARA_B100001570,2012-03-09 08:59:00+00:00,36.1715,-29.023,5.0,17.303005,36.229605,232.28725,6.781088813
TARA_R100001931,2012-03-09 08:59:00+00:00,36.1715,-29.023,5.0,17.303005,36.229605,232.28725,6.781088813
TARA_R100001932,2012-03-09 08:59:00+00:00,36.1715,-29.023,5.0,17.303005,36.229605,232.28725,6.781088813
TARA_R100001933,2012-03-09 08:59:00+00:00,36.1715,-29.023,5.0,17.303005,36.229605,232.28725,6.781088813
TARA_G100012509,2012-03-09 08:59:00+00:00,36.1715,-29.023,5.0,17.303005,36.229605,232.28725,6.781088813
TARA_G100012510,2012-03-09 08:59:00+00:00,36.1715,-29.023,5.0,17.303005,36.229605,232.28725,6.781088813
TARA_R000002116,2012-03-09 08:59:00+00:00,36.1715,-29.023,5.0,17.303005,36.229605,232.28725,6.781088813
TARA_R000002117,2012-03-09 08:59:00+00:00,36.1715,-29.023,5.0,17.303005,36.229605,232.28725,6.781088813
TARA_R000002118,2012-03-09 08:59:00+00:00,36.1715,-29.023,5.0,17.303005,36.229605,232.28725,6.781088813
TARA_R100001929,2012-03-09 08:59:00+00:00,36.1715,-29.023,5.0,17.303005,36.229605,232.28725,6.781088813
TARA_R100001930,2012-03-09 08:59:00+00:00,36.1715,-29.023,5.0,17.303005,36.229605,232.28725,6.781088813
TARA_G100012501,2012-03-09 08:59:00+00:00,36.1715,-29.023,5.0,17.303005,36.229605,232.28725,6.781088813
TARA_G100012502,2012-03-09 08:59:00+00:00,36.1715,-29.023,5.0,17.303005,36.229605,232.28725,6.781088813
TARA_B100001566,2012-03-09 08:59:00+00:00,36.1715,-29.023,5.0,17.303005,36.229605,232.28725,6.781088813
TARA_B100001567,2012-03-09 08:59:00+00:00,36.1715,-29.023,5.0,17.303005,36.229605,232.28725,6.781088813
TARA_B000003317,2012-03-09 08:59:00+00:00,36.1715,-29.023,5.0,17.303005,36.229605,232.28725,6.781088813
TARA_B000003318,2012-03-09 08:59:00+00:00,36.1715,-29.023,5.0,17.303005,36.229605,232.28725,6.781088813
TARA_N000002737,2012-03-09 08:59:00+00:00,36.1715,-29.023,5.0,17.303005,36.229605,232.28725,6.781088813
TARA_N000002738,2012-03-09 08:59:00+00:00,36.1715,-29.023,5.0,17.303005,36.229605,232.28725,6.781088813
TARA_N000002721,2012-03-09 08:59:00+00:00,36.1715,-29.023,5.0,17.303005,36.229605,232.28725,6.781088813
TARA_N000002722,2012-03-09 08:59:00+00:00,36.1715,-29.023,5.0,17.303005,36.229605,232.28725,6.781088813
TARA_N000002741,2012-03-09 08:59:00+00:00,36.1715,-29.023,5.0,17.303005,36.229605,232.28725,6.781088813
TARA_N000002742,2012-03-09 08:59:00+00:00,36.1715,-29.023,5.0,17.303005,36.229605,232.28725,6.781088813
TARA_B000003315,2012-03-09 08:59:00+00:00,36.1715,-29.023,5.0,17.303005,36.229605,232.28725,6.781088813
TARA_B000003316,2012-03-09 08:59:00+00:00,36.1715,-29.023,5.0,17.303005,36.229605,232.28725,6.781088813
TARA_B100001564,2012-03-09 08:59:00+00:00,36.1715,-29.023,5.0,17.303005,36.229605,232.28725,6.781088813
TARA_B100001565,2012-03-09 08:59:00+00:00,36.1715,-29.023,5.0,17.303005,36.229605,232.28725,6.781088813
TARA_Y100000644,2012-03-09 08:59:00+00:00,36.1715,-29.023,5.0,17.303005,36.229605,232.28725,6.781088813
TARA_Y100000643,2012-03-09 08:59:00+00:00,36.1715,-29.023,5.0,17.303005,36.229605,232.28725,6.781088813
TARA_Y100000642,2012-03-09 08:59:00+00:00,36.1715,-29.023,5.0,17.303005,36.229605,232.28725,6.781088813
TARA_R100001928,2012-03-09 08:59:00+00:00,36.1715,-29.023,5.0,17.303005,36.229605,232.28725,6.781088813
TARA_G000000549,2012-03-09 08:59:00+00:00,36.1715,-29.023,5.0,17.303005,36.229605,232.28725,6.781088813
TARA_G000000550,2012-03-09 08:59:00+00:00,36.1715,-29.023,5.0,17.303005,36.229605,232.28725,6.781088813
TARA_G100012616,2012-03-09 09:49:00+00:00,36.1631,-29.0143,5.0,17.303005,36.229605,232.28725,6.781088813
TARA_G100012617,2012-03-09 09:49:00+00:00,36.1631,-29.0143,5.0,17.303005,36.229605,232.28725,6.781088813
TARA_G100012632,2012-03-09 09:49:00+00:00,36.1631,-29.0143,5.0,17.303005,36.229605,232.28725,6.781088813
TARA_G100012620,2012-03-09 09:49:00+00:00,36.1631,-29.0143,5.0,17.303005,36.229605,232.28725,6.781088813
TARA_G100012621,2012-03-09 09:49:00+00:00,36.1631,-29.0143,5.0,17.303005,36.229605,232.28725,6.781088813
TARA_G100012628,2012-03-09 09:49:00+00:00,36.1631,-29.0143,5.0,17.303005,36.229605,232.28725,6.781088813
TARA_G100012629,2012-03-09 09:49:00+00:00,36.1631,-29.0143,5.0,17.303005,36.229605,232.28725,6.781088813
TARA_N000002733,2012-03-09 09:49:00+00:00,36.1631,-29.0143,5.0,17.303005,36.229605,232.28725,6.781088813
TARA_N000002734,2012-03-09 09:49:00+00:00,36.1631,-29.0143,5.0,17.303005,36.229605,232.28725,6.781088813
TARA_N000002753,2012-03-09 09:49:00+00:00,36.1631,-29.0143,5.0,17.303005,36.229605,232.28725,6.781088813
TARA_N000002754,2012-03-09 09:49:00+00:00,36.1631,-29.0143,5.0,17.303005,36.229605,232.28725,6.781088813
TARA_G100012624,2012-03-09 09:49:00+00:00,36.1631,-29.0143,5.0,17.303005,36.229605,232.28725,6.781088813
TARA_G100012625,2012-03-09 09:49:00+00:00,36.1631,-29.0143,5.0,17.303005,36.229605,232.28725,6.781088813
TARA_G100012545,2012-03-09 11:11:00+00:00,36.15,-28.9989,5.0,17.303005,36.229605,232.28725,6.781088813
TARA_G100012546,2012-03-09 11:11:00+00:00,36.15,-28.9989,5.0,17.303005,36.229605,232.28725,6.781088813
TARA_G100012553,2012-03-09 11:11:00+00:00,36.15,-28.9989,5.0,17.303005,36.229605,232.28725,6.781088813
TARA_G100012554,2012-03-09 11:11:00+00:00,36.15,-28.9989,5.0,17.303005,36.229605,232.28725,6.781088813
TARA_G100012634,2012-03-09 11:11:00+00:00,36.15,-28.9989,5.0,17.303005,36.229605,232.28725,6.781088813
TARA_G100012635,2012-03-09 11:11:00+00:00,36.15,-28.9989,5.0,17.303005,36.229605,232.28725,6.781088813
TARA_G100012583,2012-03-09 11:11:00+00:00,36.15,-28.9989,5.0,17.303005,36.229605,232.28725,6.781088813
TARA_G100012642,2012-03-09 11:11:00+00:00,36.15,-28.9989,5.0,17.303005,36.229605,232.28725,6.781088813
TARA_G100012549,2012-03-09 11:11:00+00:00,36.15,-28.9989,5.0,17.303005,36.229605,232.28725,6.781088813
TARA_G100012550,2012-03-09 11:11:00+00:00,36.15,-28.9989,5.0,17.303005,36.229605,232.28725,6.781088813
TARA_G100012557,2012-03-09 11:11:00+00:00,36.15,-28.9989,5.0,17.303005,36.229605,232.28725,6.781088813
TARA_G100012558,2012-03-09 11:11:00+00:00,36.15,-28.9989,5.0,17.303005,36.229605,232.28725,6.781088813
TARA_N000002729,2012-03-09 11:11:00+00:00,36.15,-28.9989,5.0,17.303005,36.229605,232.28725,6.781088813
TARA_N000002730,2012-03-09 11:11:00+00:00,36.15,-28.9989,5.0,17.303005,36.229605,232.28725,6.781088813
TARA_N000002749,2012-03-09 11:11:00+00:00,36.15,-28.9989,5.0,17.303005,36.229605,232.28725,6.781088813
TARA_N000002750,2012-03-09 11:11:00+00:00,36.15,-28.9989,5.0,17.303005,36.229605,232.28725,6.781088813
TARA_G100012638,2012-03-09 11:11:00+00:00,36.15,-28.9989,5.0,17.303005,36.229605,232.28725,6.781088813
TARA_G100012639,2012-03-09 11:11:00+00:00,36.15,-28.9989,5.0,17.303005,36.229605,232.28725,6.781088813
TARA_G100012533,2012-03-09 12:42:00+00:00,36.1399,-28.9689,5.0,17.303005,36.229605,232.28725,6.781088813
TARA_G100012534,2012-03-09 12:42:00+00:00,36.1399,-28.9689,5.0,17.303005,36.229605,232.28725,6.781088813
TARA_G100012521,2012-03-09 12:42:00+00:00,36.1399,-28.9689,5.0,17.303005,36.229605,232.28725,6.781088813
TARA_G100012522,2012-03-09 12:42:00+00:00,36.1399,-28.9689,5.0,17.303005,36.229605,232.28725,6.781088813
TARA_G100012541,2012-03-09 12:42:00+00:00,36.1399,-28.9689,5.0,17.303005,36.229605,232.28725,6.781088813
TARA_G100012542,2012-03-09 12:42:00+00:00,36.1399,-28.9689,5.0,17.303005,36.229605,232.28725,6.781088813
TARA_G100012537,2012-03-09 12:42:00+00:00,36.1399,-28.9689,5.0,17.303005,36.229605,232.28725,6.781088813
TARA_G100012538,2012-03-09 12:42:00+00:00,36.1399,-28.9689,5.0,17.303005,36.229605,232.28725,6.781088813
TARA_G100012517,2012-03-09 12:42:00+00:00,36.1399,-28.9689,5.0,17.303005,36.229605,232.28725,6.781088813
TARA_G100012518,2012-03-09 12:42:00+00:00,36.1399,-28.9689,5.0,17.303005,36.229605,232.28725,6.781088813
TARA_G100012529,2012-03-09 12:42:00+00:00,36.1399,-28.9689,5.0,17.303005,36.229605,232.28725,6.781088813
TARA_G100012530,2012-03-09 12:42:00+00:00,36.1399,-28.9689,5.0,17.303005,36.229605,232.28725,6.781088813
TARA_G100012525,2012-03-09 12:42:00+00:00,36.1399,-28.9689,5.0,17.303005,36.229605,232.28725,6.781088813
TARA_G100012526,2012-03-09 12:42:00+00:00,36.1399,-28.9689,5.0,17.303005,36.229605,232.28725,6.781088813
TARA_N000002725,2012-03-09 12:42:00+00:00,36.1399,-28.9689,5.0,17.303005,36.229605,232.28725,6.781088813
TARA_N000002726,2012-03-09 12:42:00+00:00,36.1399,-28.9689,5.0,17.303005,36.229605,232.28725,6.781088813
TARA_N000002745,2012-03-09 12:42:00+00:00,36.1399,-28.9689,5.0,17.303005,36.229605,232.28725,6.781088813
TARA_N000002746,2012-03-09 12:42:00+00:00,36.1399,-28.9689,5.0,17.303005,36.229605,232.28725,6.781088813
TARA_G000000559,2012-03-09 12:42:00+00:00,36.1399,-28.9689,5.0,17.303005,36.229605,232.28725,6.781088813
TARA_G000000560,2012-03-09 12:42:00+00:00,36.1399,-28.9689,5.0,17.303005,36.229605,232.28725,6.781088813
TARA_G100012618,2012-03-09 16:17:00+00:00,36.1736,-29.003,80.0,16.73703,36.180745,227.7604,6.940453083
TARA_G100012619,2012-03-09 16:17:00+00:00,36.1736,-29.003,80.0,16.73703,36.180745,227.7604,6.940453083
TARA_G100012584,2012-03-09 16:17:00+00:00,36.1736,-29.003,80.0,16.73703,36.180745,227.7604,6.940453083
TARA_G100012643,2012-03-09 16:17:00+00:00,36.1736,-29.003,80.0,16.73703,36.180745,227.7604,6.940453083
TARA_G100012551,2012-03-09 16:17:00+00:00,36.1736,-29.003,80.0,16.73703,36.180745,227.7604,6.940453083
TARA_G100012552,2012-03-09 16:17:00+00:00,36.1736,-29.003,80.0,16.73703,36.180745,227.7604,6.940453083
TARA_G100012630,2012-03-09 16:17:00+00:00,36.1736,-29.003,80.0,16.73703,36.180745,227.7604,6.940453083
TARA_G100012631,2012-03-09 16:17:00+00:00,36.1736,-29.003,80.0,16.73703,36.180745,227.7604,6.940453083
TARA_N000002735,2012-03-09 16:17:00+00:00,36.1736,-29.003,80.0,16.73703,36.180745,227.7604,6.940453083
TARA_N000002736,2012-03-09 16:17:00+00:00,36.1736,-29.003,80.0,16.73703,36.180745,227.7604,6.940453083
TARA_N000002755,2012-03-09 16:17:00+00:00,36.1736,-29.003,80.0,16.73703,36.180745,227.7604,6.940453083
TARA_N000002756,2012-03-09 16:17:00+00:00,36.1736,-29.003,80.0,16.73703,36.180745,227.7604,6.940453083
TARA_G100012626,2012-03-09 16:17:00+00:00,36.1736,-29.003,80.0,16.73703,36.180745,227.7604,6.940453083
TARA_G100012627,2012-03-09 16:17:00+00:00,36.1736,-29.003,80.0,16.73703,36.180745,227.7604,6.940453083
TARA_G100012547,2012-03-09 17:05:00+00:00,36.1765,-28.9694,80.0,16.73703,36.180745,227.7604,6.940453083
TARA_G100012548,2012-03-09 17:05:00+00:00,36.1765,-28.9694,80.0,16.73703,36.180745,227.7604,6.940453083
TARA_G100012633,2012-03-09 17:05:00+00:00,36.1765,-28.9694,80.0,16.73703,36.180745,227.7604,6.940453083
TARA_G100012622,2012-03-09 17:05:00+00:00,36.1765,-28.9694,80.0,16.73703,36.180745,227.7604,6.940453083
TARA_G100012623,2012-03-09 17:05:00+00:00,36.1765,-28.9694,80.0,16.73703,36.180745,227.7604,6.940453083
TARA_G100012559,2012-03-09 17:05:00+00:00,36.1765,-28.9694,80.0,16.73703,36.180745,227.7604,6.940453083
TARA_G100012560,2012-03-09 17:05:00+00:00,36.1765,-28.9694,80.0,16.73703,36.180745,227.7604,6.940453083
TARA_N000002731,2012-03-09 17:05:00+00:00,36.1765,-28.9694,80.0,16.73703,36.180745,227.7604,6.940453083
TARA_N000002732,2012-03-09 17:05:00+00:00,36.1765,-28.9694,80.0,16.73703,36.180745,227.7604,6.940453083
TARA_N000002751,2012-03-09 17:05:00+00:00,36.1765,-28.9694,80.0,16.73703,36.180745,227.7604,6.940453083
TARA_N000002752,2012-03-09 17:05:00+00:00,36.1765,-28.9694,80.0,16.73703,36.180745,227.7604,6.940453083
TARA_G100012640,2012-03-09 17:05:00+00:00,36.1765,-28.9694,80.0,16.73703,36.180745,227.7604,6.940453083
TARA_G100012641,2012-03-09 17:05:00+00:00,36.1765,-28.9694,80.0,16.73703,36.180745,227.7604,6.940453083
TARA_B000003334,2012-03-09 17:42:00+00:00,36.1811,-28.9373,80.0,16.74703,36.182395,228.11655,6.940453083
TARA_B000003335,2012-03-09 17:42:00+00:00,36.1811,-28.9373,80.0,16.74703,36.182395,228.11655,6.940453083
TARA_B000003336,2012-03-09 17:42:00+00:00,36.1811,-28.9373,80.0,16.74703,36.182395,228.11655,6.940453083
TARA_Y100000640,2012-03-09 17:42:00+00:00,36.1811,-28.9373,80.0,16.74703,36.182395,228.11655,6.940453083
TARA_Y100000641,2012-03-09 17:42:00+00:00,36.1811,-28.9373,80.0,16.74703,36.182395,228.11655,6.940453083
TARA_Y000000463,2012-03-09 17:42:00+00:00,36.1811,-28.9373,80.0,16.74703,36.182395,228.11655,6.940453083
TARA_Y000000464,2012-03-09 17:42:00+00:00,36.1811,-28.9373,80.0,16.74703,36.182395,228.11655,6.940453083
TARA_R100001934,2012-03-09 17:42:00+00:00,36.1811,-28.9373,80.0,16.74703,36.182395,228.11655,6.940453083
TARA_R100001935,2012-03-09 17:42:00+00:00,36.1811,-28.9373,80.0,16.74703,36.182395,228.11655,6.940453083
TARA_R000002132,2012-03-09 17:42:00+00:00,36.1811,-28.9373,80.0,16.74703,36.182395,228.11655,6.940453083
TARA_R000002136,2012-03-09 17:42:00+00:00,36.1811,-28.9373,80.0,16.74703,36.182395,228.11655,6.940453083
TARA_R000002137,2012-03-09 17:42:00+00:00,36.1811,-28.9373,80.0,16.74703,36.182395,228.11655,6.940453083
TARA_G100012515,2012-03-09 17:42:00+00:00,36.1811,-28.9373,80.0,16.74703,36.182395,228.11655,6.940453083
TARA_G100012516,2012-03-09 17:42:00+00:00,36.1811,-28.9373,80.0,16.74703,36.182395,228.11655,6.940453083
TARA_B000003330,2012-03-09 17:42:00+00:00,36.1811,-28.9373,80.0,16.74703,36.182395,228.11655,6.940453083
TARA_B000003331,2012-03-09 17:42:00+00:00,36.1811,-28.9373,80.0,16.74703,36.182395,228.11655,6.940453083
TARA_B000003332,2012-03-09 17:42:00+00:00,36.1811,-28.9373,80.0,16.74703,36.182395,228.11655,6.940453083
TARA_B000003333,2012-03-09 17:42:00+00:00,36.1811,-28.9373,80.0,16.74703,36.182395,228.11655,6.940453083
TARA_R000002133,2012-03-09 17:42:00+00:00,36.1811,-28.9373,80.0,16.74703,36.182395,228.11655,6.940453083
TARA_R000002134,2012-03-09 17:42:00+00:00,36.1811,-28.9373,80.0,16.74703,36.182395,228.11655,6.940453083
TARA_R000002135,2012-03-09 17:42:00+00:00,36.1811,-28.9373,80.0,16.74703,36.182395,228.11655,6.940453083
TARA_R000002130,2012-03-09 17:42:00+00:00,36.1811,-28.9373,80.0,16.74703,36.182395,228.11655,6.940453083
TARA_R000002131,2012-03-09 17:42:00+00:00,36.1811,-28.9373,80.0,16.74703,36.182395,228.11655,6.940453083
TARA_G000000556,2012-03-09 17:42:00+00:00,36.1811,-28.9373,80.0,16.74703,36.182395,228.11655,6.940453083
TARA_G000000557,2012-03-09 17:42:00+00:00,36.1811,-28.9373,80.0,16.74703,36.182395,228.11655,6.940453083
TARA_G000000558,2012-03-09 17:42:00+00:00,36.1811,-28.9373,80.0,16.74703,36.182395,228.11655,6.940453083
TARA_B100001561,2012-03-09 17:42:00+00:00,36.1811,-28.9373,80.0,16.74703,36.182395,228.11655,6.940453083
TARA_B100001562,2012-03-09 17:42:00+00:00,36.1811,-28.9373,80.0,16.74703,36.182395,228.11655,6.940453083
TARA_B100001563,2012-03-09 17:42:00+00:00,36.1811,-28.9373,80.0,16.74703,36.182395,228.11655,6.940453083
TARA_R100001939,2012-03-09 17:42:00+00:00,36.1811,-28.9373,80.0,16.74703,36.182395,228.11655,6.940453083
TARA_R100001940,2012-03-09 17:42:00+00:00,36.1811,-28.9373,80.0,16.74703,36.182395,228.11655,6.940453083
TARA_R100001941,2012-03-09 17:42:00+00:00,36.1811,-28.9373,80.0,16.74703,36.182395,228.11655,6.940453083
TARA_G100012511,2012-03-09 17:42:00+00:00,36.1811,-28.9373,80.0,16.74703,36.182395,228.11655,6.940453083
TARA_G100012512,2012-03-09 17:42:00+00:00,36.1811,-28.9373,80.0,16.74703,36.182395,228.11655,6.940453083
TARA_R000002127,2012-03-09 17:42:00+00:00,36.1811,-28.9373,80.0,16.74703,36.182395,228.11655,6.940453083
TARA_R000002128,2012-03-09 17:42:00+00:00,36.1811,-28.9373,80.0,16.74703,36.182395,228.11655,6.940453083
TARA_R000002129,2012-03-09 17:42:00+00:00,36.1811,-28.9373,80.0,16.74703,36.182395,228.11655,6.940453083
TARA_R100001937,2012-03-09 17:42:00+00:00,36.1811,-28.9373,80.0,16.74703,36.182395,228.11655,6.940453083
TARA_R100001938,2012-03-09 17:42:00+00:00,36.1811,-28.9373,80.0,16.74703,36.182395,228.11655,6.940453083
TARA_G100012503,2012-03-09 17:42:00+00:00,36.1811,-28.9373,80.0,16.74703,36.182395,228.11655,6.940453083
TARA_G100012504,2012-03-09 17:42:00+00:00,36.1811,-28.9373,80.0,16.74703,36.182395,228.11655,6.940453083
TARA_B100001559,2012-03-09 17:42:00+00:00,36.1811,-28.9373,80.0,16.74703,36.182395,228.11655,6.940453083
TARA_B100001560,2012-03-09 17:42:00+00:00,36.1811,-28.9373,80.0,16.74703,36.182395,228.11655,6.940453083
TARA_B000003328,2012-03-09 17:42:00+00:00,36.1811,-28.9373,80.0,16.74703,36.182395,228.11655,6.940453083
TARA_B000003329,2012-03-09 17:42:00+00:00,36.1811,-28.9373,80.0,16.74703,36.182395,228.11655,6.940453083
TARA_N000002739,2012-03-09 17:42:00+00:00,36.1811,-28.9373,80.0,16.74703,36.182395,228.11655,6.940453083
TARA_N000002740,2012-03-09 17:42:00+00:00,36.1811,-28.9373,80.0,16.74703,36.182395,228.11655,6.940453083
TARA_N000002723,2012-03-09 17:42:00+00:00,36.1811,-28.9373,80.0,16.74703,36.182395,228.11655,6.940453083
TARA_N000002724,2012-03-09 17:42:00+00:00,36.1811,-28.9373,80.0,16.74703,36.182395,228.11655,6.940453083
TARA_B000003326,2012-03-09 17:42:00+00:00,36.1811,-28.9373,80.0,16.74703,36.182395,228.11655,6.940453083
TARA_B000003327,2012-03-09 17:42:00+00:00,36.1811,-28.9373,80.0,16.74703,36.182395,228.11655,6.940453083
TARA_B100001557,2012-03-09 17:42:00+00:00,36.1811,-28.9373,80.0,16.74703,36.182395,228.11655,6.940453083
TARA_B100001558,2012-03-09 17:42:00+00:00,36.1811,-28.9373,80.0,16.74703,36.182395,228.11655,6.940453083
TARA_Y100000639,2012-03-09 17:42:00+00:00,36.1811,-28.9373,80.0,16.74703,36.182395,228.11655,6.940453083
TARA_Y100000638,2012-03-09 17:42:00+00:00,36.1811,-28.9373,80.0,16.74703,36.182395,228.11655,6.940453083
TARA_Y100000637,2012-03-09 17:42:00+00:00,36.1811,-28.9373,80.0,16.74703,36.182395,228.11655,6.940453083
TARA_R100001936,2012-03-09 17:42:00+00:00,36.1811,-28.9373,80.0,16.74703,36.182395,228.11655,6.940453083
TARA_G000000551,2012-03-09 17:42:00+00:00,36.1811,-28.9373,80.0,16.74703,36.182395,228.11655,6.940453083
TARA_G000000552,2012-03-09 17:42:00+00:00,36.1811,-28.9373,80.0,16.74703,36.182395,228.11655,6.940453083
TARA_B000003301,2012-03-19 08:18:00+00:00,43.6792,-16.8344,5.0,14.31675,35.99167,242.8405,6.821128944
TARA_B000003302,2012-03-19 08:18:00+00:00,43.6792,-16.8344,5.0,14.31675,35.99167,242.8405,6.821128944
TARA_B000003303,2012-03-19 08:18:00+00:00,43.6792,-16.8344,5.0,14.31675,35.99167,242.8405,6.821128944
TARA_Y100000662,2012-03-19 08:18:00+00:00,43.6792,-16.8344,5.0,14.31675,35.99167,242.8405,6.821128944
TARA_Y100000663,2012-03-19 08:18:00+00:00,43.6792,-16.8344,5.0,14.31675,35.99167,242.8405,6.821128944
TARA_Y000000388,2012-03-19 08:18:00+00:00,43.6792,-16.8344,5.0,14.31675,35.99167,242.8405,6.821128944
TARA_Y000000389,2012-03-19 08:18:00+00:00,43.6792,-16.8344,5.0,14.31675,35.99167,242.8405,6.821128944
TARA_R100001951,2012-03-19 08:18:00+00:00,43.6792,-16.8344,5.0,14.31675,35.99167,242.8405,6.821128944
TARA_R100001952,2012-03-19 08:18:00+00:00,43.6792,-16.8344,5.0,14.31675,35.99167,242.8405,6.821128944
TARA_R000002078,2012-03-19 08:18:00+00:00,43.6792,-16.8344,5.0,14.31675,35.99167,242.8405,6.821128944
TARA_R000002079,2012-03-19 08:18:00+00:00,43.6792,-16.8344,5.0,14.31675,35.99167,242.8405,6.821128944
TARA_R000002080,2012-03-19 08:18:00+00:00,43.6792,-16.8344,5.0,14.31675,35.99167,242.8405,6.821128944
TARA_G100012573,2012-03-19 08:18:00+00:00,43.6792,-16.8344,5.0,14.31675,35.99167,242.8405,6.821128944
TARA_G100012574,2012-03-19 08:18:00+00:00,43.6792,-16.8344,5.0,14.31675,35.99167,242.8405,6.821128944
TARA_G100012435,2012-03-19 08:18:00+00:00,43.6792,-16.8344,5.0,14.31675,35.99167,242.8405,6.821128944
TARA_G100012436,2012-03-19 08:18:00+00:00,43.6792,-16.8344,5.0,14.31675,35.99167,242.8405,6.821128944
TARA_G100012565,2012-03-19 08:18:00+00:00,43.6792,-16.8344,5.0,14.31675,35.99167,242.8405,6.821128944
TARA_G100012566,2012-03-19 08:18:00+00:00,43.6792,-16.8344,5.0,14.31675,35.99167,242.8405,6.821128944
TARA_B000003293,2012-03-19 08:18:00+00:00,43.6792,-16.8344,5.0,14.31675,35.99167,242.8405,6.821128944
TARA_B000003294,2012-03-19 08:18:00+00:00,43.6792,-16.8344,5.0,14.31675,35.99167,242.8405,6.821128944
TARA_B000003295,2012-03-19 08:18:00+00:00,43.6792,-16.8344,5.0,14.31675,35.99167,242.8405,6.821128944
TARA_B000003296,2012-03-19 08:18:00+00:00,43.6792,-16.8344,5.0,14.31675,35.99167,242.8405,6.821128944
TARA_R000002072,2012-03-19 08:18:00+00:00,43.6792,-16.8344,5.0,14.31675,35.99167,242.8405,6.821128944
TARA_R000002073,2012-03-19 08:18:00+00:00,43.6792,-16.8344,5.0,14.31675,35.99167,242.8405,6.821128944
TARA_R000002074,2012-03-19 08:18:00+00:00,43.6792,-16.8344,5.0,14.31675,35.99167,242.8405,6.821128944
TARA_R000002068,2012-03-19 08:18:00+00:00,43.6792,-16.8344,5.0,14.31675,35.99167,242.8405,6.821128944
TARA_R000002069,2012-03-19 08:18:00+00:00,43.6792,-16.8344,5.0,14.31675,35.99167,242.8405,6.821128944
TARA_G000000567,2012-03-19 08:18:00+00:00,43.6792,-16.8344,5.0,14.31675,35.99167,242.8405,6.821128944
TARA_G000000568,2012-03-19 08:18:00+00:00,43.6792,-16.8344,5.0,14.31675,35.99167,242.8405,6.821128944
TARA_G000000569,2012-03-19 08:18:00+00:00,43.6792,-16.8344,5.0,14.31675,35.99167,242.8405,6.821128944
TARA_G100012439,2012-03-19 08:18:00+00:00,43.6792,-16.8344,5.0,14.31675,35.99167,242.8405,6.821128944
TARA_G100012440,2012-03-19 08:18:00+00:00,43.6792,-16.8344,5.0,14.31675,35.99167,242.8405,6.821128944
TARA_B100002043,2012-03-19 08:18:00+00:00,43.6792,-16.8344,5.0,14.31675,35.99167,242.8405,6.821128944
TARA_B100002044,2012-03-19 08:18:00+00:00,43.6792,-16.8344,5.0,14.31675,35.99167,242.8405,6.821128944
TARA_B100002045,2012-03-19 08:18:00+00:00,43.6792,-16.8344,5.0,14.31675,35.99167,242.8405,6.821128944
TARA_R100001961,2012-03-19 08:18:00+00:00,43.6792,-16.8344,5.0,14.31675,35.99167,242.8405,6.821128944
TARA_R100001962,2012-03-19 08:18:00+00:00,43.6792,-16.8344,5.0,14.31675,35.99167,242.8405,6.821128944
TARA_R100001963,2012-03-19 08:18:00+00:00,43.6792,-16.8344,5.0,14.31675,35.99167,242.8405,6.821128944
TARA_G100012569,2012-03-19 08:18:00+00:00,43.6792,-16.8344,5.0,14.31675,35.99167,242.8405,6.821128944
TARA_G100012570,2012-03-19 08:18:00+00:00,43.6792,-16.8344,5.0,14.31675,35.99167,242.8405,6.821128944
TARA_G100012447,2012-03-19 08:18:00+00:00,43.6792,-16.8344,5.0,14.31675,35.99167,242.8405,6.821128944
TARA_G100012448,2012-03-19 08:18:00+00:00,43.6792,-16.8344,5.0,14.31675,35.99167,242.8405,6.821128944
TARA_R000002062,2012-03-19 08:18:00+00:00,43.6792,-16.8344,5.0,14.31675,35.99167,242.8405,6.821128944
TARA_R000002063,2012-03-19 08:18:00+00:00,43.6792,-16.8344,5.0,14.31675,35.99167,242.8405,6.821128944
TARA_R000002064,2012-03-19 08:18:00+00:00,43.6792,-16.8344,5.0,14.31675,35.99167,242.8405,6.821128944
TARA_R100001957,2012-03-19 08:18:00+00:00,43.6792,-16.8344,5.0,14.31675,35.99167,242.8405,6.821128944
TARA_R100001958,2012-03-19 08:18:00+00:00,43.6792,-16.8344,5.0,14.31675,35.99167,242.8405,6.821128944
TARA_G100012561,2012-03-19 08:18:00+00:00,43.6792,-16.8344,5.0,14.31675,35.99167,242.8405,6.821128944
TARA_G100012562,2012-03-19 08:18:00+00:00,43.6792,-16.8344,5.0,14.31675,35.99167,242.8405,6.821128944
TARA_B100001173,2012-03-19 08:18:00+00:00,43.6792,-16.8344,5.0,14.31675,35.99167,242.8405,6.821128944
TARA_B100001174,2012-03-19 08:18:00+00:00,43.6792,-16.8344,5.0,14.31675,35.99167,242.8405,6.821128944
TARA_B000003275,2012-03-19 08:18:00+00:00,43.6792,-16.8344,5.0,14.31675,35.99167,242.8405,6.821128944
TARA_B000003276,2012-03-19 08:18:00+00:00,43.6792,-16.8344,5.0,14.31675,35.99167,242.8405,6.821128944
TARA_N000002773,2012-03-19 08:18:00+00:00,43.6792,-16.8344,5.0,14.31675,35.99167,242.8405,6.821128944
TARA_N000002774,2012-03-19 08:18:00+00:00,43.6792,-16.8344,5.0,14.31675,35.99167,242.8405,6.821128944
TARA_N000002757,2012-03-19 08:18:00+00:00,43.6792,-16.8344,5.0,14.31675,35.99167,242.8405,6.821128944
TARA_N000002758,2012-03-19 08:18:00+00:00,43.6792,-16.8344,5.0,14.31675,35.99167,242.8405,6.821128944
TARA_N000002789,2012-03-19 08:18:00+00:00,43.6792,-16.8344,5.0,14.31675,35.99167,242.8405,6.821128944
TARA_N000002790,2012-03-19 08:18:00+00:00,43.6792,-16.8344,5.0,14.31675,35.99167,242.8405,6.821128944
TARA_B000003273,2012-03-19 08:18:00+00:00,43.6792,-16.8344,5.0,14.31675,35.99167,242.8405,6.821128944
TARA_B000003274,2012-03-19 08:18:00+00:00,43.6792,-16.8344,5.0,14.31675,35.99167,242.8405,6.821128944
TARA_B100001297,2012-03-19 08:18:00+00:00,43.6792,-16.8344,5.0,14.31675,35.99167,242.8405,6.821128944
TARA_B100001298,2012-03-19 08:18:00+00:00,43.6792,-16.8344,5.0,14.31675,35.99167,242.8405,6.821128944
TARA_Y100000655,2012-03-19 08:18:00+00:00,43.6792,-16.8344,5.0,14.31675,35.99167,242.8405,6.821128944
TARA_Y100000651,2012-03-19 08:18:00+00:00,43.6792,-16.8344,5.0,14.31675,35.99167,242.8405,6.821128944
TARA_Y100000647,2012-03-19 08:18:00+00:00,43.6792,-16.8344,5.0,14.31675,35.99167,242.8405,6.821128944
TARA_R100001955,2012-03-19 08:18:00+00:00,43.6792,-16.8344,5.0,14.31675,35.99167,242.8405,6.821128944
TARA_G100012443,2012-03-19 08:18:00+00:00,43.6792,-16.8344,5.0,14.31675,35.99167,242.8405,6.821128944
TARA_G100012444,2012-03-19 08:18:00+00:00,43.6792,-16.8344,5.0,14.31675,35.99167,242.8405,6.821128944
TARA_G000000563,2012-03-19 08:18:00+00:00,43.6792,-16.8344,5.0,14.31675,35.99167,242.8405,6.821128944
TARA_G000000564,2012-03-19 08:18:00+00:00,43.6792,-16.8344,5.0,14.31675,35.99167,242.8405,6.821128944
TARA_P100002116,2012-03-19 09:09:00+00:00,43.6825,-16.8412,5.0,14.31675,35.99167,242.8405,6.821128944
TARA_G100012433,2012-03-19 09:09:00+00:00,43.6825,-16.8412,5.0,14.31675,35.99167,242.8405,6.821128944
TARA_N000002769,2012-03-19 09:09:00+00:00,43.6825,-16.8412,5.0,14.31675,35.99167,242.8405,6.821128944
TARA_N000002770,2012-03-19 09:09:00+00:00,43.6825,-16.8412,5.0,14.31675,35.99167,242.8405,6.821128944
TARA_N000002777,2012-03-19 09:09:00+00:00,43.6825,-16.8412,5.0,14.31675,35.99167,242.8405,6.821128944
TARA_N000002778,2012-03-19 09:09:00+00:00,43.6825,-16.8412,5.0,14.31675,35.99167,242.8405,6.821128944
TARA_G100012497,2012-03-19 09:58:00+00:00,43.6858,-16.8474,5.0,14.31675,35.99167,242.8405,6.821128944
TARA_G100012498,2012-03-19 09:58:00+00:00,43.6858,-16.8474,5.0,14.31675,35.99167,242.8405,6.821128944
TARA_G100012581,2012-03-19 09:58:00+00:00,43.6858,-16.8474,5.0,14.31675,35.99167,242.8405,6.821128944
TARA_G100012582,2012-03-19 09:58:00+00:00,43.6858,-16.8474,5.0,14.31675,35.99167,242.8405,6.821128944
TARA_G100012481,2012-03-19 09:58:00+00:00,43.6858,-16.8474,5.0,14.31675,35.99167,242.8405,6.821128944
TARA_G100012482,2012-03-19 09:58:00+00:00,43.6858,-16.8474,5.0,14.31675,35.99167,242.8405,6.821128944
TARA_G100012477,2012-03-19 09:58:00+00:00,43.6858,-16.8474,5.0,14.31675,35.99167,242.8405,6.821128944
TARA_G100012478,2012-03-19 09:58:00+00:00,43.6858,-16.8474,5.0,14.31675,35.99167,242.8405,6.821128944
TARA_G100012577,2012-03-19 09:58:00+00:00,43.6858,-16.8474,5.0,14.31675,35.99167,242.8405,6.821128944
TARA_G100012578,2012-03-19 09:58:00+00:00,43.6858,-16.8474,5.0,14.31675,35.99167,242.8405,6.821128944
TARA_G100012493,2012-03-19 09:58:00+00:00,43.6858,-16.8474,5.0,14.31675,35.99167,242.8405,6.821128944
TARA_G100012494,2012-03-19 09:58:00+00:00,43.6858,-16.8474,5.0,14.31675,35.99167,242.8405,6.821128944
TARA_G100012489,2012-03-19 09:58:00+00:00,43.6858,-16.8474,5.0,14.31675,35.99167,242.8405,6.821128944
TARA_G100012490,2012-03-19 09:58:00+00:00,43.6858,-16.8474,5.0,14.31675,35.99167,242.8405,6.821128944
TARA_N000002761,2012-03-19 09:58:00+00:00,43.6858,-16.8474,5.0,14.31675,35.99167,242.8405,6.821128944
TARA_N000002762,2012-03-19 09:58:00+00:00,43.6858,-16.8474,5.0,14.31675,35.99167,242.8405,6.821128944
TARA_N000002785,2012-03-19 09:58:00+00:00,43.6858,-16.8474,5.0,14.31675,35.99167,242.8405,6.821128944
TARA_N000002786,2012-03-19 09:58:00+00:00,43.6858,-16.8474,5.0,14.31675,35.99167,242.8405,6.821128944
TARA_G000000573,2012-03-19 09:58:00+00:00,43.6858,-16.8474,5.0,14.31675,35.99167,242.8405,6.821128944
TARA_G000000574,2012-03-19 09:58:00+00:00,43.6858,-16.8474,5.0,14.31675,35.99167,242.8405,6.821128944
TARA_P100002113,2012-03-19 11:20:00+00:00,43.6904,-16.8544,5.0,14.31675,35.99167,242.8405,6.821128944
TARA_G100012461,2012-03-19 11:20:00+00:00,43.6904,-16.8544,5.0,14.31675,35.99167,242.8405,6.821128944
TARA_G100012462,2012-03-19 11:20:00+00:00,43.6904,-16.8544,5.0,14.31675,35.99167,242.8405,6.821128944
TARA_G100012469,2012-03-19 11:20:00+00:00,43.6904,-16.8544,5.0,14.31675,35.99167,242.8405,6.821128944
TARA_G100012470,2012-03-19 11:20:00+00:00,43.6904,-16.8544,5.0,14.31675,35.99167,242.8405,6.821128944
TARA_G100012451,2012-03-19 11:20:00+00:00,43.6904,-16.8544,5.0,14.31675,35.99167,242.8405,6.821128944
TARA_G100012452,2012-03-19 11:20:00+00:00,43.6904,-16.8544,5.0,14.31675,35.99167,242.8405,6.821128944
TARA_G100012459,2012-03-19 11:20:00+00:00,43.6904,-16.8544,5.0,14.31675,35.99167,242.8405,6.821128944
TARA_G100012485,2012-03-19 11:20:00+00:00,43.6904,-16.8544,5.0,14.31675,35.99167,242.8405,6.821128944
TARA_G100012465,2012-03-19 11:20:00+00:00,43.6904,-16.8544,5.0,14.31675,35.99167,242.8405,6.821128944
TARA_G100012466,2012-03-19 11:20:00+00:00,43.6904,-16.8544,5.0,14.31675,35.99167,242.8405,6.821128944
TARA_G100012473,2012-03-19 11:20:00+00:00,43.6904,-16.8544,5.0,14.31675,35.99167,242.8405,6.821128944
TARA_G100012474,2012-03-19 11:20:00+00:00,43.6904,-16.8544,5.0,14.31675,35.99167,242.8405,6.821128944
TARA_N000002765,2012-03-19 11:20:00+00:00,43.6904,-16.8544,5.0,14.31675,35.99167,242.8405,6.821128944
TARA_N000002766,2012-03-19 11:20:00+00:00,43.6904,-16.8544,5.0,14.31675,35.99167,242.8405,6.821128944
TARA_N000002781,2012-03-19 11:20:00+00:00,43.6904,-16.8544,5.0,14.31675,35.99167,242.8405,6.821128944
TARA_N000002782,2012-03-19 11:20:00+00:00,43.6904,-16.8544,5.0,14.31675,35.99167,242.8405,6.821128944
TARA_G100012455,2012-03-19 11:20:00+00:00,43.6904,-16.8544,5.0,14.31675,35.99167,242.8405,6.821128944
TARA_G100012456,2012-03-19 11:20:00+00:00,43.6904,-16.8544,5.0,14.31675,35.99167,242.8405,6.821128944
TARA_B000003289,2012-03-19 14:59:00+00:00,43.7182,-16.8714,800.0,10.167675,35.570583,174.851333,6.774179828
TARA_B000003290,2012-03-19 14:59:00+00:00,43.7182,-16.8714,800.0,10.167675,35.570583,174.851333,6.774179828
TARA_B000003291,2012-03-19 14:59:00+00:00,43.7182,-16.8714,800.0,10.167675,35.570583,174.851333,6.774179828
TARA_B000003292,2012-03-19 14:59:00+00:00,43.7182,-16.8714,800.0,10.167675,35.570583,174.851333,6.774179828
TARA_Y100000666,2012-03-19 14:59:00+00:00,43.7182,-16.8714,800.0,10.167675,35.570583,174.851333,6.774179828
TARA_Y100001187,2012-03-19 14:59:00+00:00,43.7182,-16.8714,800.0,10.167675,35.570583,174.851333,6.774179828
TARA_Y000000392,2012-03-19 14:59:00+00:00,43.7182,-16.8714,800.0,10.167675,35.570583,174.851333,6.774179828
TARA_Y000000393,2012-03-19 14:59:00+00:00,43.7182,-16.8714,800.0,10.167675,35.570583,174.851333,6.774179828
TARA_R100001942,2012-03-19 14:59:00+00:00,43.7182,-16.8714,800.0,10.167675,35.570583,174.851333,6.774179828
TARA_R100001943,2012-03-19 14:59:00+00:00,43.7182,-16.8714,800.0,10.167675,35.570583,174.851333,6.774179828
TARA_R000002092,2012-03-19 14:59:00+00:00,43.7182,-16.8714,800.0,10.167675,35.570583,174.851333,6.774179828
TARA_R000002093,2012-03-19 14:59:00+00:00,43.7182,-16.8714,800.0,10.167675,35.570583,174.851333,6.774179828
TARA_R000002094,2012-03-19 14:59:00+00:00,43.7182,-16.8714,800.0,10.167675,35.570583,174.851333,6.774179828
TARA_G100012423,2012-03-19 14:59:00+00:00,43.7182,-16.8714,800.0,10.167675,35.570583,174.851333,6.774179828
TARA_G100012424,2012-03-19 14:59:00+00:00,43.7182,-16.8714,800.0,10.167675,35.570583,174.851333,6.774179828
TARA_G100012431,2012-03-19 14:59:00+00:00,43.7182,-16.8714,800.0,10.167675,35.570583,174.851333,6.774179828
TARA_G100012432,2012-03-19 14:59:00+00:00,43.7182,-16.8714,800.0,10.167675,35.570583,174.851333,6.774179828
TARA_B000003285,2012-03-19 14:59:00+00:00,43.7182,-16.8714,800.0,10.167675,35.570583,174.851333,6.774179828
TARA_B000003286,2012-03-19 14:59:00+00:00,43.7182,-16.8714,800.0,10.167675,35.570583,174.851333,6.774179828
TARA_B000003287,2012-03-19 14:59:00+00:00,43.7182,-16.8714,800.0,10.167675,35.570583,174.851333,6.774179828
TARA_B000003288,2012-03-19 14:59:00+00:00,43.7182,-16.8714,800.0,10.167675,35.570583,174.851333,6.774179828
TARA_R000002089,2012-03-19 14:59:00+00:00,43.7182,-16.8714,800.0,10.167675,35.570583,174.851333,6.774179828
TARA_R000002090,2012-03-19 14:59:00+00:00,43.7182,-16.8714,800.0,10.167675,35.570583,174.851333,6.774179828
TARA_R000002091,2012-03-19 14:59:00+00:00,43.7182,-16.8714,800.0,10.167675,35.570583,174.851333,6.774179828
TARA_R000002087,2012-03-19 14:59:00+00:00,43.7182,-16.8714,800.0,10.167675,35.570583,174.851333,6.774179828
TARA_R000002088,2012-03-19 14:59:00+00:00,43.7182,-16.8714,800.0,10.167675,35.570583,174.851333,6.774179828
TARA_G000000579,2012-03-19 14:59:00+00:00,43.7182,-16.8714,800.0,10.167675,35.570583,174.851333,6.774179828
TARA_G000000580,2012-03-19 14:59:00+00:00,43.7182,-16.8714,800.0,10.167675,35.570583,174.851333,6.774179828
TARA_G000000581,2012-03-19 14:59:00+00:00,43.7182,-16.8714,800.0,10.167675,35.570583,174.851333,6.774179828
TARA_G100012429,2012-03-19 14:59:00+00:00,43.7182,-16.8714,800.0,10.167675,35.570583,174.851333,6.774179828
TARA_G100012430,2012-03-19 14:59:00+00:00,43.7182,-16.8714,800.0,10.167675,35.570583,174.851333,6.774179828
TARA_G100012422,2012-03-19 14:59:00+00:00,43.7182,-16.8714,800.0,10.167675,35.570583,174.851333,6.774179828
TARA_G100012425,2012-03-19 14:59:00+00:00,43.7182,-16.8714,800.0,10.167675,35.570583,174.851333,6.774179828
TARA_G100012426,2012-03-19 14:59:00+00:00,43.7182,-16.8714,800.0,10.167675,35.570583,174.851333,6.774179828
TARA_B100002027,2012-03-19 14:59:00+00:00,43.7182,-16.8714,800.0,10.167675,35.570583,174.851333,6.774179828
TARA_B100002028,2012-03-19 14:59:00+00:00,43.7182,-16.8714,800.0,10.167675,35.570583,174.851333,6.774179828
TARA_B100002030,2012-03-19 14:59:00+00:00,43.7182,-16.8714,800.0,10.167675,35.570583,174.851333,6.774179828
TARA_R100001949,2012-03-19 14:59:00+00:00,43.7182,-16.8714,800.0,10.167675,35.570583,174.851333,6.774179828
TARA_R100001950,2012-03-19 14:59:00+00:00,43.7182,-16.8714,800.0,10.167675,35.570583,174.851333,6.774179828
TARA_G100012427,2012-03-19 14:59:00+00:00,43.7182,-16.8714,800.0,10.167675,35.570583,174.851333,6.774179828
TARA_G100012428,2012-03-19 14:59:00+00:00,43.7182,-16.8714,800.0,10.167675,35.570583,174.851333,6.774179828
TARA_R000002084,2012-03-19 14:59:00+00:00,43.7182,-16.8714,800.0,10.167675,35.570583,174.851333,6.774179828
TARA_R000002085,2012-03-19 14:59:00+00:00,43.7182,-16.8714,800.0,10.167675,35.570583,174.851333,6.774179828
TARA_R000002086,2012-03-19 14:59:00+00:00,43.7182,-16.8714,800.0,10.167675,35.570583,174.851333,6.774179828
TARA_R100001947,2012-03-19 14:59:00+00:00,43.7182,-16.8714,800.0,10.167675,35.570583,174.851333,6.774179828
TARA_R100001948,2012-03-19 14:59:00+00:00,43.7182,-16.8714,800.0,10.167675,35.570583,174.851333,6.774179828
TARA_B100001179,2012-03-19 14:59:00+00:00,43.7182,-16.8714,800.0,10.167675,35.570583,174.851333,6.774179828
TARA_B000003283,2012-03-19 14:59:00+00:00,43.7182,-16.8714,800.0,10.167675,35.570583,174.851333,6.774179828
TARA_N000002794,2012-03-19 14:59:00+00:00,43.7182,-16.8714,800.0,10.167675,35.570583,174.851333,6.774179828
TARA_N000002796,2012-03-19 14:59:00+00:00,43.7182,-16.8714,800.0,10.167675,35.570583,174.851333,6.774179828
TARA_N000002793,2012-03-19 14:59:00+00:00,43.7182,-16.8714,800.0,10.167675,35.570583,174.851333,6.774179828
TARA_N000002795,2012-03-19 14:59:00+00:00,43.7182,-16.8714,800.0,10.167675,35.570583,174.851333,6.774179828
TARA_B000003281,2012-03-19 14:59:00+00:00,43.7182,-16.8714,800.0,10.167675,35.570583,174.851333,6.774179828
TARA_B100001177,2012-03-19 14:59:00+00:00,43.7182,-16.8714,800.0,10.167675,35.570583,174.851333,6.774179828
TARA_Y100000661,2012-03-19 14:59:00+00:00,43.7182,-16.8714,800.0,10.167675,35.570583,174.851333,6.774179828
TARA_Y100000659,2012-03-19 14:59:00+00:00,43.7182,-16.8714,800.0,10.167675,35.570583,174.851333,6.774179828
TARA_Y100000657,2012-03-19 14:59:00+00:00,43.7182,-16.8714,800.0,10.167675,35.570583,174.851333,6.774179828
TARA_R100001944,2012-03-19 14:59:00+00:00,43.7182,-16.8714,800.0,10.167675,35.570583,174.851333,6.774179828
